# WiseModel 0.0.1
GLOBAL_TRANSFORM:
1.00000 0.00000 0.00000 0.00000
0.00000 1.00000 0.00000 0.00000
0.00000 0.00000 1.00000 0.00000
0.00000 0.00000 0.00000 1.00000


SKELETON_DATA ####################################

BONECOUNT: 41
BONE_NAME: pelvis
PARENT_INDEX: -1
OFFSET_MATRIX:
-1.00000 -0.00000 0.00000 -0.00000
0.00000 0.00000 1.00000 -0.00000
-0.00000 1.00000 0.00000 -0.00000
-0.00000 0.02564 -0.89046 1.00000

BONE_NAME: thigh_l
PARENT_INDEX: 0
OFFSET_MATRIX:
-0.99064 0.00291 0.13647 -0.00000
-0.13625 -0.08194 -0.98728 0.00000
0.00831 -0.99663 0.08157 -0.00000
0.21752 0.02272 0.90316 1.00000

BONE_NAME: calf_l
PARENT_INDEX: 1
OFFSET_MATRIX:
-0.99702 -0.00302 0.07709 -0.00000
-0.07695 0.11011 -0.99094 0.00000
-0.00549 -0.99392 -0.11001 0.00000
0.18749 -0.07580 0.49961 1.00000

BONE_NAME: foot_l
PARENT_INDEX: 2
OFFSET_MATRIX:
0.98937 -0.00230 0.14538 -0.00000
0.06942 0.88601 -0.45843 0.00000
-0.12775 0.46365 0.87676 -0.00000
-0.19412 -0.05759 0.07716 1.00000

BONE_NAME: toe_l
PARENT_INDEX: 3
OFFSET_MATRIX:
0.98760 0.01340 0.15639 -0.00000
0.00811 0.99066 -0.13608 0.00000
-0.15676 0.13566 0.97827 -0.00000
-0.18997 -0.03894 -0.10174 1.00000

BONE_NAME: spine_01
PARENT_INDEX: 0
OFFSET_MATRIX:
-1.00000 -0.00000 0.00000 -0.00000
-0.00000 0.13023 0.99148 0.00000
-0.00000 0.99148 -0.13023 0.00000
0.00000 -0.11387 -1.06383 1.00000

BONE_NAME: spine_02
PARENT_INDEX: 5
OFFSET_MATRIX:
-1.00000 -0.00000 0.00000 -0.00000
-0.00000 0.15254 0.98830 0.00000
-0.00000 0.98830 -0.15254 0.00000
0.00000 -0.14309 -1.29538 1.00000

BONE_NAME: clavicle_l
PARENT_INDEX: 6
OFFSET_MATRIX:
0.37402 0.09577 0.92246 -0.00000
0.92719 -0.06073 -0.36963 0.00000
0.02062 0.99355 -0.11151 -0.00000
-1.41564 0.18343 0.55493 1.00000

BONE_NAME: arm_l
PARENT_INDEX: 7
OFFSET_MATRIX:
0.75090 0.03945 0.65924 -0.00000
0.66040 -0.03841 -0.74993 0.00000
-0.00426 0.99848 -0.05490 -0.00000
-1.10274 0.16231 0.95746 1.00000

BONE_NAME: forearm_l
PARENT_INDEX: 8
OFFSET_MATRIX:
0.65247 -0.30390 0.69421 -0.00000
0.75674 0.31015 -0.57546 0.00000
-0.04043 0.90081 0.43233 -0.00000
-1.19301 -0.16470 0.52865 1.00000

BONE_NAME: hand_l
PARENT_INDEX: 9
OFFSET_MATRIX:
0.73543 0.26722 0.62269 -0.00000
0.26721 0.73011 -0.62891 0.00000
-0.62269 0.62891 0.46554 -0.00000
-0.70337 -0.94347 0.38200 1.00000

BONE_NAME: thumb_01_l
PARENT_INDEX: 10
OFFSET_MATRIX:
0.71050 -0.67997 0.18117 -0.00000
0.54676 0.37137 -0.75043 0.00000
0.44299 0.63224 0.63564 -0.00000
-0.96328 -0.06894 0.72073 1.00000

BONE_NAME: thumb_02_l
PARENT_INDEX: 11
OFFSET_MATRIX:
0.72607 -0.63951 0.25267 -0.00000
0.55454 0.32732 -0.76508 0.00000
0.40657 0.69562 0.59229 -0.00000
-0.97786 -0.04632 0.64860 1.00000

BONE_NAME: thumb_03_l
PARENT_INDEX: 12
OFFSET_MATRIX:
0.75649 -0.49488 0.42758 -0.00000
0.54596 0.11790 -0.82947 0.00000
0.36008 0.86093 0.35938 -0.00000
-0.98195 0.08199 0.60399 1.00000

BONE_NAME: index_01_l
PARENT_INDEX: 10
OFFSET_MATRIX:
-0.49473 -0.55335 0.67010 0.00000
0.20720 -0.82395 -0.52742 0.00000
0.84398 -0.12209 0.52229 -0.00000
0.01637 1.20499 0.14715 1.00000

BONE_NAME: index_02_l
PARENT_INDEX: 14
OFFSET_MATRIX:
-0.50476 -0.72260 0.47231 0.00000
0.18915 -0.62640 -0.75620 0.00000
0.84228 -0.29236 0.45286 -0.00000
0.04142 1.11302 0.47291 1.00000

BONE_NAME: index_03_l
PARENT_INDEX: 15
OFFSET_MATRIX:
-0.48861 -0.83623 0.24898 0.00000
0.19029 -0.38062 -0.90494 0.00000
0.85150 -0.39478 0.34510 -0.00000
0.02948 0.94052 0.74236 1.00000

BONE_NAME: fingers_01_l
PARENT_INDEX: 10
OFFSET_MATRIX:
-0.29347 -0.81510 0.49949 0.00000
0.20333 -0.56376 -0.80052 0.00000
0.93409 -0.13337 0.33119 -0.00000
-0.05448 1.08321 0.54248 1.00000

BONE_NAME: fingers_02_l
PARENT_INDEX: 17
OFFSET_MATRIX:
-0.25673 -0.89699 0.35986 0.00000
0.31479 -0.42965 -0.84635 0.00000
0.91378 -0.10400 0.39267 -0.00000
-0.19084 0.99514 0.63592 1.00000

BONE_NAME: fingers_03_l
PARENT_INDEX: 18
OFFSET_MATRIX:
-0.22870 -0.97309 0.02811 0.00000
0.29832 -0.09754 -0.94947 0.00000
0.92666 -0.20876 0.31260 -0.00000
-0.19232 0.71359 0.92274 1.00000

BONE_NAME: weapon_bone_l
PARENT_INDEX: 10
OFFSET_MATRIX:
1.00000 0.00000 -0.00000 -0.00000
-0.00000 1.00000 0.00000 0.00000
0.00000 -0.00000 1.00000 -0.00000
-0.58319 -1.06486 -0.01617 1.00000

BONE_NAME: neck
PARENT_INDEX: 6
OFFSET_MATRIX:
-1.00000 -0.00000 -0.00000 -0.00000
0.00000 -0.08092 0.99672 0.00000
-0.00000 0.99672 0.08092 -0.00000
-0.00000 0.21459 -1.51644 1.00000

BONE_NAME: head
PARENT_INDEX: 21
OFFSET_MATRIX:
-1.00000 -0.00000 -0.00000 -0.00000
0.00000 -0.18065 0.98355 0.00000
-0.00000 0.98355 0.18065 -0.00000
-0.00000 0.37329 -1.56078 1.00000

BONE_NAME: clavicle_r
PARENT_INDEX: 6
OFFSET_MATRIX:
0.37402 -0.09577 -0.92246 -0.00000
-0.92719 -0.06073 -0.36963 0.00000
-0.02062 0.99355 -0.11151 -0.00000
1.41564 0.18343 0.55493 1.00000

BONE_NAME: arm_r
PARENT_INDEX: 23
OFFSET_MATRIX:
0.75090 -0.03945 -0.65924 -0.00000
-0.66040 -0.03841 -0.74993 0.00000
0.00426 0.99848 -0.05490 -0.00000
1.10274 0.16231 0.95746 1.00000

BONE_NAME: forearm_r
PARENT_INDEX: 24
OFFSET_MATRIX:
0.65247 0.30390 -0.69421 -0.00000
-0.75674 0.31015 -0.57546 0.00000
0.04043 0.90081 0.43233 -0.00000
1.19302 -0.16470 0.52865 1.00000

BONE_NAME: hand_r
PARENT_INDEX: 25
OFFSET_MATRIX:
0.73543 -0.26722 -0.62269 -0.00000
-0.26721 0.73011 -0.62891 0.00000
0.62269 0.62891 0.46554 -0.00000
0.70337 -0.94347 0.38200 1.00000

BONE_NAME: thumb_01_r
PARENT_INDEX: 26
OFFSET_MATRIX:
0.71050 0.67997 -0.18117 -0.00000
-0.54676 0.37137 -0.75043 0.00000
-0.44299 0.63224 0.63564 -0.00000
0.96328 -0.06894 0.72073 1.00000

BONE_NAME: thumb_02_r
PARENT_INDEX: 27
OFFSET_MATRIX:
0.72607 0.63951 -0.25267 -0.00000
-0.55454 0.32732 -0.76508 0.00000
-0.40657 0.69562 0.59229 -0.00000
0.97786 -0.04632 0.64860 1.00000

BONE_NAME: thumb_03_r
PARENT_INDEX: 28
OFFSET_MATRIX:
0.75649 0.49488 -0.42758 -0.00000
-0.54596 0.11790 -0.82947 0.00000
-0.36008 0.86093 0.35938 -0.00000
0.98195 0.08199 0.60399 1.00000

BONE_NAME: index_01_r
PARENT_INDEX: 26
OFFSET_MATRIX:
-0.49473 0.55335 -0.67010 -0.00000
-0.20720 -0.82395 -0.52742 0.00000
-0.84398 -0.12209 0.52229 -0.00000
-0.01637 1.20499 0.14715 1.00000

BONE_NAME: index_02_r
PARENT_INDEX: 30
OFFSET_MATRIX:
-0.50476 0.72260 -0.47231 -0.00000
-0.18915 -0.62640 -0.75620 0.00000
-0.84228 -0.29236 0.45286 -0.00000
-0.04142 1.11302 0.47291 1.00000

BONE_NAME: index_03_r
PARENT_INDEX: 31
OFFSET_MATRIX:
-0.48861 0.83623 -0.24898 -0.00000
-0.19029 -0.38062 -0.90494 0.00000
-0.85150 -0.39478 0.34510 -0.00000
-0.02948 0.94052 0.74236 1.00000

BONE_NAME: fingers_01_r
PARENT_INDEX: 26
OFFSET_MATRIX:
-0.29348 0.81510 -0.49948 -0.00000
-0.20333 -0.56376 -0.80052 0.00000
-0.93409 -0.13337 0.33119 -0.00000
0.05448 1.08321 0.54248 1.00000

BONE_NAME: fingers_02_r
PARENT_INDEX: 33
OFFSET_MATRIX:
-0.25673 0.89699 -0.35986 -0.00000
-0.31479 -0.42965 -0.84635 0.00000
-0.91378 -0.10400 0.39267 -0.00000
0.19084 0.99514 0.63592 1.00000

BONE_NAME: fingers_03_r
PARENT_INDEX: 34
OFFSET_MATRIX:
-0.22870 0.97309 -0.02811 -0.00000
-0.29832 -0.09754 -0.94947 0.00000
-0.92666 -0.20876 0.31260 -0.00000
0.19232 0.71359 0.92274 1.00000

BONE_NAME: weapon_bone_r
PARENT_INDEX: 26
OFFSET_MATRIX:
1.00000 0.00000 -0.00000 -0.00000
0.00000 1.00000 0.00000 0.00000
0.00000 0.00000 1.00000 -0.00000
0.58319 -1.06486 -0.01617 1.00000

BONE_NAME: thigh_r
PARENT_INDEX: 0
OFFSET_MATRIX:
-0.99064 -0.00291 -0.13647 -0.00000
0.13625 -0.08194 -0.98728 0.00000
-0.00831 -0.99663 0.08157 0.00000
-0.21752 0.02272 0.90316 1.00000

BONE_NAME: calf_r
PARENT_INDEX: 37
OFFSET_MATRIX:
-0.99702 0.00302 -0.07709 -0.00000
0.07695 0.11011 -0.99094 -0.00000
0.00549 -0.99392 -0.11001 -0.00000
-0.18749 -0.07580 0.49961 1.00000

BONE_NAME: foot_r
PARENT_INDEX: 38
OFFSET_MATRIX:
0.98937 0.00230 -0.14538 -0.00000
-0.06942 0.88601 -0.45843 0.00000
0.12775 0.46365 0.87676 -0.00000
0.19412 -0.05759 0.07716 1.00000

BONE_NAME: toe_r
PARENT_INDEX: 39
OFFSET_MATRIX:
0.98760 -0.01340 -0.15639 -0.00000
-0.00811 0.99066 -0.13608 0.00000
0.15676 0.13566 0.97827 -0.00000
0.18997 -0.03894 -0.10174 1.00000


ANIMATION_DATA ####################################

FPS: 30.00000
ANIMATION_NAME: Freefall
DURATION: 0.83333

KEYFRAME: 0
TIMESTAMP: 0.00000
0.00000 0.89046 -0.02564
-0.00000 0.70711 0.70711 0.00000
1.00000 1.00000 1.00000

-0.09216 -0.02718 0.03270
-0.99675 -0.00748 0.06874 0.04124
1.00000 1.00000 1.00000

-0.00000 -0.00000 0.41053
-0.09580 0.02972 0.00733 0.99493
1.00000 1.00000 1.00000

0.00000 0.00000 0.42180
-0.02523 -0.56102 0.82557 0.05524
1.00000 1.00000 1.00000

-0.00000 -0.00000 0.16057
-0.16901 0.00454 -0.03362 0.98503
1.00000 1.00000 1.00000

0.00000 -0.00000 0.17913
0.06525 0.00000 0.00000 0.99787
1.00000 1.00000 1.00000

0.00000 -0.00000 0.23445
0.01127 0.00000 0.00000 0.99994
1.00000 1.00000 1.00000

-0.00000 0.00000 0.22946
-0.02012 -0.82082 0.11518 0.55910
1.00000 1.00000 1.00000

-0.00000 -0.00000 0.20646
-0.02739 -0.23469 -0.00580 0.97167
1.00000 1.00000 1.00000

-0.00000 0.00000 0.25925
-0.24942 0.07107 -0.00427 0.96577
1.00000 1.00000 1.00000

-0.00000 -0.00000 0.24513
0.00164 -0.05123 -0.36740 0.92865
1.00000 1.00000 1.00000

-0.04602 -0.00223 0.01586
-0.07912 -0.23108 0.50021 0.83074
1.00000 1.00000 1.00000

-0.00000 -0.00000 0.05261
0.04058 0.01245 -0.01588 0.99897
1.00000 1.00000 1.00000

-0.00000 -0.00000 0.03427
0.14913 0.00250 -0.02800 0.98842
1.00000 1.00000 1.00000

-0.02957 0.02510 0.09603
-0.00492 0.06259 0.95556 0.28804
1.00000 1.00000 1.00000

-0.00000 0.00000 0.03810
-0.15513 -0.00254 0.01004 0.98784
1.00000 1.00000 1.00000

0.00000 -0.00000 0.03016
-0.14451 -0.00432 -0.00825 0.98946
1.00000 1.00000 1.00000

0.00733 -0.00334 0.09627
0.01930 -0.12368 0.92535 0.35785
1.00000 1.00000 1.00000

-0.00000 -0.00000 0.03768
-0.06777 0.04184 -0.04238 0.99592
1.00000 1.00000 1.00000

0.00000 -0.00000 0.02689
-0.17781 -0.01259 -0.01214 0.98391
1.00000 1.00000 1.00000

-0.00000 0.00000 0.08297
-0.36735 -0.36371 0.00000 0.85602
1.00000 1.00000 1.00000

-0.00000 0.00000 0.22946
-0.11681 -0.00000 -0.00000 0.99315
1.00000 1.00000 1.00000

0.00000 -0.00000 0.07396
-0.05030 -0.00000 -0.00000 0.99873
1.00000 1.00000 1.00000

0.00000 0.00000 0.22946
-0.02012 0.82082 -0.11518 0.55910
1.00000 1.00000 1.00000

0.00000 -0.00000 0.20646
-0.02739 0.23469 0.00580 0.97167
1.00000 1.00000 1.00000

0.00000 -0.00000 0.25925
-0.24942 -0.07107 0.00427 0.96577
1.00000 1.00000 1.00000

0.00000 -0.00000 0.24513
0.00164 0.05123 0.36740 0.92865
1.00000 1.00000 1.00000

0.04602 -0.00223 0.01586
-0.07912 0.23108 -0.50021 0.83074
1.00000 1.00000 1.00000

-0.00000 -0.00000 0.05261
0.04058 -0.01245 0.01588 0.99897
1.00000 1.00000 1.00000

-0.00000 -0.00000 0.03427
0.14913 -0.00250 0.02800 0.98842
1.00000 1.00000 1.00000

0.02957 0.02510 0.09603
-0.00492 -0.06259 -0.95556 0.28804
1.00000 1.00000 1.00000

0.00000 0.00000 0.03810
-0.15513 0.00254 -0.01004 0.98784
1.00000 1.00000 1.00000

0.00000 0.00000 0.03016
-0.14451 0.00432 0.00825 0.98946
1.00000 1.00000 1.00000

-0.00733 -0.00334 0.09627
0.01930 0.12368 -0.92535 0.35785
1.00000 1.00000 1.00000

0.00000 0.00000 0.03768
-0.06777 -0.04184 0.04238 0.99592
1.00000 1.00000 1.00000

-0.00000 -0.00000 0.02689
-0.17781 0.01259 0.01214 0.98391
1.00000 1.00000 1.00000

-0.00000 -0.00000 0.08297
-0.36735 0.36371 -0.00000 0.85602
1.00000 1.00000 1.00000

0.09216 -0.02718 0.03270
-0.99675 0.00748 -0.06874 0.04124
1.00000 1.00000 1.00000

0.00000 -0.00000 0.41053
-0.09580 -0.02972 -0.00733 0.99493
1.00000 1.00000 1.00000

0.00000 -0.00000 0.42180
-0.02523 0.56102 -0.82557 0.05524
1.00000 1.00000 1.00000

0.00000 -0.00000 0.16057
-0.16901 -0.00454 0.03362 0.98503
1.00000 1.00000 1.00000

KEYFRAME: 1
TIMESTAMP: 0.03333
0.00000 0.89046 -0.02564
-0.00000 0.70711 0.70711 0.00000
1.00000 1.00000 1.00000

-0.09216 -0.02718 0.03270
-0.97702 0.02838 0.16398 0.13317
1.00000 1.00000 1.00000

0.00000 0.00000 0.41053
-0.58500 0.18149 0.00582 0.79045
1.00000 1.00000 1.00000

0.00000 0.00000 0.42180
-0.07725 -0.64349 0.76154 -0.00289
1.00000 1.00000 1.00000

-0.00000 -0.00000 0.16057
-0.16901 0.00454 -0.03362 0.98503
1.00000 1.00000 1.00000

0.00000 -0.00000 0.17913
0.06525 0.00000 0.00000 0.99787
1.00000 1.00000 1.00000

0.00000 -0.00000 0.23445
0.01127 0.00000 0.00000 0.99994
1.00000 1.00000 1.00000

-0.00000 0.00000 0.22946
-0.02012 -0.82082 0.11518 0.55910
1.00000 1.00000 1.00000

-0.00000 -0.00000 0.20646
0.04126 -0.50976 0.18549 0.83907
1.00000 1.00000 1.00000

-0.00000 -0.00000 0.25925
-0.52010 0.14820 -0.00372 0.84114
1.00000 1.00000 1.00000

-0.00000 -0.00000 0.24513
-0.04990 0.03440 -0.47034 0.88040
1.00000 1.00000 1.00000

-0.04602 -0.00223 0.01586
-0.07912 -0.23108 0.50021 0.83074
1.00000 1.00000 1.00000

-0.00000 -0.00000 0.05261
0.04058 0.01245 -0.01588 0.99897
1.00000 1.00000 1.00000

-0.00000 -0.00000 0.03427
0.14913 0.00250 -0.02800 0.98842
1.00000 1.00000 1.00000

-0.02957 0.02510 0.09603
-0.00492 0.06259 0.95556 0.28804
1.00000 1.00000 1.00000

-0.00000 -0.00000 0.03810
-0.15513 -0.00254 0.01004 0.98784
1.00000 1.00000 1.00000

0.00000 -0.00000 0.03016
-0.14451 -0.00432 -0.00825 0.98946
1.00000 1.00000 1.00000

0.00733 -0.00334 0.09627
0.01930 -0.12368 0.92535 0.35785
1.00000 1.00000 1.00000

-0.00000 -0.00000 0.03768
-0.06777 0.04184 -0.04238 0.99592
1.00000 1.00000 1.00000

0.00000 -0.00000 0.02689
-0.17781 -0.01259 -0.01214 0.98391
1.00000 1.00000 1.00000

-0.00000 0.00000 0.08297
-0.36735 -0.36371 0.00000 0.85602
1.00000 1.00000 1.00000

-0.00000 0.00000 0.22946
-0.11681 -0.00000 -0.00000 0.99315
1.00000 1.00000 1.00000

0.00000 -0.00000 0.07396
-0.05030 -0.00000 -0.00000 0.99873
1.00000 1.00000 1.00000

0.00000 0.00000 0.22946
-0.02012 0.82082 -0.11518 0.55910
1.00000 1.00000 1.00000

0.00000 -0.00000 0.20646
0.03647 0.49825 -0.17432 0.84855
1.00000 1.00000 1.00000

0.00000 -0.00000 0.25925
-0.49951 -0.14233 0.00378 0.85453
1.00000 1.00000 1.00000

0.00000 -0.00000 0.24513
-0.07946 -0.01823 0.07409 0.99391
1.00000 1.00000 1.00000

0.04602 -0.00223 0.01586
-0.07912 0.23108 -0.50021 0.83074
1.00000 1.00000 1.00000

-0.00000 -0.00000 0.05261
0.04058 -0.01245 0.01588 0.99897
1.00000 1.00000 1.00000

-0.00000 0.00000 0.03427
0.14913 -0.00250 0.02800 0.98842
1.00000 1.00000 1.00000

0.02957 0.02510 0.09603
-0.00492 -0.06259 -0.95556 0.28804
1.00000 1.00000 1.00000

0.00000 0.00000 0.03810
-0.15513 0.00254 -0.01004 0.98784
1.00000 1.00000 1.00000

-0.00000 0.00000 0.03016
-0.14451 0.00432 0.00825 0.98946
1.00000 1.00000 1.00000

-0.00733 -0.00334 0.09627
0.01930 0.12368 -0.92535 0.35785
1.00000 1.00000 1.00000

0.00000 -0.00000 0.03768
-0.06777 -0.04184 0.04238 0.99592
1.00000 1.00000 1.00000

-0.00000 -0.00000 0.02689
-0.17781 0.01259 0.01214 0.98391
1.00000 1.00000 1.00000

-0.00000 -0.00000 0.08296
-0.36735 0.36371 -0.00000 0.85602
1.00000 1.00000 1.00000

0.09216 -0.02718 0.03270
-0.88294 -0.02070 -0.16207 0.44013
1.00000 1.00000 1.00000

-0.00000 -0.00000 0.41053
-0.60965 -0.18914 -0.00567 0.76976
1.00000 1.00000 1.00000

-0.00000 0.00000 0.42180
-0.09050 0.51083 -0.85429 0.03258
1.00000 1.00000 1.00000

0.00000 -0.00000 0.16057
-0.16901 -0.00454 0.03362 0.98503
1.00000 1.00000 1.00000

KEYFRAME: 2
TIMESTAMP: 0.06667
0.00000 0.89046 -0.02564
-0.00000 0.70711 0.70711 0.00000
1.00000 1.00000 1.00000

-0.09216 -0.02718 0.03270
-0.97230 0.03462 0.17429 0.15184
1.00000 1.00000 1.00000

-0.00000 -0.00000 0.41053
-0.62766 0.19473 0.00555 0.75372
1.00000 1.00000 1.00000

0.00000 0.00000 0.42180
-0.08287 -0.64597 0.75881 -0.00750
1.00000 1.00000 1.00000

-0.00000 -0.00000 0.16057
-0.16901 0.00454 -0.03362 0.98503
1.00000 1.00000 1.00000

0.00000 -0.00000 0.17913
0.06434 0.00002 -0.00013 0.99793
1.00000 1.00000 1.00000

0.00000 -0.00000 0.23445
0.01055 0.00001 -0.00010 0.99994
1.00000 1.00000 1.00000

-0.00000 0.00000 0.22946
-0.02012 -0.82082 0.11518 0.55910
1.00000 1.00000 1.00000

0.00000 -0.00000 0.20646
0.06751 -0.51706 0.20444 0.82843
1.00000 1.00000 1.00000

-0.00000 0.00000 0.25925
-0.56602 0.16128 -0.00357 0.80846
1.00000 1.00000 1.00000

-0.00000 -0.00000 0.24513
-0.05139 0.04373 -0.49334 0.86721
1.00000 1.00000 1.00000

-0.04602 -0.00223 0.01586
-0.07912 -0.23108 0.50021 0.83074
1.00000 1.00000 1.00000

0.00000 -0.00000 0.05261
0.04058 0.01245 -0.01588 0.99897
1.00000 1.00000 1.00000

-0.00000 -0.00000 0.03427
0.14913 0.00250 -0.02800 0.98842
1.00000 1.00000 1.00000

-0.02957 0.02510 0.09603
-0.00492 0.06259 0.95556 0.28804
1.00000 1.00000 1.00000

0.00000 -0.00000 0.03810
-0.15513 -0.00254 0.01004 0.98784
1.00000 1.00000 1.00000

0.00000 -0.00000 0.03016
-0.14451 -0.00432 -0.00825 0.98946
1.00000 1.00000 1.00000

0.00733 -0.00334 0.09627
0.01930 -0.12368 0.92535 0.35785
1.00000 1.00000 1.00000

-0.00000 0.00000 0.03768
-0.06777 0.04184 -0.04238 0.99592
1.00000 1.00000 1.00000

0.00000 -0.00000 0.02689
-0.17781 -0.01259 -0.01214 0.98391
1.00000 1.00000 1.00000

-0.00000 -0.00000 0.08296
-0.36735 -0.36371 0.00000 0.85602
1.00000 1.00000 1.00000

-0.00000 0.00000 0.22946
-0.11681 -0.00000 -0.00000 0.99315
1.00000 1.00000 1.00000

0.00000 -0.00000 0.07395
-0.05030 -0.00000 -0.00000 0.99873
1.00000 1.00000 1.00000

0.00000 0.00000 0.22946
-0.02012 0.82082 -0.11518 0.55910
1.00000 1.00000 1.00000

0.00000 0.00000 0.20646
0.07227 0.50854 -0.20047 0.83425
1.00000 1.00000 1.00000

0.00000 -0.00000 0.25925
-0.56277 -0.16035 0.00358 0.81090
1.00000 1.00000 1.00000

0.00000 -0.00000 0.24513
-0.10816 -0.03286 0.04809 0.99243
1.00000 1.00000 1.00000

0.04602 -0.00223 0.01586
-0.07912 0.23108 -0.50021 0.83074
1.00000 1.00000 1.00000

-0.00000 -0.00000 0.05261
0.04058 -0.01245 0.01588 0.99897
1.00000 1.00000 1.00000

0.00000 0.00000 0.03427
0.14913 -0.00250 0.02800 0.98842
1.00000 1.00000 1.00000

0.02957 0.02510 0.09603
-0.00492 -0.06259 -0.95556 0.28804
1.00000 1.00000 1.00000

-0.00000 -0.00000 0.03810
-0.15513 0.00254 -0.01004 0.98784
1.00000 1.00000 1.00000

-0.00000 -0.00000 0.03016
-0.14451 0.00432 0.00825 0.98946
1.00000 1.00000 1.00000

-0.00733 -0.00334 0.09627
0.01930 0.12368 -0.92535 0.35785
1.00000 1.00000 1.00000

0.00000 0.00000 0.03768
-0.06777 -0.04184 0.04238 0.99592
1.00000 1.00000 1.00000

-0.00000 -0.00000 0.02689
-0.17781 0.01259 0.01214 0.98391
1.00000 1.00000 1.00000

-0.00000 0.00000 0.08296
-0.36735 0.36371 -0.00000 0.85602
1.00000 1.00000 1.00000

0.09216 -0.02718 0.03270
-0.86447 -0.02496 -0.16877 0.47285
1.00000 1.00000 1.00000

-0.00000 -0.00000 0.41053
-0.63984 -0.19851 -0.00547 0.74241
1.00000 1.00000 1.00000

-0.00000 -0.00000 0.42180
-0.09327 0.49230 -0.86467 0.03600
1.00000 1.00000 1.00000

0.00000 -0.00000 0.16057
-0.16901 -0.00454 0.03362 0.98503
1.00000 1.00000 1.00000

KEYFRAME: 3
TIMESTAMP: 0.10000
0.00000 0.89046 -0.02564
-0.00000 0.70711 0.70711 0.00000
1.00000 1.00000 1.00000

-0.09216 -0.02718 0.03270
-0.96789 0.04057 0.18337 0.16712
1.00000 1.00000 1.00000

0.00000 0.00000 0.41053
-0.66279 0.20563 0.00530 0.72000
1.00000 1.00000 1.00000

-0.00000 -0.00000 0.42180
-0.08753 -0.64715 0.75723 -0.01159
1.00000 1.00000 1.00000

-0.00000 -0.00000 0.16057
-0.16901 0.00454 -0.03362 0.98503
1.00000 1.00000 1.00000

0.00000 -0.00000 0.17913
0.06171 0.00007 -0.00050 0.99809
1.00000 1.00000 1.00000

0.00000 -0.00000 0.23445
0.00848 0.00002 -0.00040 0.99996
1.00000 1.00000 1.00000

-0.00000 0.00000 0.22946
-0.02012 -0.82082 0.11518 0.55910
1.00000 1.00000 1.00000

-0.00000 -0.00000 0.20646
0.09486 -0.51997 0.21937 0.82007
1.00000 1.00000 1.00000

-0.00000 0.00000 0.25925
-0.61216 0.17443 -0.00341 0.77125
1.00000 1.00000 1.00000

-0.00000 -0.00000 0.24513
-0.05489 0.05369 -0.51587 0.85322
1.00000 1.00000 1.00000

-0.04602 -0.00223 0.01586
-0.07912 -0.23108 0.50021 0.83074
1.00000 1.00000 1.00000

-0.00000 -0.00000 0.05261
0.04058 0.01245 -0.01588 0.99897
1.00000 1.00000 1.00000

0.00000 -0.00000 0.03427
0.14913 0.00250 -0.02800 0.98842
1.00000 1.00000 1.00000

-0.02957 0.02510 0.09603
-0.00492 0.06259 0.95556 0.28804
1.00000 1.00000 1.00000

-0.00000 -0.00000 0.03810
-0.15513 -0.00254 0.01004 0.98784
1.00000 1.00000 1.00000

-0.00000 -0.00000 0.03016
-0.14451 -0.00432 -0.00825 0.98946
1.00000 1.00000 1.00000

0.00733 -0.00334 0.09627
0.01930 -0.12368 0.92535 0.35785
1.00000 1.00000 1.00000

-0.00000 0.00000 0.03768
-0.06777 0.04184 -0.04238 0.99592
1.00000 1.00000 1.00000

0.00000 -0.00000 0.02689
-0.17781 -0.01259 -0.01214 0.98391
1.00000 1.00000 1.00000

-0.00000 -0.00000 0.08297
-0.36735 -0.36371 0.00000 0.85602
1.00000 1.00000 1.00000

-0.00000 0.00000 0.22946
-0.11681 -0.00000 -0.00000 0.99315
1.00000 1.00000 1.00000

0.00000 -0.00000 0.07395
-0.05030 -0.00000 -0.00000 0.99873
1.00000 1.00000 1.00000

0.00000 0.00000 0.22946
-0.02012 0.82082 -0.11518 0.55910
1.00000 1.00000 1.00000

-0.00000 -0.00000 0.20646
0.10568 0.51332 -0.22186 0.82226
1.00000 1.00000 1.00000

-0.00000 -0.00000 0.25925
-0.62058 -0.17683 0.00338 0.76394
1.00000 1.00000 1.00000

0.00000 -0.00000 0.24513
-0.13577 -0.04059 0.02836 0.98950
1.00000 1.00000 1.00000

0.04602 -0.00223 0.01586
-0.07912 0.23108 -0.50021 0.83074
1.00000 1.00000 1.00000

-0.00000 -0.00000 0.05261
0.04058 -0.01245 0.01588 0.99897
1.00000 1.00000 1.00000

0.00000 -0.00000 0.03427
0.14913 -0.00250 0.02800 0.98842
1.00000 1.00000 1.00000

0.02957 0.02510 0.09603
-0.00492 -0.06259 -0.95556 0.28804
1.00000 1.00000 1.00000

-0.00000 -0.00000 0.03810
-0.15513 0.00254 -0.01004 0.98784
1.00000 1.00000 1.00000

0.00000 -0.00000 0.03016
-0.14451 0.00432 0.00825 0.98946
1.00000 1.00000 1.00000

-0.00733 -0.00334 0.09627
0.01930 0.12368 -0.92535 0.35785
1.00000 1.00000 1.00000

0.00000 0.00000 0.03768
-0.06777 -0.04184 0.04238 0.99592
1.00000 1.00000 1.00000

-0.00000 -0.00000 0.02689
-0.17781 0.01259 0.01214 0.98391
1.00000 1.00000 1.00000

0.00000 -0.00000 0.08297
-0.36735 0.36371 -0.00000 0.85602
1.00000 1.00000 1.00000

0.09216 -0.02718 0.03270
-0.84653 -0.02935 -0.17441 0.50211
1.00000 1.00000 1.00000

-0.00000 0.00000 0.41053
-0.66469 -0.20622 -0.00529 0.71808
1.00000 1.00000 1.00000

-0.00000 0.00000 0.42180
-0.09470 0.47303 -0.87503 0.03997
1.00000 1.00000 1.00000

0.00000 -0.00000 0.16057
-0.16901 -0.00454 0.03362 0.98503
1.00000 1.00000 1.00000

KEYFRAME: 4
TIMESTAMP: 0.13333
0.00000 0.89046 -0.02564
-0.00000 0.70711 0.70711 0.00000
1.00000 1.00000 1.00000

-0.09216 -0.02718 0.03270
-0.96379 0.04624 0.19145 0.17979
1.00000 1.00000 1.00000

-0.00000 0.00000 0.41053
-0.69200 0.21469 0.00507 0.68922
1.00000 1.00000 1.00000

-0.00000 0.00000 0.42180
-0.09140 -0.64749 0.75641 -0.01526
1.00000 1.00000 1.00000

-0.00000 -0.00000 0.16057
-0.16901 0.00454 -0.03362 0.98503
1.00000 1.00000 1.00000

0.00000 -0.00000 0.17913
0.05752 0.00014 -0.00110 0.99834
1.00000 1.00000 1.00000

0.00000 -0.00000 0.23445
0.00519 0.00005 -0.00087 0.99999
1.00000 1.00000 1.00000

0.00000 0.00000 0.22946
-0.02012 -0.82082 0.11518 0.55910
1.00000 1.00000 1.00000

-0.00000 0.00000 0.20646
0.12361 -0.51871 0.22979 0.81416
1.00000 1.00000 1.00000

-0.00000 -0.00000 0.25925
-0.65741 0.18732 -0.00323 0.72988
1.00000 1.00000 1.00000

-0.00000 -0.00000 0.24513
-0.06030 0.06435 -0.53823 0.83817
1.00000 1.00000 1.00000

-0.04602 -0.00223 0.01586
-0.07912 -0.23108 0.50021 0.83074
1.00000 1.00000 1.00000

-0.00000 -0.00000 0.05261
0.04058 0.01245 -0.01588 0.99897
1.00000 1.00000 1.00000

-0.00000 0.00000 0.03427
0.14913 0.00250 -0.02800 0.98842
1.00000 1.00000 1.00000

-0.02957 0.02510 0.09603
-0.00492 0.06259 0.95556 0.28804
1.00000 1.00000 1.00000

-0.00000 0.00000 0.03810
-0.15513 -0.00254 0.01004 0.98784
1.00000 1.00000 1.00000

-0.00000 -0.00000 0.03016
-0.14451 -0.00432 -0.00825 0.98946
1.00000 1.00000 1.00000

0.00733 -0.00334 0.09627
0.01930 -0.12368 0.92535 0.35785
1.00000 1.00000 1.00000

-0.00000 -0.00000 0.03768
-0.06777 0.04184 -0.04238 0.99592
1.00000 1.00000 1.00000

0.00000 -0.00000 0.02689
-0.17781 -0.01259 -0.01214 0.98391
1.00000 1.00000 1.00000

0.00000 -0.00000 0.08297
-0.36735 -0.36371 0.00000 0.85602
1.00000 1.00000 1.00000

0.00000 0.00000 0.22946
-0.11681 -0.00000 -0.00000 0.99315
1.00000 1.00000 1.00000

0.00000 -0.00000 0.07396
-0.05030 -0.00000 -0.00000 0.99873
1.00000 1.00000 1.00000

0.00000 0.00000 0.22946
-0.02012 0.82082 -0.11518 0.55910
1.00000 1.00000 1.00000

0.00000 0.00000 0.20646
0.13795 0.51301 -0.23820 0.81305
1.00000 1.00000 1.00000

0.00000 0.00000 0.25925
-0.67362 -0.19194 0.00315 0.71371
1.00000 1.00000 1.00000

0.00000 -0.00000 0.24513
-0.16168 -0.04233 0.01680 0.98579
1.00000 1.00000 1.00000

0.04602 -0.00223 0.01586
-0.07912 0.23108 -0.50021 0.83074
1.00000 1.00000 1.00000

-0.00000 -0.00000 0.05261
0.04058 -0.01245 0.01588 0.99897
1.00000 1.00000 1.00000

0.00000 -0.00000 0.03427
0.14913 -0.00250 0.02800 0.98842
1.00000 1.00000 1.00000

0.02957 0.02510 0.09603
-0.00492 -0.06259 -0.95556 0.28804
1.00000 1.00000 1.00000

-0.00000 -0.00000 0.03810
-0.15513 0.00254 -0.01004 0.98784
1.00000 1.00000 1.00000

-0.00000 0.00000 0.03016
-0.14451 0.00432 0.00825 0.98946
1.00000 1.00000 1.00000

-0.00733 -0.00334 0.09627
0.01930 0.12368 -0.92535 0.35785
1.00000 1.00000 1.00000

0.00000 0.00000 0.03768
-0.06777 -0.04184 0.04238 0.99592
1.00000 1.00000 1.00000

-0.00000 -0.00000 0.02689
-0.17781 0.01259 0.01214 0.98391
1.00000 1.00000 1.00000

0.00000 -0.00000 0.08297
-0.36735 0.36371 -0.00000 0.85602
1.00000 1.00000 1.00000

0.09216 -0.02718 0.03270
-0.82930 -0.03391 -0.17914 0.52823
1.00000 1.00000 1.00000

0.00000 -0.00000 0.41053
-0.68517 -0.21257 -0.00513 0.69665
1.00000 1.00000 1.00000

-0.00000 -0.00000 0.42180
-0.09492 0.45351 -0.88508 0.04433
1.00000 1.00000 1.00000

0.00000 -0.00000 0.16057
-0.16901 -0.00454 0.03362 0.98503
1.00000 1.00000 1.00000

KEYFRAME: 5
TIMESTAMP: 0.16667
0.00000 0.89046 -0.02564
-0.00000 0.70711 0.70711 0.00000
1.00000 1.00000 1.00000

-0.09216 -0.02718 0.03270
-0.95997 0.05164 0.19871 0.19053
1.00000 1.00000 1.00000

-0.00000 0.00000 0.41053
-0.71658 0.22232 0.00487 0.66111
1.00000 1.00000 1.00000

-0.00000 0.00000 0.42180
-0.09462 -0.64734 0.75608 -0.01863
1.00000 1.00000 1.00000

-0.00000 -0.00000 0.16057
-0.16901 0.00454 -0.03362 0.98503
1.00000 1.00000 1.00000

0.00000 -0.00000 0.17913
0.05192 0.00025 -0.00190 0.99865
1.00000 1.00000 1.00000

0.00000 -0.00000 0.23445
0.00078 0.00008 -0.00150 1.00000
1.00000 1.00000 1.00000

-0.00000 0.00000 0.22946
-0.02012 -0.82082 0.11518 0.55910
1.00000 1.00000 1.00000

-0.00000 0.00000 0.20646
0.15412 -0.51344 0.23476 0.81087
1.00000 1.00000 1.00000

0.00000 0.00000 0.25925
-0.70058 0.19962 -0.00303 0.68508
1.00000 1.00000 1.00000

-0.00000 -0.00000 0.24513
-0.06736 0.07550 -0.56095 0.82164
1.00000 1.00000 1.00000

-0.04602 -0.00223 0.01586
-0.07912 -0.23108 0.50021 0.83074
1.00000 1.00000 1.00000

0.00000 -0.00000 0.05261
0.04058 0.01245 -0.01588 0.99897
1.00000 1.00000 1.00000

-0.00000 -0.00000 0.03427
0.14913 0.00250 -0.02800 0.98842
1.00000 1.00000 1.00000

-0.02957 0.02510 0.09603
-0.00492 0.06259 0.95556 0.28804
1.00000 1.00000 1.00000

-0.00000 0.00000 0.03810
-0.15513 -0.00254 0.01004 0.98784
1.00000 1.00000 1.00000

0.00000 -0.00000 0.03016
-0.14451 -0.00432 -0.00825 0.98946
1.00000 1.00000 1.00000

0.00733 -0.00334 0.09627
0.01930 -0.12368 0.92535 0.35785
1.00000 1.00000 1.00000

-0.00000 -0.00000 0.03768
-0.06777 0.04184 -0.04238 0.99592
1.00000 1.00000 1.00000

0.00000 -0.00000 0.02689
-0.17781 -0.01259 -0.01214 0.98391
1.00000 1.00000 1.00000

-0.00000 0.00000 0.08297
-0.36735 -0.36371 0.00000 0.85602
1.00000 1.00000 1.00000

-0.00000 0.00000 0.22946
-0.11681 -0.00000 -0.00000 0.99315
1.00000 1.00000 1.00000

0.00000 -0.00000 0.07395
-0.05030 -0.00000 -0.00000 0.99873
1.00000 1.00000 1.00000

0.00000 0.00000 0.22946
-0.02012 0.82082 -0.11518 0.55910
1.00000 1.00000 1.00000

-0.00000 0.00000 0.20646
0.17011 0.50785 -0.24861 0.80706
1.00000 1.00000 1.00000

0.00000 -0.00000 0.25925
-0.72192 -0.20570 0.00292 0.66069
1.00000 1.00000 1.00000

0.00000 -0.00000 0.24513
-0.18574 -0.03908 0.01518 0.98170
1.00000 1.00000 1.00000

0.04602 -0.00223 0.01586
-0.07912 0.23108 -0.50021 0.83074
1.00000 1.00000 1.00000

0.00000 -0.00000 0.05261
0.04058 -0.01245 0.01588 0.99897
1.00000 1.00000 1.00000

-0.00000 0.00000 0.03427
0.14913 -0.00250 0.02800 0.98842
1.00000 1.00000 1.00000

0.02957 0.02510 0.09603
-0.00492 -0.06259 -0.95556 0.28804
1.00000 1.00000 1.00000

-0.00000 -0.00000 0.03810
-0.15513 0.00254 -0.01004 0.98784
1.00000 1.00000 1.00000

0.00000 0.00000 0.03016
-0.14451 0.00432 0.00825 0.98946
1.00000 1.00000 1.00000

-0.00733 -0.00334 0.09627
0.01930 0.12368 -0.92535 0.35785
1.00000 1.00000 1.00000

0.00000 -0.00000 0.03768
-0.06777 -0.04184 0.04238 0.99592
1.00000 1.00000 1.00000

-0.00000 -0.00000 0.02689
-0.17781 0.01259 0.01214 0.98391
1.00000 1.00000 1.00000

0.00000 -0.00000 0.08297
-0.36735 0.36371 -0.00000 0.85602
1.00000 1.00000 1.00000

0.09216 -0.02718 0.03270
-0.81287 -0.03863 -0.18311 0.55157
1.00000 1.00000 1.00000

0.00000 -0.00000 0.41053
-0.70218 -0.21785 -0.00499 0.67784
1.00000 1.00000 1.00000

-0.00000 0.00000 0.42180
-0.09408 0.43417 -0.89457 0.04893
1.00000 1.00000 1.00000

0.00000 -0.00000 0.16057
-0.16901 -0.00454 0.03362 0.98503
1.00000 1.00000 1.00000

KEYFRAME: 6
TIMESTAMP: 0.20000
0.00000 0.89046 -0.02564
-0.00000 0.70711 0.70711 0.00000
1.00000 1.00000 1.00000

-0.09216 -0.02718 0.03270
-0.95639 0.05679 0.20528 0.19986
1.00000 1.00000 1.00000

-0.00000 0.00000 0.41053
-0.73746 0.22879 0.00468 0.63545
1.00000 1.00000 1.00000

-0.00000 -0.00000 0.42180
-0.09728 -0.64687 0.75605 -0.02174
1.00000 1.00000 1.00000

-0.00000 -0.00000 0.16057
-0.16901 0.00454 -0.03362 0.98503
1.00000 1.00000 1.00000

0.00000 -0.00000 0.17913
0.04505 0.00038 -0.00288 0.99898
1.00000 1.00000 1.00000

-0.00000 -0.00000 0.23445
-0.00462 0.00012 -0.00227 0.99999
1.00000 1.00000 1.00000

0.00000 0.00000 0.22946
-0.02012 -0.82082 0.11518 0.55910
1.00000 1.00000 1.00000

0.00000 -0.00000 0.20646
0.18698 -0.50419 0.23298 0.81028
1.00000 1.00000 1.00000

-0.00000 0.00000 0.25925
-0.74069 0.21105 -0.00282 0.63783
1.00000 1.00000 1.00000

-0.00000 -0.00000 0.24513
-0.07550 0.08668 -0.58487 0.80294
1.00000 1.00000 1.00000

-0.04602 -0.00223 0.01586
-0.07912 -0.23108 0.50021 0.83074
1.00000 1.00000 1.00000

-0.00000 -0.00000 0.05261
0.04058 0.01245 -0.01588 0.99897
1.00000 1.00000 1.00000

0.00000 -0.00000 0.03427
0.14913 0.00250 -0.02800 0.98842
1.00000 1.00000 1.00000

-0.02957 0.02510 0.09603
-0.00492 0.06259 0.95556 0.28804
1.00000 1.00000 1.00000

-0.00000 0.00000 0.03810
-0.15513 -0.00254 0.01004 0.98784
1.00000 1.00000 1.00000

-0.00000 0.00000 0.03016
-0.14451 -0.00432 -0.00825 0.98946
1.00000 1.00000 1.00000

0.00733 -0.00334 0.09627
0.01930 -0.12368 0.92535 0.35785
1.00000 1.00000 1.00000

-0.00000 -0.00000 0.03768
-0.06777 0.04184 -0.04238 0.99592
1.00000 1.00000 1.00000

0.00000 -0.00000 0.02689
-0.17781 -0.01259 -0.01214 0.98391
1.00000 1.00000 1.00000

-0.00000 -0.00000 0.08297
-0.36735 -0.36371 0.00000 0.85602
1.00000 1.00000 1.00000

0.00000 0.00000 0.22946
-0.11681 -0.00000 -0.00000 0.99315
1.00000 1.00000 1.00000

-0.00000 -0.00000 0.07396
-0.05030 -0.00000 -0.00000 0.99873
1.00000 1.00000 1.00000

0.00000 0.00000 0.22946
-0.02012 0.82082 -0.11518 0.55910
1.00000 1.00000 1.00000

-0.00000 0.00000 0.20646
0.20330 0.49796 -0.25161 0.80461
1.00000 1.00000 1.00000

0.00000 0.00000 0.25925
-0.76528 -0.21806 0.00268 0.60564
1.00000 1.00000 1.00000

0.00000 -0.00000 0.24513
-0.20791 -0.03173 0.02538 0.97730
1.00000 1.00000 1.00000

0.04602 -0.00223 0.01586
-0.07912 0.23108 -0.50021 0.83074
1.00000 1.00000 1.00000

0.00000 -0.00000 0.05261
0.04058 -0.01245 0.01588 0.99897
1.00000 1.00000 1.00000

0.00000 -0.00000 0.03427
0.14913 -0.00250 0.02800 0.98842
1.00000 1.00000 1.00000

0.02957 0.02510 0.09603
-0.00492 -0.06259 -0.95556 0.28804
1.00000 1.00000 1.00000

0.00000 0.00000 0.03810
-0.15513 0.00254 -0.01004 0.98784
1.00000 1.00000 1.00000

0.00000 -0.00000 0.03016
-0.14451 0.00432 0.00825 0.98946
1.00000 1.00000 1.00000

-0.00733 -0.00334 0.09627
0.01930 0.12368 -0.92535 0.35785
1.00000 1.00000 1.00000

0.00000 -0.00000 0.03768
-0.06777 -0.04184 0.04238 0.99592
1.00000 1.00000 1.00000

-0.00000 -0.00000 0.02689
-0.17781 0.01259 0.01214 0.98391
1.00000 1.00000 1.00000

-0.00000 0.00000 0.08297
-0.36735 0.36371 -0.00000 0.85602
1.00000 1.00000 1.00000

0.09216 -0.02718 0.03270
-0.79733 -0.04351 -0.18642 0.57238
1.00000 1.00000 1.00000

-0.00000 0.00000 0.41053
-0.71633 -0.22224 -0.00487 0.66141
1.00000 1.00000 1.00000

0.00000 0.00000 0.42180
-0.09234 0.41536 -0.90337 0.05368
1.00000 1.00000 1.00000

0.00000 -0.00000 0.16057
-0.16901 -0.00454 0.03362 0.98503
1.00000 1.00000 1.00000

KEYFRAME: 7
TIMESTAMP: 0.23333
0.00000 0.89046 -0.02564
-0.00000 0.70711 0.70711 0.00000
1.00000 1.00000 1.00000

-0.09216 -0.02718 0.03270
-0.95306 0.06165 0.21122 0.20801
1.00000 1.00000 1.00000

0.00000 0.00000 0.41053
-0.75516 0.23429 0.00451 0.61222
1.00000 1.00000 1.00000

0.00000 0.00000 0.42180
-0.09947 -0.64616 0.75629 -0.02460
1.00000 1.00000 1.00000

-0.00000 -0.00000 0.16057
-0.16901 0.00454 -0.03362 0.98503
1.00000 1.00000 1.00000

0.00000 -0.00000 0.17913
0.03708 0.00053 -0.00401 0.99930
1.00000 1.00000 1.00000

0.00000 -0.00000 0.23445
-0.01088 0.00017 -0.00317 0.99994
1.00000 1.00000 1.00000

-0.00000 0.00000 0.22946
-0.02012 -0.82082 0.11518 0.55910
1.00000 1.00000 1.00000

-0.00000 -0.00000 0.20646
0.22261 -0.49088 0.22235 0.81243
1.00000 1.00000 1.00000

0.00000 0.00000 0.25925
-0.77658 0.22128 -0.00261 0.58987
1.00000 1.00000 1.00000

-0.00000 -0.00000 0.24513
-0.08385 0.09709 -0.61117 0.78103
1.00000 1.00000 1.00000

-0.04602 -0.00223 0.01586
-0.07912 -0.23108 0.50021 0.83074
1.00000 1.00000 1.00000

-0.00000 0.00000 0.05261
0.04058 0.01245 -0.01588 0.99897
1.00000 1.00000 1.00000

-0.00000 -0.00000 0.03427
0.14913 0.00250 -0.02800 0.98842
1.00000 1.00000 1.00000

-0.02957 0.02510 0.09603
-0.00492 0.06259 0.95556 0.28804
1.00000 1.00000 1.00000

0.00000 -0.00000 0.03810
-0.15513 -0.00254 0.01004 0.98784
1.00000 1.00000 1.00000

-0.00000 0.00000 0.03016
-0.14451 -0.00432 -0.00825 0.98946
1.00000 1.00000 1.00000

0.00733 -0.00334 0.09627
0.01930 -0.12368 0.92535 0.35785
1.00000 1.00000 1.00000

-0.00000 0.00000 0.03768
-0.06777 0.04184 -0.04238 0.99592
1.00000 1.00000 1.00000

-0.00000 -0.00000 0.02689
-0.17781 -0.01259 -0.01214 0.98391
1.00000 1.00000 1.00000

-0.00000 -0.00000 0.08297
-0.36735 -0.36371 0.00000 0.85602
1.00000 1.00000 1.00000

-0.00000 0.00000 0.22946
-0.11681 -0.00000 -0.00000 0.99315
1.00000 1.00000 1.00000

0.00000 -0.00000 0.07395
-0.05030 -0.00000 -0.00000 0.99873
1.00000 1.00000 1.00000

0.00000 0.00000 0.22946
-0.02012 0.82082 -0.11518 0.55910
1.00000 1.00000 1.00000

0.00000 0.00000 0.20646
0.23841 0.48326 -0.24476 0.80605
1.00000 1.00000 1.00000

0.00000 -0.00000 0.25925
-0.80317 -0.22885 0.00243 0.55003
1.00000 1.00000 1.00000

0.00000 -0.00000 0.24513
-0.22837 -0.02097 0.04957 0.97209
1.00000 1.00000 1.00000

0.04602 -0.00223 0.01586
-0.07912 0.23108 -0.50021 0.83074
1.00000 1.00000 1.00000

0.00000 0.00000 0.05261
0.04058 -0.01245 0.01588 0.99897
1.00000 1.00000 1.00000

-0.00000 -0.00000 0.03427
0.14913 -0.00250 0.02800 0.98842
1.00000 1.00000 1.00000

0.02957 0.02510 0.09603
-0.00492 -0.06259 -0.95556 0.28804
1.00000 1.00000 1.00000

0.00000 0.00000 0.03810
-0.15513 0.00254 -0.01004 0.98784
1.00000 1.00000 1.00000

-0.00000 0.00000 0.03016
-0.14451 0.00432 0.00825 0.98946
1.00000 1.00000 1.00000

-0.00733 -0.00334 0.09627
0.01930 0.12368 -0.92535 0.35785
1.00000 1.00000 1.00000

0.00000 -0.00000 0.03768
-0.06777 -0.04184 0.04238 0.99592
1.00000 1.00000 1.00000

-0.00000 -0.00000 0.02689
-0.17781 0.01259 0.01214 0.98391
1.00000 1.00000 1.00000

-0.00000 0.00000 0.08297
-0.36735 0.36371 -0.00000 0.85602
1.00000 1.00000 1.00000

0.09216 -0.02718 0.03270
-0.78273 -0.04852 -0.18919 0.59092
1.00000 1.00000 1.00000

-0.00000 0.00000 0.41053
-0.72819 -0.22592 -0.00476 0.64706
1.00000 1.00000 1.00000

0.00000 0.00000 0.42180
-0.08986 0.39738 -0.91137 0.05848
1.00000 1.00000 1.00000

0.00000 -0.00000 0.16057
-0.16901 -0.00454 0.03362 0.98503
1.00000 1.00000 1.00000

KEYFRAME: 8
TIMESTAMP: 0.26667
0.00000 0.89046 -0.02564
-0.00000 0.70711 0.70711 0.00000
1.00000 1.00000 1.00000

-0.09216 -0.02718 0.03270
-0.94991 0.06622 0.21659 0.21533
1.00000 1.00000 1.00000

0.00000 0.00000 0.41053
-0.77029 0.23898 0.00435 0.59121
1.00000 1.00000 1.00000

0.00000 -0.00000 0.42180
-0.10125 -0.64529 0.75671 -0.02724
1.00000 1.00000 1.00000

-0.00000 -0.00000 0.16057
-0.16901 0.00454 -0.03362 0.98503
1.00000 1.00000 1.00000

0.00000 -0.00000 0.17913
0.02815 0.00069 -0.00528 0.99959
1.00000 1.00000 1.00000

-0.00000 -0.00000 0.23445
-0.01788 0.00023 -0.00417 0.99983
1.00000 1.00000 1.00000

0.00000 0.00000 0.22946
-0.02012 -0.82082 0.11518 0.55910
1.00000 1.00000 1.00000

-0.00000 -0.00000 0.20646
0.26149 -0.47333 0.20018 0.81702
1.00000 1.00000 1.00000

-0.00000 -0.00000 0.25925
-0.80751 0.23009 -0.00240 0.54312
1.00000 1.00000 1.00000

-0.00000 -0.00000 0.24513
-0.09082 0.10565 -0.64125 0.75458
1.00000 1.00000 1.00000

-0.04602 -0.00223 0.01586
-0.07912 -0.23108 0.50021 0.83074
1.00000 1.00000 1.00000

0.00000 -0.00000 0.05261
0.04058 0.01245 -0.01588 0.99897
1.00000 1.00000 1.00000

0.00000 0.00000 0.03427
0.14913 0.00250 -0.02800 0.98842
1.00000 1.00000 1.00000

-0.02957 0.02510 0.09603
-0.00492 0.06259 0.95556 0.28804
1.00000 1.00000 1.00000

0.00000 0.00000 0.03810
-0.15513 -0.00254 0.01004 0.98784
1.00000 1.00000 1.00000

0.00000 -0.00000 0.03016
-0.14451 -0.00432 -0.00825 0.98946
1.00000 1.00000 1.00000

0.00733 -0.00334 0.09627
0.01930 -0.12368 0.92535 0.35785
1.00000 1.00000 1.00000

-0.00000 -0.00000 0.03768
-0.06777 0.04184 -0.04238 0.99592
1.00000 1.00000 1.00000

0.00000 -0.00000 0.02689
-0.17781 -0.01259 -0.01214 0.98391
1.00000 1.00000 1.00000

-0.00000 -0.00000 0.08297
-0.36735 -0.36371 0.00000 0.85602
1.00000 1.00000 1.00000

0.00000 0.00000 0.22946
-0.11681 -0.00000 -0.00000 0.99315
1.00000 1.00000 1.00000

-0.00000 -0.00000 0.07395
-0.05030 -0.00000 -0.00000 0.99873
1.00000 1.00000 1.00000

0.00000 0.00000 0.22946
-0.02012 0.82082 -0.11518 0.55910
1.00000 1.00000 1.00000

-0.00000 -0.00000 0.20646
0.27609 0.46357 -0.22440 0.81149
1.00000 1.00000 1.00000

-0.00000 -0.00000 0.25925
-0.83507 -0.23794 0.00219 0.49603
1.00000 1.00000 1.00000

0.00000 -0.00000 0.24513
-0.24715 -0.00708 0.09039 0.96473
1.00000 1.00000 1.00000

0.04602 -0.00223 0.01586
-0.07912 0.23108 -0.50021 0.83074
1.00000 1.00000 1.00000

-0.00000 -0.00000 0.05261
0.04058 -0.01245 0.01588 0.99897
1.00000 1.00000 1.00000

-0.00000 -0.00000 0.03427
0.14913 -0.00250 0.02800 0.98842
1.00000 1.00000 1.00000

0.02957 0.02510 0.09603
-0.00492 -0.06259 -0.95556 0.28804
1.00000 1.00000 1.00000

-0.00000 -0.00000 0.03810
-0.15513 0.00254 -0.01004 0.98784
1.00000 1.00000 1.00000

-0.00000 -0.00000 0.03016
-0.14451 0.00432 0.00825 0.98946
1.00000 1.00000 1.00000

-0.00733 -0.00334 0.09627
0.01930 0.12368 -0.92535 0.35785
1.00000 1.00000 1.00000

0.00000 -0.00000 0.03768
-0.06777 -0.04184 0.04238 0.99592
1.00000 1.00000 1.00000

0.00000 0.00000 0.02689
-0.17781 0.01259 0.01214 0.98391
1.00000 1.00000 1.00000

0.00000 -0.00000 0.08297
-0.36735 0.36371 -0.00000 0.85602
1.00000 1.00000 1.00000

0.09216 -0.02718 0.03270
-0.76923 -0.05360 -0.19147 0.60725
1.00000 1.00000 1.00000

-0.00000 0.00000 0.41053
-0.73801 -0.22897 -0.00467 0.63474
1.00000 1.00000 1.00000

-0.00000 0.00000 0.42180
-0.08676 0.38042 -0.91856 0.06323
1.00000 1.00000 1.00000

0.00000 -0.00000 0.16057
-0.16901 -0.00454 0.03362 0.98503
1.00000 1.00000 1.00000

KEYFRAME: 9
TIMESTAMP: 0.30000
0.00000 0.89046 -0.02564
-0.00000 0.70711 0.70711 0.00000
1.00000 1.00000 1.00000

-0.09216 -0.02718 0.03270
-0.94694 0.07048 0.22145 0.22204
1.00000 1.00000 1.00000

-0.00000 -0.00000 0.41053
-0.78324 0.24300 0.00421 0.57225
1.00000 1.00000 1.00000

-0.00000 -0.00000 0.42180
-0.10268 -0.64427 0.75729 -0.02965
1.00000 1.00000 1.00000

-0.00000 -0.00000 0.16057
-0.16901 0.00454 -0.03362 0.98503
1.00000 1.00000 1.00000

0.00000 -0.00000 0.17913
0.01843 0.00088 -0.00666 0.99981
1.00000 1.00000 1.00000

-0.00000 -0.00000 0.23445
-0.02550 0.00029 -0.00526 0.99966
1.00000 1.00000 1.00000

0.00000 0.00000 0.22946
-0.02012 -0.82082 0.11518 0.55910
1.00000 1.00000 1.00000

0.00000 0.00000 0.20646
0.30308 -0.45127 0.16284 0.82340
1.00000 1.00000 1.00000

0.00000 -0.00000 0.25925
-0.83256 0.23723 -0.00221 0.50056
1.00000 1.00000 1.00000

-0.00000 -0.00000 0.24513
-0.09418 0.11092 -0.67641 0.72200
1.00000 1.00000 1.00000

-0.04602 -0.00223 0.01586
-0.07912 -0.23108 0.50021 0.83074
1.00000 1.00000 1.00000

0.00000 0.00000 0.05261
0.04058 0.01245 -0.01588 0.99897
1.00000 1.00000 1.00000

-0.00000 -0.00000 0.03427
0.14913 0.00250 -0.02800 0.98842
1.00000 1.00000 1.00000

-0.02957 0.02510 0.09603
-0.00492 0.06259 0.95556 0.28804
1.00000 1.00000 1.00000

0.00000 -0.00000 0.03810
-0.15513 -0.00254 0.01004 0.98784
1.00000 1.00000 1.00000

-0.00000 0.00000 0.03016
-0.14451 -0.00432 -0.00825 0.98946
1.00000 1.00000 1.00000

0.00733 -0.00334 0.09627
0.01930 -0.12368 0.92535 0.35785
1.00000 1.00000 1.00000

0.00000 -0.00000 0.03768
-0.06777 0.04184 -0.04238 0.99592
1.00000 1.00000 1.00000

0.00000 -0.00000 0.02689
-0.17781 -0.01259 -0.01214 0.98391
1.00000 1.00000 1.00000

-0.00000 -0.00000 0.08297
-0.36735 -0.36371 0.00000 0.85602
1.00000 1.00000 1.00000

0.00000 0.00000 0.22946
-0.11681 -0.00000 -0.00000 0.99315
1.00000 1.00000 1.00000

0.00000 -0.00000 0.07396
-0.05030 -0.00000 -0.00000 0.99873
1.00000 1.00000 1.00000

0.00000 0.00000 0.22946
-0.02012 0.82082 -0.11518 0.55910
1.00000 1.00000 1.00000

-0.00000 0.00000 0.20646
0.31629 0.43857 -0.18554 0.82049
1.00000 1.00000 1.00000

0.00000 0.00000 0.25925
-0.86057 -0.24521 0.00197 0.44642
1.00000 1.00000 1.00000

0.00000 -0.00000 0.24513
-0.26365 0.01037 0.15080 0.95270
1.00000 1.00000 1.00000

0.04602 -0.00223 0.01586
-0.07912 0.23108 -0.50021 0.83074
1.00000 1.00000 1.00000

0.00000 0.00000 0.05261
0.04058 -0.01245 0.01588 0.99897
1.00000 1.00000 1.00000

-0.00000 -0.00000 0.03427
0.14913 -0.00250 0.02800 0.98842
1.00000 1.00000 1.00000

0.02957 0.02510 0.09603
-0.00492 -0.06259 -0.95556 0.28804
1.00000 1.00000 1.00000

0.00000 0.00000 0.03810
-0.15513 0.00254 -0.01004 0.98784
1.00000 1.00000 1.00000

0.00000 0.00000 0.03016
-0.14451 0.00432 0.00825 0.98946
1.00000 1.00000 1.00000

-0.00733 -0.00334 0.09627
0.01930 0.12368 -0.92535 0.35785
1.00000 1.00000 1.00000

0.00000 0.00000 0.03768
-0.06777 -0.04184 0.04238 0.99592
1.00000 1.00000 1.00000

-0.00000 -0.00000 0.02689
-0.17781 0.01259 0.01214 0.98391
1.00000 1.00000 1.00000

0.00000 -0.00000 0.08297
-0.36735 0.36371 -0.00000 0.85602
1.00000 1.00000 1.00000

0.09216 -0.02718 0.03270
-0.75684 -0.05869 -0.19334 0.62159
1.00000 1.00000 1.00000

0.00000 -0.00000 0.41053
-0.74619 -0.23150 -0.00460 0.62416
1.00000 1.00000 1.00000

-0.00000 0.00000 0.42180
-0.08322 0.36466 -0.92493 0.06788
1.00000 1.00000 1.00000

0.00000 -0.00000 0.16057
-0.16901 -0.00454 0.03362 0.98503
1.00000 1.00000 1.00000

KEYFRAME: 10
TIMESTAMP: 0.33333
0.00000 0.89046 -0.02564
-0.00000 0.70711 0.70711 0.00000
1.00000 1.00000 1.00000

-0.09216 -0.02718 0.03270
-0.94407 0.07443 0.22584 0.22843
1.00000 1.00000 1.00000

0.00000 -0.00000 0.41053
-0.79440 0.24646 0.00409 0.55514
1.00000 1.00000 1.00000

0.00000 0.00000 0.42180
-0.10383 -0.64313 0.75802 -0.03182
1.00000 1.00000 1.00000

-0.00000 -0.00000 0.16057
-0.16901 0.00454 -0.03362 0.98503
1.00000 1.00000 1.00000

0.00000 -0.00000 0.17913
0.00806 0.00107 -0.00813 0.99993
1.00000 1.00000 1.00000

0.00000 -0.00000 0.23445
-0.03362 0.00035 -0.00642 0.99941
1.00000 1.00000 1.00000

0.00000 0.00000 0.22946
-0.02012 -0.82082 0.11518 0.55910
1.00000 1.00000 1.00000

0.00000 -0.00000 0.20646
0.34544 -0.42441 0.10665 0.83016
1.00000 1.00000 1.00000

-0.00000 -0.00000 0.25925
-0.85112 0.24252 -0.00206 0.46560
1.00000 1.00000 1.00000

-0.00000 -0.00000 0.24513
-0.09076 0.11143 -0.71708 0.68201
1.00000 1.00000 1.00000

-0.04602 -0.00223 0.01586
-0.07912 -0.23108 0.50021 0.83074
1.00000 1.00000 1.00000

0.00000 -0.00000 0.05261
0.04058 0.01245 -0.01588 0.99897
1.00000 1.00000 1.00000

-0.00000 -0.00000 0.03427
0.14913 0.00250 -0.02800 0.98842
1.00000 1.00000 1.00000

-0.02957 0.02510 0.09603
-0.00492 0.06259 0.95556 0.28804
1.00000 1.00000 1.00000

0.00000 -0.00000 0.03810
-0.15513 -0.00254 0.01004 0.98784
1.00000 1.00000 1.00000

0.00000 0.00000 0.03016
-0.14451 -0.00432 -0.00825 0.98946
1.00000 1.00000 1.00000

0.00733 -0.00334 0.09627
0.01930 -0.12368 0.92535 0.35785
1.00000 1.00000 1.00000

-0.00000 0.00000 0.03768
-0.06777 0.04184 -0.04238 0.99592
1.00000 1.00000 1.00000

-0.00000 -0.00000 0.02689
-0.17781 -0.01259 -0.01214 0.98391
1.00000 1.00000 1.00000

-0.00000 -0.00000 0.08297
-0.36735 -0.36371 0.00000 0.85602
1.00000 1.00000 1.00000

0.00000 0.00000 0.22946
-0.11681 -0.00000 -0.00000 0.99315
1.00000 1.00000 1.00000

-0.00000 -0.00000 0.07395
-0.05030 -0.00000 -0.00000 0.99873
1.00000 1.00000 1.00000

0.00000 0.00000 0.22946
-0.02012 0.82082 -0.11518 0.55910
1.00000 1.00000 1.00000

0.00000 0.00000 0.20646
0.35650 0.40782 -0.12227 0.83165
1.00000 1.00000 1.00000

0.00000 -0.00000 0.25925
-0.87918 -0.25051 0.00179 0.40533
1.00000 1.00000 1.00000

0.00000 0.00000 0.24513
-0.27594 0.03253 0.23288 0.93197
1.00000 1.00000 1.00000

0.04602 -0.00223 0.01586
-0.07912 0.23108 -0.50021 0.83074
1.00000 1.00000 1.00000

-0.00000 0.00000 0.05261
0.04058 -0.01245 0.01588 0.99897
1.00000 1.00000 1.00000

-0.00000 -0.00000 0.03427
0.14913 -0.00250 0.02800 0.98842
1.00000 1.00000 1.00000

0.02957 0.02510 0.09603
-0.00492 -0.06259 -0.95556 0.28804
1.00000 1.00000 1.00000

0.00000 0.00000 0.03810
-0.15513 0.00254 -0.01004 0.98784
1.00000 1.00000 1.00000

0.00000 -0.00000 0.03016
-0.14451 0.00432 0.00825 0.98946
1.00000 1.00000 1.00000

-0.00733 -0.00334 0.09627
0.01930 0.12368 -0.92535 0.35785
1.00000 1.00000 1.00000

-0.00000 0.00000 0.03768
-0.06777 -0.04184 0.04238 0.99592
1.00000 1.00000 1.00000

0.00000 -0.00000 0.02689
-0.17781 0.01259 0.01214 0.98391
1.00000 1.00000 1.00000

-0.00000 -0.00000 0.08297
-0.36735 0.36371 -0.00000 0.85602
1.00000 1.00000 1.00000

0.09216 -0.02718 0.03270
-0.74558 -0.06371 -0.19486 0.63410
1.00000 1.00000 1.00000

-0.00000 0.00000 0.41053
-0.75300 -0.23362 -0.00453 0.61513
1.00000 1.00000 1.00000

0.00000 -0.00000 0.42180
-0.07939 0.35024 -0.93048 0.07234
1.00000 1.00000 1.00000

0.00000 -0.00000 0.16057
-0.16901 -0.00454 0.03362 0.98503
1.00000 1.00000 1.00000

KEYFRAME: 11
TIMESTAMP: 0.36667
0.00000 0.89046 -0.02564
-0.00000 0.70711 0.70711 0.00000
1.00000 1.00000 1.00000

-0.09216 -0.02718 0.03270
-0.94136 0.07804 0.22977 0.23442
1.00000 1.00000 1.00000

0.00000 0.00000 0.41053
-0.80391 0.24941 0.00398 0.53991
1.00000 1.00000 1.00000

0.00000 -0.00000 0.42180
-0.10473 -0.64184 0.75890 -0.03375
1.00000 1.00000 1.00000

-0.00000 -0.00000 0.16057
-0.16901 0.00454 -0.03362 0.98503
1.00000 1.00000 1.00000

0.00000 -0.00000 0.17913
-0.00278 0.00127 -0.00967 0.99995
1.00000 1.00000 1.00000

0.00000 -0.00000 0.23445
-0.04211 0.00041 -0.00764 0.99908
1.00000 1.00000 1.00000

-0.00000 0.00000 0.22946
-0.02012 -0.82082 0.11518 0.55910
1.00000 1.00000 1.00000

0.00000 -0.00000 0.20646
0.38409 -0.39246 0.02970 0.83521
1.00000 1.00000 1.00000

-0.00000 -0.00000 0.25925
-0.86268 0.24581 -0.00195 0.44198
1.00000 1.00000 1.00000

-0.00000 -0.00000 0.24513
-0.07721 0.10640 -0.76151 0.63468
1.00000 1.00000 1.00000

-0.04602 -0.00223 0.01586
-0.07912 -0.23108 0.50021 0.83074
1.00000 1.00000 1.00000

-0.00000 0.00000 0.05261
0.04058 0.01245 -0.01588 0.99897
1.00000 1.00000 1.00000

-0.00000 -0.00000 0.03427
0.14913 0.00250 -0.02800 0.98842
1.00000 1.00000 1.00000

-0.02957 0.02510 0.09603
-0.00492 0.06259 0.95556 0.28804
1.00000 1.00000 1.00000

0.00000 -0.00000 0.03810
-0.15513 -0.00254 0.01004 0.98784
1.00000 1.00000 1.00000

-0.00000 -0.00000 0.03016
-0.14451 -0.00432 -0.00825 0.98946
1.00000 1.00000 1.00000

0.00733 -0.00334 0.09627
0.01930 -0.12368 0.92535 0.35785
1.00000 1.00000 1.00000

-0.00000 0.00000 0.03768
-0.06777 0.04184 -0.04238 0.99592
1.00000 1.00000 1.00000

-0.00000 -0.00000 0.02689
-0.17781 -0.01259 -0.01214 0.98391
1.00000 1.00000 1.00000

0.00000 0.00000 0.08297
-0.36735 -0.36371 0.00000 0.85602
1.00000 1.00000 1.00000

-0.00000 0.00000 0.22946
-0.11681 -0.00000 -0.00000 0.99315
1.00000 1.00000 1.00000

0.00000 -0.00000 0.07395
-0.05030 -0.00000 -0.00000 0.99873
1.00000 1.00000 1.00000

0.00000 0.00000 0.22946
-0.02012 0.82082 -0.11518 0.55910
1.00000 1.00000 1.00000

0.00000 -0.00000 0.20646
0.39041 0.37083 -0.03114 0.84208
1.00000 1.00000 1.00000

0.00000 0.00000 0.25925
-0.89056 -0.25375 0.00167 0.37750
1.00000 1.00000 1.00000

0.00000 -0.00000 0.24513
-0.27988 0.06035 0.33474 0.89776
1.00000 1.00000 1.00000

0.04602 -0.00223 0.01586
-0.07912 0.23108 -0.50021 0.83074
1.00000 1.00000 1.00000

0.00000 -0.00000 0.05261
0.04058 -0.01245 0.01588 0.99897
1.00000 1.00000 1.00000

0.00000 -0.00000 0.03427
0.14913 -0.00250 0.02800 0.98842
1.00000 1.00000 1.00000

0.02957 0.02510 0.09603
-0.00492 -0.06259 -0.95556 0.28804
1.00000 1.00000 1.00000

0.00000 -0.00000 0.03810
-0.15513 0.00254 -0.01004 0.98784
1.00000 1.00000 1.00000

-0.00000 -0.00000 0.03016
-0.14451 0.00432 0.00825 0.98946
1.00000 1.00000 1.00000

-0.00733 -0.00334 0.09627
0.01930 0.12368 -0.92535 0.35785
1.00000 1.00000 1.00000

-0.00000 0.00000 0.03768
-0.06777 -0.04184 0.04238 0.99592
1.00000 1.00000 1.00000

-0.00000 -0.00000 0.02689
-0.17781 0.01259 0.01214 0.98391
1.00000 1.00000 1.00000

0.00000 0.00000 0.08297
-0.36735 0.36371 -0.00000 0.85602
1.00000 1.00000 1.00000

0.09216 -0.02718 0.03270
-0.73547 -0.06859 -0.19610 0.64492
1.00000 1.00000 1.00000

0.00000 0.00000 0.41053
-0.75865 -0.23537 -0.00447 0.60748
1.00000 1.00000 1.00000

0.00000 0.00000 0.42180
-0.07542 0.33722 -0.93527 0.07656
1.00000 1.00000 1.00000

0.00000 -0.00000 0.16057
-0.16901 -0.00454 0.03362 0.98503
1.00000 1.00000 1.00000

KEYFRAME: 12
TIMESTAMP: 0.40000
0.00000 0.89046 -0.02564
-0.00000 0.70711 0.70711 0.00000
1.00000 1.00000 1.00000

-0.09216 -0.02718 0.03270
-0.93877 0.08132 0.23326 0.24020
1.00000 1.00000 1.00000

0.00000 -0.00000 0.41053
-0.81205 0.25193 0.00388 0.52639
1.00000 1.00000 1.00000

0.00000 -0.00000 0.42180
-0.10543 -0.64043 0.75992 -0.03542
1.00000 1.00000 1.00000

-0.00000 -0.00000 0.16057
-0.16901 0.00454 -0.03362 0.98503
1.00000 1.00000 1.00000

0.00000 -0.00000 0.17913
-0.01395 0.00148 -0.01125 0.99984
1.00000 1.00000 1.00000

0.00000 -0.00000 0.23445
-0.05085 0.00048 -0.00889 0.99867
1.00000 1.00000 1.00000

0.00000 0.00000 0.22946
-0.02012 -0.82082 0.11518 0.55910
1.00000 1.00000 1.00000

0.00000 -0.00000 0.20646
0.41206 -0.35507 -0.06495 0.83661
1.00000 1.00000 1.00000

-0.00000 0.00000 0.25925
-0.86673 0.24696 -0.00192 0.43334
1.00000 1.00000 1.00000

-0.00000 -0.00000 0.24513
-0.05211 0.09695 -0.80509 0.58285
1.00000 1.00000 1.00000

-0.04602 -0.00223 0.01586
-0.07912 -0.23108 0.50021 0.83074
1.00000 1.00000 1.00000

0.00000 0.00000 0.05261
0.04058 0.01245 -0.01588 0.99897
1.00000 1.00000 1.00000

0.00000 -0.00000 0.03427
0.14913 0.00250 -0.02800 0.98842
1.00000 1.00000 1.00000

-0.02957 0.02510 0.09603
-0.00492 0.06259 0.95556 0.28804
1.00000 1.00000 1.00000

-0.00000 0.00000 0.03810
-0.15513 -0.00254 0.01004 0.98784
1.00000 1.00000 1.00000

-0.00000 0.00000 0.03016
-0.14451 -0.00432 -0.00825 0.98946
1.00000 1.00000 1.00000

0.00733 -0.00334 0.09627
0.01930 -0.12368 0.92535 0.35785
1.00000 1.00000 1.00000

-0.00000 -0.00000 0.03768
-0.06777 0.04184 -0.04238 0.99592
1.00000 1.00000 1.00000

0.00000 -0.00000 0.02689
-0.17781 -0.01259 -0.01214 0.98391
1.00000 1.00000 1.00000

-0.00000 0.00000 0.08297
-0.36735 -0.36371 0.00000 0.85602
1.00000 1.00000 1.00000

0.00000 0.00000 0.22946
-0.11681 -0.00000 -0.00000 0.99315
1.00000 1.00000 1.00000

-0.00000 -0.00000 0.07395
-0.05030 -0.00000 -0.00000 0.99873
1.00000 1.00000 1.00000

0.00000 0.00000 0.22946
-0.02012 0.82082 -0.11518 0.55910
1.00000 1.00000 1.00000

-0.00000 0.00000 0.20646
0.40835 0.32701 0.08249 0.84824
1.00000 1.00000 1.00000

0.00000 0.00000 0.25925
-0.89445 -0.25486 0.00162 0.36744
1.00000 1.00000 1.00000

0.00000 -0.00000 0.24513
-0.27068 0.09200 0.44643 0.84792
1.00000 1.00000 1.00000

0.04602 -0.00223 0.01586
-0.07912 0.23108 -0.50021 0.83074
1.00000 1.00000 1.00000

0.00000 0.00000 0.05261
0.04058 -0.01245 0.01588 0.99897
1.00000 1.00000 1.00000

-0.00000 -0.00000 0.03427
0.14913 -0.00250 0.02800 0.98842
1.00000 1.00000 1.00000

0.02957 0.02510 0.09603
-0.00492 -0.06259 -0.95556 0.28804
1.00000 1.00000 1.00000

-0.00000 0.00000 0.03810
-0.15513 0.00254 -0.01004 0.98784
1.00000 1.00000 1.00000

-0.00000 -0.00000 0.03016
-0.14451 0.00432 0.00825 0.98946
1.00000 1.00000 1.00000

-0.00733 -0.00334 0.09627
0.01930 0.12368 -0.92535 0.35785
1.00000 1.00000 1.00000

0.00000 -0.00000 0.03768
-0.06777 -0.04184 0.04238 0.99592
1.00000 1.00000 1.00000

-0.00000 -0.00000 0.02689
-0.17781 0.01259 0.01214 0.98391
1.00000 1.00000 1.00000

0.00000 0.00000 0.08297
-0.36735 0.36371 -0.00000 0.85602
1.00000 1.00000 1.00000

0.09216 -0.02718 0.03270
-0.72651 -0.07324 -0.19709 0.65420
1.00000 1.00000 1.00000

-0.00000 0.00000 0.41053
-0.76331 -0.23682 -0.00443 0.60104
1.00000 1.00000 1.00000

-0.00000 0.00000 0.42180
-0.07144 0.32564 -0.93935 0.08049
1.00000 1.00000 1.00000

0.00000 -0.00000 0.16057
-0.16901 -0.00454 0.03362 0.98503
1.00000 1.00000 1.00000

KEYFRAME: 13
TIMESTAMP: 0.43333
0.00000 0.89046 -0.02564
-0.00000 0.70711 0.70711 0.00000
1.00000 1.00000 1.00000

-0.09216 -0.02718 0.03270
-0.93628 0.08425 0.23634 0.24582
1.00000 1.00000 1.00000

-0.00000 0.00000 0.41053
-0.81899 0.25409 0.00379 0.51447
1.00000 1.00000 1.00000

-0.00000 0.00000 0.42180
-0.10596 -0.63889 0.76107 -0.03684
1.00000 1.00000 1.00000

-0.00000 -0.00000 0.16057
-0.16901 0.00454 -0.03362 0.98503
1.00000 1.00000 1.00000

0.00000 -0.00000 0.17913
-0.02527 0.00169 -0.01285 0.99960
1.00000 1.00000 1.00000

-0.00000 -0.00000 0.23445
-0.05970 0.00055 -0.01015 0.99816
1.00000 1.00000 1.00000

-0.00000 0.00000 0.22946
-0.02012 -0.82082 0.11518 0.55910
1.00000 1.00000 1.00000

-0.00000 0.00000 0.20646
0.42383 -0.31222 -0.16727 0.83361
1.00000 1.00000 1.00000

0.00000 0.00000 0.25925
-0.86299 0.24590 -0.00195 0.44134
1.00000 1.00000 1.00000

-0.00000 -0.00000 0.24513
-0.01865 0.08636 -0.84193 0.53230
1.00000 1.00000 1.00000

-0.04602 -0.00223 0.01586
-0.07912 -0.23108 0.50021 0.83074
1.00000 1.00000 1.00000

-0.00000 -0.00000 0.05261
0.04058 0.01245 -0.01588 0.99897
1.00000 1.00000 1.00000

0.00000 -0.00000 0.03427
0.14913 0.00250 -0.02800 0.98842
1.00000 1.00000 1.00000

-0.02957 0.02510 0.09603
-0.00492 0.06259 0.95556 0.28804
1.00000 1.00000 1.00000

-0.00000 0.00000 0.03810
-0.15513 -0.00254 0.01004 0.98784
1.00000 1.00000 1.00000

-0.00000 -0.00000 0.03016
-0.14451 -0.00432 -0.00825 0.98946
1.00000 1.00000 1.00000

0.00733 -0.00334 0.09627
0.01930 -0.12368 0.92535 0.35785
1.00000 1.00000 1.00000

-0.00000 0.00000 0.03768
-0.06777 0.04184 -0.04238 0.99592
1.00000 1.00000 1.00000

0.00000 -0.00000 0.02689
-0.17781 -0.01259 -0.01214 0.98391
1.00000 1.00000 1.00000

0.00000 -0.00000 0.08297
-0.36735 -0.36371 0.00000 0.85602
1.00000 1.00000 1.00000

-0.00000 0.00000 0.22946
-0.11681 -0.00000 -0.00000 0.99315
1.00000 1.00000 1.00000

-0.00000 -0.00000 0.07395
-0.05030 -0.00000 -0.00000 0.99873
1.00000 1.00000 1.00000

0.00000 0.00000 0.22946
-0.02012 0.82082 -0.11518 0.55910
1.00000 1.00000 1.00000

-0.00000 -0.00000 0.20646
0.40405 0.27659 0.20143 0.84833
1.00000 1.00000 1.00000

-0.00000 -0.00000 0.25925
-0.89067 -0.25378 0.00167 0.37723
1.00000 1.00000 1.00000

0.00000 -0.00000 0.24513
-0.24838 0.12167 0.55136 0.78709
1.00000 1.00000 1.00000

0.04602 -0.00223 0.01586
-0.07912 0.23108 -0.50021 0.83074
1.00000 1.00000 1.00000

-0.00000 0.00000 0.05261
0.04058 -0.01245 0.01588 0.99897
1.00000 1.00000 1.00000

-0.00000 0.00000 0.03427
0.14913 -0.00250 0.02800 0.98842
1.00000 1.00000 1.00000

0.02957 0.02510 0.09603
-0.00492 -0.06259 -0.95556 0.28804
1.00000 1.00000 1.00000

-0.00000 -0.00000 0.03810
-0.15513 0.00254 -0.01004 0.98784
1.00000 1.00000 1.00000

0.00000 -0.00000 0.03016
-0.14451 0.00432 0.00825 0.98946
1.00000 1.00000 1.00000

-0.00733 -0.00334 0.09627
0.01930 0.12368 -0.92535 0.35785
1.00000 1.00000 1.00000

0.00000 0.00000 0.03768
-0.06777 -0.04184 0.04238 0.99592
1.00000 1.00000 1.00000

-0.00000 -0.00000 0.02689
-0.17781 0.01259 0.01214 0.98391
1.00000 1.00000 1.00000

0.00000 -0.00000 0.08297
-0.36735 0.36371 -0.00000 0.85602
1.00000 1.00000 1.00000

0.09216 -0.02718 0.03270
-0.71867 -0.07758 -0.19788 0.66207
1.00000 1.00000 1.00000

-0.00000 -0.00000 0.41053
-0.76715 -0.23801 -0.00439 0.59567
1.00000 1.00000 1.00000

0.00000 0.00000 0.42180
-0.06759 0.31551 -0.94277 0.08407
1.00000 1.00000 1.00000

0.00000 -0.00000 0.16057
-0.16901 -0.00454 0.03362 0.98503
1.00000 1.00000 1.00000

KEYFRAME: 14
TIMESTAMP: 0.46667
0.00000 0.89046 -0.02564
-0.00000 0.70711 0.70711 0.00000
1.00000 1.00000 1.00000

-0.09216 -0.02718 0.03270
-0.93390 0.08683 0.23902 0.25131
1.00000 1.00000 1.00000

0.00000 0.00000 0.41053
-0.82490 0.25592 0.00371 0.50402
1.00000 1.00000 1.00000

0.00000 0.00000 0.42180
-0.10636 -0.63724 0.76234 -0.03801
1.00000 1.00000 1.00000

-0.00000 -0.00000 0.16057
-0.16901 0.00454 -0.03362 0.98503
1.00000 1.00000 1.00000

0.00000 -0.00000 0.17913
-0.03659 0.00190 -0.01446 0.99922
1.00000 1.00000 1.00000

-0.00000 -0.00000 0.23445
-0.06856 0.00062 -0.01142 0.99758
1.00000 1.00000 1.00000

-0.00000 0.00000 0.22946
-0.02012 -0.82082 0.11518 0.55910
1.00000 1.00000 1.00000

0.00000 0.00000 0.20646
0.41890 -0.26487 -0.26417 0.82739
1.00000 1.00000 1.00000

0.00000 0.00000 0.25925
-0.85124 0.24255 -0.00206 0.46535
1.00000 1.00000 1.00000

-0.00000 -0.00000 0.24513
0.01564 0.07794 -0.86852 0.48924
1.00000 1.00000 1.00000

-0.04602 -0.00223 0.01586
-0.07912 -0.23108 0.50021 0.83074
1.00000 1.00000 1.00000

0.00000 0.00000 0.05261
0.04058 0.01245 -0.01588 0.99897
1.00000 1.00000 1.00000

0.00000 0.00000 0.03427
0.14913 0.00250 -0.02800 0.98842
1.00000 1.00000 1.00000

-0.02957 0.02510 0.09603
-0.00492 0.06259 0.95556 0.28804
1.00000 1.00000 1.00000

0.00000 0.00000 0.03810
-0.15513 -0.00254 0.01004 0.98784
1.00000 1.00000 1.00000

0.00000 0.00000 0.03016
-0.14451 -0.00432 -0.00825 0.98946
1.00000 1.00000 1.00000

0.00733 -0.00334 0.09627
0.01930 -0.12368 0.92535 0.35785
1.00000 1.00000 1.00000

0.00000 0.00000 0.03768
-0.06777 0.04184 -0.04238 0.99592
1.00000 1.00000 1.00000

0.00000 -0.00000 0.02689
-0.17781 -0.01259 -0.01214 0.98391
1.00000 1.00000 1.00000

-0.00000 0.00000 0.08297
-0.36735 -0.36371 0.00000 0.85602
1.00000 1.00000 1.00000

-0.00000 0.00000 0.22946
-0.11681 -0.00000 -0.00000 0.99315
1.00000 1.00000 1.00000

-0.00000 0.00000 0.07396
-0.05030 -0.00000 -0.00000 0.99873
1.00000 1.00000 1.00000

0.00000 0.00000 0.22946
-0.02012 0.82082 -0.11518 0.55910
1.00000 1.00000 1.00000

0.00000 -0.00000 0.20646
0.38090 0.22196 0.30650 0.84363
1.00000 1.00000 1.00000

0.00000 0.00000 0.25925
-0.87919 -0.25051 0.00179 0.40529
1.00000 1.00000 1.00000

0.00000 -0.00000 0.24513
-0.22043 0.14425 0.63634 0.72503
1.00000 1.00000 1.00000

0.04602 -0.00223 0.01586
-0.07912 0.23108 -0.50021 0.83074
1.00000 1.00000 1.00000

-0.00000 -0.00000 0.05261
0.04058 -0.01245 0.01588 0.99897
1.00000 1.00000 1.00000

-0.00000 -0.00000 0.03427
0.14913 -0.00250 0.02800 0.98842
1.00000 1.00000 1.00000

0.02957 0.02510 0.09603
-0.00492 -0.06259 -0.95556 0.28804
1.00000 1.00000 1.00000

-0.00000 -0.00000 0.03810
-0.15513 0.00254 -0.01004 0.98784
1.00000 1.00000 1.00000

-0.00000 0.00000 0.03016
-0.14451 0.00432 0.00825 0.98946
1.00000 1.00000 1.00000

-0.00733 -0.00334 0.09627
0.01930 0.12368 -0.92535 0.35785
1.00000 1.00000 1.00000

0.00000 -0.00000 0.03768
-0.06777 -0.04184 0.04238 0.99592
1.00000 1.00000 1.00000

-0.00000 -0.00000 0.02689
-0.17781 0.01259 0.01214 0.98391
1.00000 1.00000 1.00000

0.00000 -0.00000 0.08297
-0.36735 0.36371 -0.00000 0.85602
1.00000 1.00000 1.00000

0.09216 -0.02718 0.03270
-0.71193 -0.08153 -0.19850 0.66866
1.00000 1.00000 1.00000

-0.00000 -0.00000 0.41053
-0.77027 -0.23897 -0.00435 0.59123
1.00000 1.00000 1.00000

-0.00000 -0.00000 0.42180
-0.06397 0.30679 -0.94561 0.08729
1.00000 1.00000 1.00000

0.00000 -0.00000 0.16057
-0.16901 -0.00454 0.03362 0.98503
1.00000 1.00000 1.00000

KEYFRAME: 15
TIMESTAMP: 0.50000
0.00000 0.89046 -0.02564
-0.00000 0.70711 0.70711 0.00000
1.00000 1.00000 1.00000

-0.09216 -0.02718 0.03270
-0.93164 0.08907 0.24133 0.25666
1.00000 1.00000 1.00000

-0.00000 -0.00000 0.41053
-0.82988 0.25747 0.00364 0.49497
1.00000 1.00000 1.00000

0.00000 -0.00000 0.42180
-0.10665 -0.63550 0.76371 -0.03892
1.00000 1.00000 1.00000

-0.00000 -0.00000 0.16057
-0.16901 0.00454 -0.03362 0.98503
1.00000 1.00000 1.00000

0.00000 -0.00000 0.17913
-0.04775 0.00211 -0.01603 0.99873
1.00000 1.00000 1.00000

-0.00000 -0.00000 0.23445
-0.07728 0.00069 -0.01267 0.99693
1.00000 1.00000 1.00000

-0.00000 0.00000 0.22946
-0.02012 -0.82082 0.11518 0.55910
1.00000 1.00000 1.00000

0.00000 0.00000 0.20646
0.40197 -0.21525 -0.34642 0.81981
1.00000 1.00000 1.00000

0.00000 -0.00000 0.25925
-0.83157 0.23694 -0.00222 0.50234
1.00000 1.00000 1.00000

-0.00000 -0.00000 0.24513
0.04331 0.07260 -0.88535 0.45718
1.00000 1.00000 1.00000

-0.04602 -0.00223 0.01586
-0.07912 -0.23108 0.50021 0.83074
1.00000 1.00000 1.00000

-0.00000 0.00000 0.05261
0.04058 0.01245 -0.01588 0.99897
1.00000 1.00000 1.00000

-0.00000 0.00000 0.03427
0.14913 0.00250 -0.02800 0.98842
1.00000 1.00000 1.00000

-0.02957 0.02510 0.09603
-0.00492 0.06259 0.95556 0.28804
1.00000 1.00000 1.00000

0.00000 -0.00000 0.03810
-0.15513 -0.00254 0.01004 0.98784
1.00000 1.00000 1.00000

-0.00000 0.00000 0.03016
-0.14451 -0.00432 -0.00825 0.98946
1.00000 1.00000 1.00000

0.00733 -0.00334 0.09627
0.01930 -0.12368 0.92535 0.35785
1.00000 1.00000 1.00000

-0.00000 0.00000 0.03768
-0.06777 0.04184 -0.04238 0.99592
1.00000 1.00000 1.00000

0.00000 -0.00000 0.02689
-0.17781 -0.01259 -0.01214 0.98391
1.00000 1.00000 1.00000

-0.00000 0.00000 0.08297
-0.36735 -0.36371 0.00000 0.85602
1.00000 1.00000 1.00000

-0.00000 0.00000 0.22946
-0.11681 -0.00000 -0.00000 0.99315
1.00000 1.00000 1.00000

0.00000 -0.00000 0.07395
-0.05030 -0.00000 -0.00000 0.99873
1.00000 1.00000 1.00000

0.00000 0.00000 0.22946
-0.02012 0.82082 -0.11518 0.55910
1.00000 1.00000 1.00000

0.00000 0.00000 0.20646
0.34772 0.16689 0.38883 0.83669
1.00000 1.00000 1.00000

-0.00000 -0.00000 0.25925
-0.86009 -0.24507 0.00198 0.44742
1.00000 1.00000 1.00000

0.00000 -0.00000 0.24513
-0.19551 0.15985 0.69849 0.66958
1.00000 1.00000 1.00000

0.04602 -0.00223 0.01586
-0.07912 0.23108 -0.50021 0.83074
1.00000 1.00000 1.00000

-0.00000 -0.00000 0.05261
0.04058 -0.01245 0.01588 0.99897
1.00000 1.00000 1.00000

-0.00000 0.00000 0.03427
0.14913 -0.00250 0.02800 0.98842
1.00000 1.00000 1.00000

0.02957 0.02510 0.09603
-0.00492 -0.06259 -0.95556 0.28804
1.00000 1.00000 1.00000

-0.00000 0.00000 0.03810
-0.15513 0.00254 -0.01004 0.98784
1.00000 1.00000 1.00000

-0.00000 -0.00000 0.03016
-0.14451 0.00432 0.00825 0.98946
1.00000 1.00000 1.00000

-0.00733 -0.00334 0.09627
0.01930 0.12368 -0.92535 0.35785
1.00000 1.00000 1.00000

0.00000 -0.00000 0.03768
-0.06777 -0.04184 0.04238 0.99592
1.00000 1.00000 1.00000

-0.00000 -0.00000 0.02689
-0.17781 0.01259 0.01214 0.98391
1.00000 1.00000 1.00000

-0.00000 0.00000 0.08297
-0.36735 0.36371 -0.00000 0.85602
1.00000 1.00000 1.00000

0.09216 -0.02718 0.03270
-0.70622 -0.08505 -0.19899 0.67411
1.00000 1.00000 1.00000

0.00000 0.00000 0.41053
-0.77280 -0.23976 -0.00433 0.58761
1.00000 1.00000 1.00000

0.00000 0.00000 0.42180
-0.06066 0.29942 -0.94792 0.09010
1.00000 1.00000 1.00000

0.00000 -0.00000 0.16057
-0.16901 -0.00454 0.03362 0.98503
1.00000 1.00000 1.00000

KEYFRAME: 16
TIMESTAMP: 0.53333
0.00000 0.89046 -0.02564
-0.00000 0.70711 0.70711 0.00000
1.00000 1.00000 1.00000

-0.09216 -0.02718 0.03270
-0.92950 0.09099 0.24329 0.26185
1.00000 1.00000 1.00000

-0.00000 0.00000 0.41053
-0.83406 0.25876 0.00359 0.48721
1.00000 1.00000 1.00000

0.00000 0.00000 0.42180
-0.10685 -0.63369 0.76515 -0.03959
1.00000 1.00000 1.00000

-0.00000 -0.00000 0.16057
-0.16901 0.00454 -0.03362 0.98503
1.00000 1.00000 1.00000

0.00000 -0.00000 0.17913
-0.05858 0.00231 -0.01756 0.99813
1.00000 1.00000 1.00000

-0.00000 -0.00000 0.23445
-0.08574 0.00075 -0.01388 0.99622
1.00000 1.00000 1.00000

0.00000 0.00000 0.22946
-0.02012 -0.82082 0.11518 0.55910
1.00000 1.00000 1.00000

-0.00000 0.00000 0.20646
0.37855 -0.16560 -0.41137 0.81244
1.00000 1.00000 1.00000

0.00000 -0.00000 0.25925
-0.80409 0.22911 -0.00243 0.54859
1.00000 1.00000 1.00000

-0.00000 -0.00000 0.24513
0.06060 0.06902 -0.89518 0.43615
1.00000 1.00000 1.00000

-0.04602 -0.00223 0.01586
-0.07912 -0.23108 0.50021 0.83074
1.00000 1.00000 1.00000

-0.00000 -0.00000 0.05261
0.04058 0.01245 -0.01588 0.99897
1.00000 1.00000 1.00000

0.00000 -0.00000 0.03427
0.14913 0.00250 -0.02800 0.98842
1.00000 1.00000 1.00000

-0.02957 0.02510 0.09603
-0.00492 0.06259 0.95556 0.28804
1.00000 1.00000 1.00000

-0.00000 0.00000 0.03810
-0.15513 -0.00254 0.01004 0.98784
1.00000 1.00000 1.00000

0.00000 0.00000 0.03016
-0.14451 -0.00432 -0.00825 0.98946
1.00000 1.00000 1.00000

0.00733 -0.00334 0.09627
0.01930 -0.12368 0.92535 0.35785
1.00000 1.00000 1.00000

0.00000 -0.00000 0.03768
-0.06777 0.04184 -0.04238 0.99592
1.00000 1.00000 1.00000

0.00000 -0.00000 0.02689
-0.17781 -0.01259 -0.01214 0.98391
1.00000 1.00000 1.00000

-0.00000 0.00000 0.08297
-0.36735 -0.36371 0.00000 0.85602
1.00000 1.00000 1.00000

0.00000 0.00000 0.22946
-0.11681 -0.00000 -0.00000 0.99315
1.00000 1.00000 1.00000

0.00000 -0.00000 0.07395
-0.05030 -0.00000 -0.00000 0.99873
1.00000 1.00000 1.00000

0.00000 0.00000 0.22946
-0.02012 0.82082 -0.11518 0.55910
1.00000 1.00000 1.00000

0.00000 0.00000 0.20646
0.31190 0.11445 0.44953 0.82919
1.00000 1.00000 1.00000

0.00000 -0.00000 0.25925
-0.83376 -0.23757 0.00220 0.49840
1.00000 1.00000 1.00000

0.00000 -0.00000 0.24513
-0.17795 0.17173 0.74175 0.62342
1.00000 1.00000 1.00000

0.04602 -0.00223 0.01586
-0.07912 0.23108 -0.50021 0.83074
1.00000 1.00000 1.00000

-0.00000 0.00000 0.05261
0.04058 -0.01245 0.01588 0.99897
1.00000 1.00000 1.00000

-0.00000 -0.00000 0.03427
0.14913 -0.00250 0.02800 0.98842
1.00000 1.00000 1.00000

0.02957 0.02510 0.09603
-0.00492 -0.06259 -0.95556 0.28804
1.00000 1.00000 1.00000

-0.00000 -0.00000 0.03810
-0.15513 0.00254 -0.01004 0.98784
1.00000 1.00000 1.00000

-0.00000 -0.00000 0.03016
-0.14451 0.00432 0.00825 0.98946
1.00000 1.00000 1.00000

-0.00733 -0.00334 0.09627
0.01930 0.12368 -0.92535 0.35785
1.00000 1.00000 1.00000

0.00000 0.00000 0.03768
-0.06777 -0.04184 0.04238 0.99592
1.00000 1.00000 1.00000

-0.00000 -0.00000 0.02689
-0.17781 0.01259 0.01214 0.98391
1.00000 1.00000 1.00000

0.00000 -0.00000 0.08297
-0.36735 0.36371 -0.00000 0.85602
1.00000 1.00000 1.00000

0.09216 -0.02718 0.03270
-0.70150 -0.08809 -0.19937 0.67853
1.00000 1.00000 1.00000

-0.00000 0.00000 0.41053
-0.77481 -0.24038 -0.00431 0.58470
1.00000 1.00000 1.00000

0.00000 0.00000 0.42180
-0.05773 0.29332 -0.94977 0.09252
1.00000 1.00000 1.00000

0.00000 -0.00000 0.16057
-0.16901 -0.00454 0.03362 0.98503
1.00000 1.00000 1.00000

KEYFRAME: 17
TIMESTAMP: 0.56667
0.00000 0.89046 -0.02564
-0.00000 0.70711 0.70711 0.00000
1.00000 1.00000 1.00000

-0.09216 -0.02718 0.03270
-0.92750 0.09258 0.24491 0.26682
1.00000 1.00000 1.00000

-0.00000 0.00000 0.41053
-0.83752 0.25984 0.00354 0.48066
1.00000 1.00000 1.00000

-0.00000 0.00000 0.42180
-0.10699 -0.63184 0.76663 -0.04004
1.00000 1.00000 1.00000

-0.00000 -0.00000 0.16057
-0.16901 0.00454 -0.03362 0.98503
1.00000 1.00000 1.00000

0.00000 -0.00000 0.17913
-0.06892 0.00250 -0.01902 0.99744
1.00000 1.00000 1.00000

-0.00000 -0.00000 0.23445
-0.09383 0.00082 -0.01504 0.99547
1.00000 1.00000 1.00000

0.00000 0.00000 0.22946
-0.02012 -0.82082 0.11518 0.55910
1.00000 1.00000 1.00000

0.00000 -0.00000 0.20646
0.35266 -0.11752 -0.46059 0.80603
1.00000 1.00000 1.00000

-0.00000 -0.00000 0.25925
-0.76915 0.21916 -0.00265 0.60030
1.00000 1.00000 1.00000

-0.00000 -0.00000 0.24513
0.06724 0.06528 -0.90077 0.42406
1.00000 1.00000 1.00000

-0.04602 -0.00223 0.01586
-0.07912 -0.23108 0.50021 0.83074
1.00000 1.00000 1.00000

0.00000 0.00000 0.05261
0.04058 0.01245 -0.01588 0.99897
1.00000 1.00000 1.00000

-0.00000 -0.00000 0.03427
0.14913 0.00250 -0.02800 0.98842
1.00000 1.00000 1.00000

-0.02957 0.02510 0.09603
-0.00492 0.06259 0.95556 0.28804
1.00000 1.00000 1.00000

-0.00000 -0.00000 0.03810
-0.15513 -0.00254 0.01004 0.98784
1.00000 1.00000 1.00000

-0.00000 -0.00000 0.03016
-0.14451 -0.00432 -0.00825 0.98946
1.00000 1.00000 1.00000

0.00733 -0.00334 0.09627
0.01930 -0.12368 0.92535 0.35785
1.00000 1.00000 1.00000

0.00000 0.00000 0.03768
-0.06777 0.04184 -0.04238 0.99592
1.00000 1.00000 1.00000

0.00000 -0.00000 0.02689
-0.17781 -0.01259 -0.01214 0.98391
1.00000 1.00000 1.00000

-0.00000 0.00000 0.08296
-0.36735 -0.36371 0.00000 0.85602
1.00000 1.00000 1.00000

0.00000 0.00000 0.22946
-0.11681 -0.00000 -0.00000 0.99315
1.00000 1.00000 1.00000

0.00000 -0.00000 0.07396
-0.05030 -0.00000 -0.00000 0.99873
1.00000 1.00000 1.00000

0.00000 0.00000 0.22946
-0.02012 0.82082 -0.11518 0.55910
1.00000 1.00000 1.00000

-0.00000 -0.00000 0.20646
0.27691 0.06575 0.49333 0.82196
1.00000 1.00000 1.00000

-0.00000 -0.00000 0.25925
-0.80065 -0.22814 0.00245 0.55399
1.00000 1.00000 1.00000

0.00000 -0.00000 0.24513
-0.16808 0.18287 0.77130 0.58601
1.00000 1.00000 1.00000

0.04602 -0.00223 0.01586
-0.07912 0.23108 -0.50021 0.83074
1.00000 1.00000 1.00000

0.00000 0.00000 0.05261
0.04058 -0.01245 0.01588 0.99897
1.00000 1.00000 1.00000

-0.00000 0.00000 0.03427
0.14913 -0.00250 0.02800 0.98842
1.00000 1.00000 1.00000

0.02957 0.02510 0.09603
-0.00492 -0.06259 -0.95556 0.28804
1.00000 1.00000 1.00000

-0.00000 0.00000 0.03810
-0.15513 0.00254 -0.01004 0.98784
1.00000 1.00000 1.00000

0.00000 -0.00000 0.03016
-0.14451 0.00432 0.00825 0.98946
1.00000 1.00000 1.00000

-0.00733 -0.00334 0.09627
0.01930 0.12368 -0.92535 0.35785
1.00000 1.00000 1.00000

0.00000 -0.00000 0.03768
-0.06777 -0.04184 0.04238 0.99592
1.00000 1.00000 1.00000

-0.00000 -0.00000 0.02689
-0.17781 0.01259 0.01214 0.98391
1.00000 1.00000 1.00000

-0.00000 -0.00000 0.08297
-0.36735 0.36371 -0.00000 0.85602
1.00000 1.00000 1.00000

0.09216 -0.02718 0.03270
-0.69767 -0.09063 -0.19966 0.68204
1.00000 1.00000 1.00000

0.00000 0.00000 0.41053
-0.77638 -0.24087 -0.00429 0.58240
1.00000 1.00000 1.00000

-0.00000 0.00000 0.42180
-0.05522 0.28840 -0.95123 0.09453
1.00000 1.00000 1.00000

0.00000 -0.00000 0.16057
-0.16901 -0.00454 0.03362 0.98503
1.00000 1.00000 1.00000

KEYFRAME: 18
TIMESTAMP: 0.60000
0.00000 0.89046 -0.02564
-0.00000 0.70711 0.70711 0.00000
1.00000 1.00000 1.00000

-0.09216 -0.02718 0.03270
-0.92565 0.09387 0.24623 0.27152
1.00000 1.00000 1.00000

0.00000 -0.00000 0.41053
-0.84035 0.26071 0.00350 0.47522
1.00000 1.00000 1.00000

-0.00000 -0.00000 0.42180
-0.10708 -0.63001 0.76811 -0.04030
1.00000 1.00000 1.00000

-0.00000 -0.00000 0.16057
-0.16901 0.00454 -0.03362 0.98503
1.00000 1.00000 1.00000

0.00000 -0.00000 0.17913
-0.07862 0.00268 -0.02039 0.99669
1.00000 1.00000 1.00000

0.00000 -0.00000 0.23445
-0.10142 0.00088 -0.01612 0.99471
1.00000 1.00000 1.00000

-0.00000 -0.00000 0.22946
-0.02012 -0.82082 0.11518 0.55910
1.00000 1.00000 1.00000

0.00000 0.00000 0.20646
0.32662 -0.07188 -0.49700 0.80072
1.00000 1.00000 1.00000

-0.00000 0.00000 0.25925
-0.72752 0.20730 -0.00289 0.65401
1.00000 1.00000 1.00000

-0.00000 -0.00000 0.24513
0.06484 0.06001 -0.90402 0.41827
1.00000 1.00000 1.00000

-0.04602 -0.00223 0.01586
-0.07912 -0.23108 0.50021 0.83074
1.00000 1.00000 1.00000

-0.00000 0.00000 0.05261
0.04058 0.01245 -0.01588 0.99897
1.00000 1.00000 1.00000

0.00000 -0.00000 0.03427
0.14913 0.00250 -0.02800 0.98842
1.00000 1.00000 1.00000

-0.02957 0.02510 0.09603
-0.00492 0.06259 0.95556 0.28804
1.00000 1.00000 1.00000

-0.00000 0.00000 0.03810
-0.15513 -0.00254 0.01004 0.98784
1.00000 1.00000 1.00000

-0.00000 0.00000 0.03016
-0.14451 -0.00432 -0.00825 0.98946
1.00000 1.00000 1.00000

0.00733 -0.00334 0.09627
0.01930 -0.12368 0.92535 0.35785
1.00000 1.00000 1.00000

-0.00000 -0.00000 0.03768
-0.06777 0.04184 -0.04238 0.99592
1.00000 1.00000 1.00000

0.00000 -0.00000 0.02689
-0.17781 -0.01259 -0.01214 0.98391
1.00000 1.00000 1.00000

0.00000 -0.00000 0.08297
-0.36735 -0.36371 0.00000 0.85602
1.00000 1.00000 1.00000

-0.00000 -0.00000 0.22946
-0.11681 -0.00000 -0.00000 0.99315
1.00000 1.00000 1.00000

0.00000 -0.00000 0.07395
-0.05030 -0.00000 -0.00000 0.99873
1.00000 1.00000 1.00000

0.00000 -0.00000 0.22946
-0.02012 0.82082 -0.11518 0.55910
1.00000 1.00000 1.00000

-0.00000 -0.00000 0.20646
0.24411 0.02096 0.52474 0.81524
1.00000 1.00000 1.00000

-0.00000 -0.00000 0.25925
-0.76155 -0.21699 0.00270 0.61069
1.00000 1.00000 1.00000

0.00000 -0.00000 0.24513
-0.16462 0.19496 0.79119 0.55580
1.00000 1.00000 1.00000

0.04602 -0.00223 0.01586
-0.07912 0.23108 -0.50021 0.83074
1.00000 1.00000 1.00000

0.00000 -0.00000 0.05261
0.04058 -0.01245 0.01588 0.99897
1.00000 1.00000 1.00000

0.00000 -0.00000 0.03427
0.14913 -0.00250 0.02800 0.98842
1.00000 1.00000 1.00000

0.02957 0.02510 0.09603
-0.00492 -0.06259 -0.95556 0.28804
1.00000 1.00000 1.00000

-0.00000 -0.00000 0.03810
-0.15513 0.00254 -0.01004 0.98784
1.00000 1.00000 1.00000

-0.00000 0.00000 0.03016
-0.14451 0.00432 0.00825 0.98946
1.00000 1.00000 1.00000

-0.00733 -0.00334 0.09627
0.01930 0.12368 -0.92535 0.35785
1.00000 1.00000 1.00000

0.00000 0.00000 0.03768
-0.06777 -0.04184 0.04238 0.99592
1.00000 1.00000 1.00000

-0.00000 -0.00000 0.02689
-0.17781 0.01259 0.01214 0.98391
1.00000 1.00000 1.00000

-0.00000 -0.00000 0.08296
-0.36735 0.36371 -0.00000 0.85602
1.00000 1.00000 1.00000

0.09216 -0.02718 0.03270
-0.69467 -0.09269 -0.19987 0.68476
1.00000 1.00000 1.00000

-0.00000 -0.00000 0.41053
-0.77759 -0.24124 -0.00428 0.58064
1.00000 1.00000 1.00000

0.00000 0.00000 0.42180
-0.05314 0.28454 -0.95235 0.09615
1.00000 1.00000 1.00000

0.00000 -0.00000 0.16057
-0.16901 -0.00454 0.03362 0.98503
1.00000 1.00000 1.00000

KEYFRAME: 19
TIMESTAMP: 0.63333
0.00000 0.89046 -0.02564
-0.00000 0.70711 0.70711 0.00000
1.00000 1.00000 1.00000

-0.09216 -0.02718 0.03270
-0.92398 0.09489 0.24727 0.27587
1.00000 1.00000 1.00000

0.00000 -0.00000 0.41053
-0.84261 0.26142 0.00347 0.47081
1.00000 1.00000 1.00000

0.00000 -0.00000 0.42180
-0.10714 -0.62823 0.76955 -0.04040
1.00000 1.00000 1.00000

-0.00000 -0.00000 0.16057
-0.16901 0.00454 -0.03362 0.98503
1.00000 1.00000 1.00000

0.00000 -0.00000 0.17913
-0.08752 0.00285 -0.02165 0.99592
1.00000 1.00000 1.00000

-0.00000 -0.00000 0.23445
-0.10838 0.00093 -0.01712 0.99396
1.00000 1.00000 1.00000

-0.00000 0.00000 0.22946
-0.02012 -0.82082 0.11518 0.55910
1.00000 1.00000 1.00000

-0.00000 -0.00000 0.20646
0.30154 -0.02914 -0.52336 0.79644
1.00000 1.00000 1.00000

-0.00000 -0.00000 0.25925
-0.68035 0.19386 -0.00312 0.70678
1.00000 1.00000 1.00000

-0.00000 -0.00000 0.24513
0.05557 0.05258 -0.90595 0.41642
1.00000 1.00000 1.00000

-0.04602 -0.00223 0.01586
-0.07912 -0.23108 0.50021 0.83074
1.00000 1.00000 1.00000

-0.00000 -0.00000 0.05261
0.04058 0.01245 -0.01588 0.99897
1.00000 1.00000 1.00000

-0.00000 0.00000 0.03427
0.14913 0.00250 -0.02800 0.98842
1.00000 1.00000 1.00000

-0.02957 0.02510 0.09603
-0.00492 0.06259 0.95556 0.28804
1.00000 1.00000 1.00000

0.00000 0.00000 0.03810
-0.15513 -0.00254 0.01004 0.98784
1.00000 1.00000 1.00000

-0.00000 -0.00000 0.03016
-0.14451 -0.00432 -0.00825 0.98946
1.00000 1.00000 1.00000

0.00733 -0.00334 0.09627
0.01930 -0.12368 0.92535 0.35785
1.00000 1.00000 1.00000

-0.00000 0.00000 0.03768
-0.06777 0.04184 -0.04238 0.99592
1.00000 1.00000 1.00000

-0.00000 -0.00000 0.02689
-0.17781 -0.01259 -0.01214 0.98391
1.00000 1.00000 1.00000

0.00000 -0.00000 0.08296
-0.36735 -0.36371 0.00000 0.85602
1.00000 1.00000 1.00000

-0.00000 0.00000 0.22946
-0.11681 -0.00000 -0.00000 0.99315
1.00000 1.00000 1.00000

0.00000 -0.00000 0.07396
-0.05030 -0.00000 -0.00000 0.99873
1.00000 1.00000 1.00000

0.00000 0.00000 0.22946
-0.02012 0.82082 -0.11518 0.55910
1.00000 1.00000 1.00000

-0.00000 -0.00000 0.20646
0.21399 -0.02004 0.54708 0.80902
1.00000 1.00000 1.00000

-0.00000 -0.00000 0.25925
-0.71768 -0.20449 0.00294 0.66566
1.00000 1.00000 1.00000

0.00000 -0.00000 0.24513
-0.16596 0.20851 0.80418 0.53129
1.00000 1.00000 1.00000

0.04602 -0.00223 0.01586
-0.07912 0.23108 -0.50021 0.83074
1.00000 1.00000 1.00000

-0.00000 0.00000 0.05261
0.04058 -0.01245 0.01588 0.99897
1.00000 1.00000 1.00000

-0.00000 -0.00000 0.03427
0.14913 -0.00250 0.02800 0.98842
1.00000 1.00000 1.00000

0.02957 0.02510 0.09603
-0.00492 -0.06259 -0.95556 0.28804
1.00000 1.00000 1.00000

-0.00000 -0.00000 0.03810
-0.15513 0.00254 -0.01004 0.98784
1.00000 1.00000 1.00000

0.00000 -0.00000 0.03016
-0.14451 0.00432 0.00825 0.98946
1.00000 1.00000 1.00000

-0.00733 -0.00334 0.09627
0.01930 0.12368 -0.92535 0.35785
1.00000 1.00000 1.00000

0.00000 0.00000 0.03768
-0.06777 -0.04184 0.04238 0.99592
1.00000 1.00000 1.00000

-0.00000 -0.00000 0.02689
-0.17781 0.01259 0.01214 0.98391
1.00000 1.00000 1.00000

0.00000 -0.00000 0.08297
-0.36735 0.36371 -0.00000 0.85602
1.00000 1.00000 1.00000

0.09216 -0.02718 0.03270
-0.69240 -0.09428 -0.20003 0.68679
1.00000 1.00000 1.00000

0.00000 -0.00000 0.41053
-0.77848 -0.24152 -0.00427 0.57932
1.00000 1.00000 1.00000

0.00000 0.00000 0.42180
-0.05148 0.28163 -0.95318 0.09742
1.00000 1.00000 1.00000

0.00000 -0.00000 0.16057
-0.16901 -0.00454 0.03362 0.98503
1.00000 1.00000 1.00000

KEYFRAME: 20
TIMESTAMP: 0.66667
0.00000 0.89046 -0.02564
-0.00000 0.70711 0.70711 0.00000
1.00000 1.00000 1.00000

-0.09216 -0.02718 0.03270
-0.92248 0.09567 0.24808 0.27989
1.00000 1.00000 1.00000

-0.00000 0.00000 0.41053
-0.84440 0.26197 0.00344 0.46727
1.00000 1.00000 1.00000

0.00000 -0.00000 0.42180
-0.10717 -0.62656 0.77091 -0.04037
1.00000 1.00000 1.00000

-0.00000 -0.00000 0.16057
-0.16901 0.00454 -0.03362 0.98503
1.00000 1.00000 1.00000

0.00000 -0.00000 0.17913
-0.09547 0.00300 -0.02277 0.99517
1.00000 1.00000 1.00000

0.00000 -0.00000 0.23445
-0.11460 0.00098 -0.01800 0.99325
1.00000 1.00000 1.00000

-0.00000 0.00000 0.22946
-0.02012 -0.82082 0.11518 0.55910
1.00000 1.00000 1.00000

0.00000 0.00000 0.20646
0.27793 0.01043 -0.54189 0.79310
1.00000 1.00000 1.00000

0.00000 0.00000 0.25925
-0.62918 0.17928 -0.00334 0.75629
1.00000 1.00000 1.00000

-0.00000 -0.00000 0.24513
0.04156 0.04289 -0.90708 0.41671
1.00000 1.00000 1.00000

-0.04602 -0.00223 0.01586
-0.07912 -0.23108 0.50021 0.83074
1.00000 1.00000 1.00000

0.00000 0.00000 0.05261
0.04058 0.01245 -0.01588 0.99897
1.00000 1.00000 1.00000

0.00000 -0.00000 0.03427
0.14913 0.00250 -0.02800 0.98842
1.00000 1.00000 1.00000

-0.02957 0.02510 0.09603
-0.00492 0.06259 0.95556 0.28804
1.00000 1.00000 1.00000

-0.00000 -0.00000 0.03810
-0.15513 -0.00254 0.01004 0.98784
1.00000 1.00000 1.00000

-0.00000 0.00000 0.03016
-0.14451 -0.00432 -0.00825 0.98946
1.00000 1.00000 1.00000

0.00733 -0.00334 0.09627
0.01930 -0.12368 0.92535 0.35785
1.00000 1.00000 1.00000

-0.00000 0.00000 0.03768
-0.06777 0.04184 -0.04238 0.99592
1.00000 1.00000 1.00000

0.00000 -0.00000 0.02689
-0.17781 -0.01259 -0.01214 0.98391
1.00000 1.00000 1.00000

0.00000 -0.00000 0.08296
-0.36735 -0.36371 0.00000 0.85602
1.00000 1.00000 1.00000

-0.00000 0.00000 0.22946
-0.11681 -0.00000 -0.00000 0.99315
1.00000 1.00000 1.00000

0.00000 -0.00000 0.07395
-0.05030 -0.00000 -0.00000 0.99873
1.00000 1.00000 1.00000

0.00000 0.00000 0.22946
-0.02012 0.82082 -0.11518 0.55910
1.00000 1.00000 1.00000

0.00000 -0.00000 0.20646
0.18678 -0.05721 0.56266 0.80328
1.00000 1.00000 1.00000

-0.00000 0.00000 0.25925
-0.67082 -0.19114 0.00317 0.71656
1.00000 1.00000 1.00000

0.00000 -0.00000 0.24513
-0.17060 0.22331 0.81210 0.51140
1.00000 1.00000 1.00000

0.04602 -0.00223 0.01586
-0.07912 0.23108 -0.50021 0.83074
1.00000 1.00000 1.00000

0.00000 -0.00000 0.05261
0.04058 -0.01245 0.01588 0.99897
1.00000 1.00000 1.00000

0.00000 0.00000 0.03427
0.14913 -0.00250 0.02800 0.98842
1.00000 1.00000 1.00000

0.02957 0.02510 0.09603
-0.00492 -0.06259 -0.95556 0.28804
1.00000 1.00000 1.00000

0.00000 0.00000 0.03810
-0.15513 0.00254 -0.01004 0.98784
1.00000 1.00000 1.00000

0.00000 0.00000 0.03016
-0.14451 0.00432 0.00825 0.98946
1.00000 1.00000 1.00000

-0.00733 -0.00334 0.09627
0.01930 0.12368 -0.92535 0.35785
1.00000 1.00000 1.00000

0.00000 0.00000 0.03768
-0.06777 -0.04184 0.04238 0.99592
1.00000 1.00000 1.00000

-0.00000 -0.00000 0.02689
-0.17781 0.01259 0.01214 0.98391
1.00000 1.00000 1.00000

0.00000 -0.00000 0.08297
-0.36735 0.36371 -0.00000 0.85602
1.00000 1.00000 1.00000

0.09216 -0.02718 0.03270
-0.69077 -0.09544 -0.20014 0.68824
1.00000 1.00000 1.00000

0.00000 -0.00000 0.41053
-0.77912 -0.24172 -0.00426 0.57839
1.00000 1.00000 1.00000

-0.00000 0.00000 0.42180
-0.05022 0.27953 -0.95376 0.09835
1.00000 1.00000 1.00000

0.00000 -0.00000 0.16057
-0.16901 -0.00454 0.03362 0.98503
1.00000 1.00000 1.00000

KEYFRAME: 21
TIMESTAMP: 0.70000
0.00000 0.89046 -0.02564
-0.00000 0.70711 0.70711 0.00000
1.00000 1.00000 1.00000

-0.09216 -0.02718 0.03270
-0.92123 0.09621 0.24865 0.28330
1.00000 1.00000 1.00000

0.00000 0.00000 0.41053
-0.84573 0.26238 0.00342 0.46464
1.00000 1.00000 1.00000

-0.00000 -0.00000 0.42180
-0.10719 -0.62507 0.77212 -0.04026
1.00000 1.00000 1.00000

-0.00000 -0.00000 0.16057
-0.16901 0.00454 -0.03362 0.98503
1.00000 1.00000 1.00000

0.00000 -0.00000 0.17913
-0.10230 0.00312 -0.02373 0.99447
1.00000 1.00000 1.00000

-0.00000 -0.00000 0.23445
-0.11996 0.00102 -0.01877 0.99260
1.00000 1.00000 1.00000

-0.00000 0.00000 0.22946
-0.02012 -0.82082 0.11518 0.55910
1.00000 1.00000 1.00000

0.00000 -0.00000 0.20646
0.25625 0.04632 -0.55428 0.79055
1.00000 1.00000 1.00000

0.00000 0.00000 0.25925
-0.57642 0.16424 -0.00354 0.80047
1.00000 1.00000 1.00000

-0.00000 -0.00000 0.24513
0.02491 0.03143 -0.90762 0.41788
1.00000 1.00000 1.00000

-0.04602 -0.00223 0.01586
-0.07912 -0.23108 0.50021 0.83074
1.00000 1.00000 1.00000

-0.00000 0.00000 0.05261
0.04058 0.01245 -0.01588 0.99897
1.00000 1.00000 1.00000

0.00000 0.00000 0.03427
0.14913 0.00250 -0.02800 0.98842
1.00000 1.00000 1.00000

-0.02957 0.02510 0.09603
-0.00492 0.06259 0.95556 0.28804
1.00000 1.00000 1.00000

0.00000 0.00000 0.03810
-0.15513 -0.00254 0.01004 0.98784
1.00000 1.00000 1.00000

0.00000 -0.00000 0.03016
-0.14451 -0.00432 -0.00825 0.98946
1.00000 1.00000 1.00000

0.00733 -0.00334 0.09627
0.01930 -0.12368 0.92535 0.35785
1.00000 1.00000 1.00000

0.00000 0.00000 0.03768
-0.06777 0.04184 -0.04238 0.99592
1.00000 1.00000 1.00000

0.00000 -0.00000 0.02689
-0.17781 -0.01259 -0.01214 0.98391
1.00000 1.00000 1.00000

-0.00000 0.00000 0.08297
-0.36735 -0.36371 0.00000 0.85602
1.00000 1.00000 1.00000

-0.00000 0.00000 0.22946
-0.11681 -0.00000 -0.00000 0.99315
1.00000 1.00000 1.00000

-0.00000 -0.00000 0.07395
-0.05030 -0.00000 -0.00000 0.99873
1.00000 1.00000 1.00000

0.00000 0.00000 0.22946
-0.02012 0.82082 -0.11518 0.55910
1.00000 1.00000 1.00000

0.00000 -0.00000 0.20646
0.16268 -0.09036 0.57307 0.79810
1.00000 1.00000 1.00000

-0.00000 0.00000 0.25925
-0.62323 -0.17758 0.00337 0.76160
1.00000 1.00000 1.00000

0.00000 -0.00000 0.24513
-0.17728 0.23867 0.81621 0.49539
1.00000 1.00000 1.00000

0.04602 -0.00223 0.01586
-0.07912 0.23108 -0.50021 0.83074
1.00000 1.00000 1.00000

-0.00000 0.00000 0.05261
0.04058 -0.01245 0.01588 0.99897
1.00000 1.00000 1.00000

-0.00000 0.00000 0.03427
0.14913 -0.00250 0.02800 0.98842
1.00000 1.00000 1.00000

0.02957 0.02510 0.09603
-0.00492 -0.06259 -0.95556 0.28804
1.00000 1.00000 1.00000

-0.00000 -0.00000 0.03810
-0.15513 0.00254 -0.01004 0.98784
1.00000 1.00000 1.00000

-0.00000 0.00000 0.03016
-0.14451 0.00432 0.00825 0.98946
1.00000 1.00000 1.00000

-0.00733 -0.00334 0.09627
0.01930 0.12368 -0.92535 0.35785
1.00000 1.00000 1.00000

-0.00000 -0.00000 0.03768
-0.06777 -0.04184 0.04238 0.99592
1.00000 1.00000 1.00000

-0.00000 -0.00000 0.02689
-0.17781 0.01259 0.01214 0.98391
1.00000 1.00000 1.00000

0.00000 -0.00000 0.08297
-0.36735 0.36371 -0.00000 0.85602
1.00000 1.00000 1.00000

0.09216 -0.02718 0.03270
-0.68967 -0.09623 -0.20021 0.68921
1.00000 1.00000 1.00000

-0.00000 0.00000 0.41053
-0.77954 -0.24185 -0.00425 0.57777
1.00000 1.00000 1.00000

0.00000 0.00000 0.42180
-0.04932 0.27813 -0.95415 0.09900
1.00000 1.00000 1.00000

0.00000 -0.00000 0.16057
-0.16901 -0.00454 0.03362 0.98503
1.00000 1.00000 1.00000

KEYFRAME: 22
TIMESTAMP: 0.73333
0.00000 0.89046 -0.02564
-0.00000 0.70711 0.70711 0.00000
1.00000 1.00000 1.00000

-0.09216 -0.02718 0.03270
-0.92022 0.09657 0.24903 0.28609
1.00000 1.00000 1.00000

0.00000 0.00000 0.41053
-0.84666 0.26267 0.00341 0.46277
1.00000 1.00000 1.00000

-0.00000 -0.00000 0.42180
-0.10720 -0.62382 0.77315 -0.04009
1.00000 1.00000 1.00000

-0.00000 -0.00000 0.16057
-0.16901 0.00454 -0.03362 0.98503
1.00000 1.00000 1.00000

0.00000 -0.00000 0.17913
-0.10789 0.00323 -0.02452 0.99386
1.00000 1.00000 1.00000

0.00000 0.00000 0.23445
-0.12434 0.00105 -0.01940 0.99205
1.00000 1.00000 1.00000

0.00000 0.00000 0.22946
-0.02012 -0.82082 0.11518 0.55910
1.00000 1.00000 1.00000

0.00000 0.00000 0.20646
0.23716 0.07755 -0.56191 0.78867
1.00000 1.00000 1.00000

-0.00000 0.00000 0.25925
-0.52556 0.14975 -0.00370 0.83746
1.00000 1.00000 1.00000

-0.00000 -0.00000 0.24513
0.00775 0.01919 -0.90769 0.41913
1.00000 1.00000 1.00000

-0.04602 -0.00223 0.01586
-0.07912 -0.23108 0.50021 0.83074
1.00000 1.00000 1.00000

-0.00000 -0.00000 0.05261
0.04058 0.01245 -0.01588 0.99897
1.00000 1.00000 1.00000

-0.00000 0.00000 0.03427
0.14913 0.00250 -0.02800 0.98842
1.00000 1.00000 1.00000

-0.02957 0.02510 0.09603
-0.00492 0.06259 0.95556 0.28804
1.00000 1.00000 1.00000

0.00000 0.00000 0.03810
-0.15513 -0.00254 0.01004 0.98784
1.00000 1.00000 1.00000

-0.00000 0.00000 0.03016
-0.14451 -0.00432 -0.00825 0.98946
1.00000 1.00000 1.00000

0.00733 -0.00334 0.09627
0.01930 -0.12368 0.92535 0.35785
1.00000 1.00000 1.00000

-0.00000 0.00000 0.03768
-0.06777 0.04184 -0.04238 0.99592
1.00000 1.00000 1.00000

0.00000 -0.00000 0.02689
-0.17781 -0.01259 -0.01214 0.98391
1.00000 1.00000 1.00000

0.00000 -0.00000 0.08297
-0.36735 -0.36371 0.00000 0.85602
1.00000 1.00000 1.00000

0.00000 0.00000 0.22946
-0.11681 -0.00000 -0.00000 0.99315
1.00000 1.00000 1.00000

-0.00000 -0.00000 0.07395
-0.05030 -0.00000 -0.00000 0.99873
1.00000 1.00000 1.00000

0.00000 0.00000 0.22946
-0.02012 0.82082 -0.11518 0.55910
1.00000 1.00000 1.00000

-0.00000 0.00000 0.20646
0.14220 -0.11872 0.57954 0.79361
1.00000 1.00000 1.00000

-0.00000 -0.00000 0.25925
-0.57820 -0.16475 0.00353 0.79908
1.00000 1.00000 1.00000

0.00000 -0.00000 0.24513
-0.18477 0.25347 0.81758 0.48287
1.00000 1.00000 1.00000

0.04602 -0.00223 0.01586
-0.07912 0.23108 -0.50021 0.83074
1.00000 1.00000 1.00000

0.00000 0.00000 0.05261
0.04058 -0.01245 0.01588 0.99897
1.00000 1.00000 1.00000

-0.00000 -0.00000 0.03427
0.14913 -0.00250 0.02800 0.98842
1.00000 1.00000 1.00000

0.02957 0.02510 0.09603
-0.00492 -0.06259 -0.95556 0.28804
1.00000 1.00000 1.00000

0.00000 -0.00000 0.03810
-0.15513 0.00254 -0.01004 0.98784
1.00000 1.00000 1.00000

-0.00000 -0.00000 0.03016
-0.14451 0.00432 0.00825 0.98946
1.00000 1.00000 1.00000

-0.00733 -0.00334 0.09627
0.01930 0.12368 -0.92535 0.35785
1.00000 1.00000 1.00000

0.00000 -0.00000 0.03768
-0.06777 -0.04184 0.04238 0.99592
1.00000 1.00000 1.00000

0.00000 -0.00000 0.02689
-0.17781 0.01259 0.01214 0.98391
1.00000 1.00000 1.00000

-0.00000 -0.00000 0.08297
-0.36735 0.36371 -0.00000 0.85602
1.00000 1.00000 1.00000

0.09216 -0.02718 0.03270
-0.68900 -0.09671 -0.20025 0.68980
1.00000 1.00000 1.00000

0.00000 -0.00000 0.41053
-0.77979 -0.24193 -0.00425 0.57739
1.00000 1.00000 1.00000

-0.00000 0.00000 0.42180
-0.04872 0.27728 -0.95439 0.09942
1.00000 1.00000 1.00000

0.00000 -0.00000 0.16057
-0.16901 -0.00454 0.03362 0.98503
1.00000 1.00000 1.00000

KEYFRAME: 23
TIMESTAMP: 0.76667
0.00000 0.89046 -0.02564
-0.00000 0.70711 0.70711 0.00000
1.00000 1.00000 1.00000

-0.09216 -0.02718 0.03270
-0.91948 0.09678 0.24927 0.28819
1.00000 1.00000 1.00000

-0.00000 0.00000 0.41053
-0.84727 0.26286 0.00340 0.46155
1.00000 1.00000 1.00000

-0.00000 -0.00000 0.42180
-0.10720 -0.62285 0.77393 -0.03992
1.00000 1.00000 1.00000

-0.00000 -0.00000 0.16057
-0.16901 0.00454 -0.03362 0.98503
1.00000 1.00000 1.00000

0.00000 -0.00000 0.17913
-0.11206 0.00330 -0.02510 0.99338
1.00000 1.00000 1.00000

0.00000 -0.00000 0.23445
-0.12761 0.00108 -0.01986 0.99163
1.00000 1.00000 1.00000

0.00000 -0.00000 0.22946
-0.02012 -0.82082 0.11518 0.55910
1.00000 1.00000 1.00000

0.00000 -0.00000 0.20646
0.22165 0.10259 -0.56601 0.78738
1.00000 1.00000 1.00000

-0.00000 0.00000 0.25925
-0.48150 0.13720 -0.00383 0.86563
1.00000 1.00000 1.00000

-0.00000 -0.00000 0.24513
-0.00759 0.00778 -0.90742 0.42009
1.00000 1.00000 1.00000

-0.04602 -0.00223 0.01586
-0.07912 -0.23108 0.50021 0.83074
1.00000 1.00000 1.00000

0.00000 0.00000 0.05261
0.04058 0.01245 -0.01588 0.99897
1.00000 1.00000 1.00000

0.00000 0.00000 0.03427
0.14913 0.00250 -0.02800 0.98842
1.00000 1.00000 1.00000

-0.02957 0.02510 0.09603
-0.00492 0.06259 0.95556 0.28804
1.00000 1.00000 1.00000

0.00000 0.00000 0.03810
-0.15513 -0.00254 0.01004 0.98784
1.00000 1.00000 1.00000

0.00000 -0.00000 0.03016
-0.14451 -0.00432 -0.00825 0.98946
1.00000 1.00000 1.00000

0.00733 -0.00334 0.09627
0.01930 -0.12368 0.92535 0.35785
1.00000 1.00000 1.00000

-0.00000 -0.00000 0.03768
-0.06777 0.04184 -0.04238 0.99592
1.00000 1.00000 1.00000

0.00000 -0.00000 0.02689
-0.17781 -0.01259 -0.01214 0.98391
1.00000 1.00000 1.00000

0.00000 -0.00000 0.08297
-0.36735 -0.36371 0.00000 0.85602
1.00000 1.00000 1.00000

0.00000 -0.00000 0.22946
-0.11681 -0.00000 -0.00000 0.99315
1.00000 1.00000 1.00000

0.00000 -0.00000 0.07396
-0.05030 -0.00000 -0.00000 0.99873
1.00000 1.00000 1.00000

0.00000 -0.00000 0.22946
-0.02012 0.82082 -0.11518 0.55910
1.00000 1.00000 1.00000

-0.00000 0.00000 0.20646
0.12614 -0.14106 0.58313 0.79003
1.00000 1.00000 1.00000

-0.00000 -0.00000 0.25925
-0.53997 -0.15386 0.00366 0.82749
1.00000 1.00000 1.00000

0.00000 -0.00000 0.24513
-0.19174 0.26621 0.81728 0.47373
1.00000 1.00000 1.00000

0.04602 -0.00223 0.01586
-0.07912 0.23108 -0.50021 0.83074
1.00000 1.00000 1.00000

-0.00000 -0.00000 0.05261
0.04058 -0.01245 0.01588 0.99897
1.00000 1.00000 1.00000

0.00000 -0.00000 0.03427
0.14913 -0.00250 0.02800 0.98842
1.00000 1.00000 1.00000

0.02957 0.02510 0.09603
-0.00492 -0.06259 -0.95556 0.28804
1.00000 1.00000 1.00000

0.00000 -0.00000 0.03810
-0.15513 0.00254 -0.01004 0.98784
1.00000 1.00000 1.00000

0.00000 -0.00000 0.03016
-0.14451 0.00432 0.00825 0.98946
1.00000 1.00000 1.00000

-0.00733 -0.00334 0.09627
0.01930 0.12368 -0.92535 0.35785
1.00000 1.00000 1.00000

0.00000 -0.00000 0.03768
-0.06777 -0.04184 0.04238 0.99592
1.00000 1.00000 1.00000

-0.00000 -0.00000 0.02689
-0.17781 0.01259 0.01214 0.98391
1.00000 1.00000 1.00000

-0.00000 0.00000 0.08296
-0.36735 0.36371 -0.00000 0.85602
1.00000 1.00000 1.00000

0.09216 -0.02718 0.03270
-0.68866 -0.09696 -0.20027 0.69010
1.00000 1.00000 1.00000

-0.00000 -0.00000 0.41053
-0.77992 -0.24197 -0.00425 0.57720
1.00000 1.00000 1.00000

0.00000 0.00000 0.42180
-0.04838 0.27684 -0.95451 0.09965
1.00000 1.00000 1.00000

0.00000 -0.00000 0.16057
-0.16901 -0.00454 0.03362 0.98503
1.00000 1.00000 1.00000

KEYFRAME: 24
TIMESTAMP: 0.80000
0.00000 0.89046 -0.02564
-0.00000 0.70711 0.70711 0.00000
1.00000 1.00000 1.00000

-0.09216 -0.02718 0.03270
-0.91902 0.09688 0.24938 0.28951
1.00000 1.00000 1.00000

-0.00000 -0.00000 0.41053
-0.84760 0.26296 0.00339 0.46088
1.00000 1.00000 1.00000

-0.00000 0.00000 0.42180
-0.10721 -0.62223 0.77443 -0.03979
1.00000 1.00000 1.00000

-0.00000 -0.00000 0.16057
-0.16901 0.00454 -0.03362 0.98503
1.00000 1.00000 1.00000

0.00000 -0.00000 0.17913
-0.11468 0.00335 -0.02547 0.99307
1.00000 1.00000 1.00000

0.00000 -0.00000 0.23445
-0.12966 0.00109 -0.02016 0.99135
1.00000 1.00000 1.00000

0.00000 0.00000 0.22946
-0.02012 -0.82082 0.11518 0.55910
1.00000 1.00000 1.00000

0.00000 0.00000 0.20646
0.21118 0.11929 -0.56779 0.78663
1.00000 1.00000 1.00000

0.00000 0.00000 0.25925
-0.45049 0.12836 -0.00391 0.88350
1.00000 1.00000 1.00000

-0.00000 -0.00000 0.24513
-0.01853 -0.00066 -0.90704 0.42063
1.00000 1.00000 1.00000

-0.04602 -0.00223 0.01586
-0.07912 -0.23108 0.50021 0.83074
1.00000 1.00000 1.00000

-0.00000 0.00000 0.05261
0.04058 0.01245 -0.01588 0.99897
1.00000 1.00000 1.00000

-0.00000 0.00000 0.03427
0.14913 0.00250 -0.02800 0.98842
1.00000 1.00000 1.00000

-0.02957 0.02510 0.09603
-0.00492 0.06259 0.95556 0.28804
1.00000 1.00000 1.00000

-0.00000 0.00000 0.03810
-0.15513 -0.00254 0.01004 0.98784
1.00000 1.00000 1.00000

-0.00000 0.00000 0.03016
-0.14451 -0.00432 -0.00825 0.98946
1.00000 1.00000 1.00000

0.00733 -0.00334 0.09627
0.01930 -0.12368 0.92535 0.35785
1.00000 1.00000 1.00000

-0.00000 -0.00000 0.03768
-0.06777 0.04184 -0.04238 0.99592
1.00000 1.00000 1.00000

0.00000 -0.00000 0.02689
-0.17781 -0.01259 -0.01214 0.98391
1.00000 1.00000 1.00000

-0.00000 0.00000 0.08296
-0.36735 -0.36371 0.00000 0.85602
1.00000 1.00000 1.00000

0.00000 0.00000 0.22946
-0.11681 -0.00000 -0.00000 0.99315
1.00000 1.00000 1.00000

0.00000 0.00000 0.07395
-0.05030 -0.00000 -0.00000 0.99873
1.00000 1.00000 1.00000

0.00000 0.00000 0.22946
-0.02012 0.82082 -0.11518 0.55910
1.00000 1.00000 1.00000

0.00000 0.00000 0.20646
0.11563 -0.15572 0.58477 0.78767
1.00000 1.00000 1.00000

-0.00000 0.00000 0.25925
-0.51358 -0.14634 0.00374 0.84546
1.00000 1.00000 1.00000

0.00000 -0.00000 0.24513
-0.19681 0.27508 0.81641 0.46806
1.00000 1.00000 1.00000

0.04602 -0.00223 0.01586
-0.07912 0.23108 -0.50021 0.83074
1.00000 1.00000 1.00000

-0.00000 0.00000 0.05261
0.04058 -0.01245 0.01588 0.99897
1.00000 1.00000 1.00000

0.00000 -0.00000 0.03427
0.14913 -0.00250 0.02800 0.98842
1.00000 1.00000 1.00000

0.02957 0.02510 0.09603
-0.00492 -0.06259 -0.95556 0.28804
1.00000 1.00000 1.00000

0.00000 0.00000 0.03810
-0.15513 0.00254 -0.01004 0.98784
1.00000 1.00000 1.00000

-0.00000 0.00000 0.03016
-0.14451 0.00432 0.00825 0.98946
1.00000 1.00000 1.00000

-0.00733 -0.00334 0.09627
0.01930 0.12368 -0.92535 0.35785
1.00000 1.00000 1.00000

0.00000 0.00000 0.03768
-0.06777 -0.04184 0.04238 0.99592
1.00000 1.00000 1.00000

-0.00000 -0.00000 0.02689
-0.17781 0.01259 0.01214 0.98391
1.00000 1.00000 1.00000

-0.00000 -0.00000 0.08296
-0.36735 0.36371 -0.00000 0.85602
1.00000 1.00000 1.00000

0.09216 -0.02718 0.03270
-0.68853 -0.09706 -0.20028 0.69021
1.00000 1.00000 1.00000

0.00000 -0.00000 0.41053
-0.77997 -0.24198 -0.00425 0.57712
1.00000 1.00000 1.00000

0.00000 -0.00000 0.42180
-0.04822 0.27668 -0.95455 0.09974
1.00000 1.00000 1.00000

0.00000 -0.00000 0.16057
-0.16901 -0.00454 0.03362 0.98503
1.00000 1.00000 1.00000

KEYFRAME: 25
TIMESTAMP: 0.83333
0.00000 0.89046 -0.02564
-0.00000 0.70711 0.70711 0.00000
1.00000 1.00000 1.00000

-0.09216 -0.02718 0.03270
-0.91887 0.09690 0.24941 0.28997
1.00000 1.00000 1.00000

-0.00000 -0.00000 0.41053
-0.84770 0.26299 0.00339 0.46068
1.00000 1.00000 1.00000

0.00000 0.00000 0.42180
-0.10721 -0.62202 0.77461 -0.03974
1.00000 1.00000 1.00000

-0.00000 -0.00000 0.16057
-0.16901 0.00454 -0.03362 0.98503
1.00000 1.00000 1.00000

0.00000 -0.00000 0.17913
-0.11558 0.00337 -0.02560 0.99296
1.00000 1.00000 1.00000

0.00000 -0.00000 0.23445
-0.13037 0.00110 -0.02026 0.99126
1.00000 1.00000 1.00000

-0.00000 0.00000 0.22946
-0.02012 -0.82082 0.11518 0.55910
1.00000 1.00000 1.00000

-0.00000 0.00000 0.20646
0.20737 0.12530 -0.56824 0.78638
1.00000 1.00000 1.00000

0.00000 -0.00000 0.25925
-0.43901 0.12509 -0.00393 0.88972
1.00000 1.00000 1.00000

0.00000 -0.00000 0.24513
-0.02261 -0.00387 -0.90686 0.42081
1.00000 1.00000 1.00000

-0.04602 -0.00223 0.01586
-0.07912 -0.23108 0.50021 0.83074
1.00000 1.00000 1.00000

-0.00000 -0.00000 0.05261
0.04058 0.01245 -0.01588 0.99897
1.00000 1.00000 1.00000

0.00000 -0.00000 0.03427
0.14913 0.00250 -0.02800 0.98842
1.00000 1.00000 1.00000

-0.02957 0.02510 0.09603
-0.00492 0.06259 0.95556 0.28804
1.00000 1.00000 1.00000

0.00000 0.00000 0.03810
-0.15513 -0.00254 0.01004 0.98784
1.00000 1.00000 1.00000

-0.00000 0.00000 0.03016
-0.14451 -0.00432 -0.00825 0.98946
1.00000 1.00000 1.00000

0.00733 -0.00334 0.09627
0.01930 -0.12368 0.92535 0.35785
1.00000 1.00000 1.00000

-0.00000 0.00000 0.03768
-0.06777 0.04184 -0.04238 0.99592
1.00000 1.00000 1.00000

0.00000 -0.00000 0.02689
-0.17781 -0.01259 -0.01214 0.98391
1.00000 1.00000 1.00000

0.00000 -0.00000 0.08297
-0.36735 -0.36371 0.00000 0.85602
1.00000 1.00000 1.00000

-0.00000 0.00000 0.22946
-0.11681 -0.00000 -0.00000 0.99315
1.00000 1.00000 1.00000

0.00000 0.00000 0.07395
-0.05030 -0.00000 -0.00000 0.99873
1.00000 1.00000 1.00000

0.00000 0.00000 0.22946
-0.02012 0.82082 -0.11518 0.55910
1.00000 1.00000 1.00000

0.00000 0.00000 0.20646
0.11189 -0.16094 0.58522 0.78683
1.00000 1.00000 1.00000

-0.00000 0.00000 0.25925
-0.50394 -0.14359 0.00377 0.85171
1.00000 1.00000 1.00000

0.00000 -0.00000 0.24513
-0.19870 0.27834 0.81596 0.46611
1.00000 1.00000 1.00000

0.04602 -0.00223 0.01586
-0.07912 0.23108 -0.50021 0.83074
1.00000 1.00000 1.00000

0.00000 -0.00000 0.05261
0.04058 -0.01245 0.01588 0.99897
1.00000 1.00000 1.00000

-0.00000 0.00000 0.03427
0.14913 -0.00250 0.02800 0.98842
1.00000 1.00000 1.00000

0.02957 0.02510 0.09603
-0.00492 -0.06259 -0.95556 0.28804
1.00000 1.00000 1.00000

0.00000 0.00000 0.03810
-0.15513 0.00254 -0.01004 0.98784
1.00000 1.00000 1.00000

-0.00000 0.00000 0.03016
-0.14451 0.00432 0.00825 0.98946
1.00000 1.00000 1.00000

-0.00733 -0.00334 0.09627
0.01930 0.12368 -0.92535 0.35785
1.00000 1.00000 1.00000

-0.00000 -0.00000 0.03768
-0.06777 -0.04184 0.04238 0.99592
1.00000 1.00000 1.00000

-0.00000 0.00000 0.02689
-0.17781 0.01259 0.01214 0.98391
1.00000 1.00000 1.00000

-0.00000 0.00000 0.08297
-0.36735 0.36371 -0.00000 0.85602
1.00000 1.00000 1.00000

0.09216 -0.02718 0.03270
-0.68851 -0.09707 -0.20028 0.69023
1.00000 1.00000 1.00000

-0.00000 0.00000 0.41053
-0.77998 -0.24199 -0.00425 0.57711
1.00000 1.00000 1.00000

0.00000 -0.00000 0.42180
-0.04818 0.27666 -0.95456 0.09977
1.00000 1.00000 1.00000

0.00000 -0.00000 0.16057
-0.16901 -0.00454 0.03362 0.98503
1.00000 1.00000 1.00000


ANIMATION_NAME: Idle
DURATION: 2.00000

KEYFRAME: 0
TIMESTAMP: 0.00000
0.00000 0.89046 -0.02564
-0.00000 0.70711 0.70711 0.00000
1.00000 1.00000 1.00000

-0.09216 -0.02718 0.03270
-0.99675 -0.00748 0.06874 0.04124
1.00000 1.00000 1.00000

-0.00000 -0.00000 0.41053
-0.09580 0.02972 0.00733 0.99493
1.00000 1.00000 1.00000

0.00000 0.00000 0.42180
-0.02523 -0.56102 0.82557 0.05524
1.00000 1.00000 1.00000

-0.00000 -0.00000 0.16057
-0.16901 0.00454 -0.03362 0.98503
1.00000 1.00000 1.00000

0.00000 -0.00000 0.17913
0.06525 0.00000 0.00000 0.99787
1.00000 1.00000 1.00000

0.00000 -0.00000 0.23445
0.01127 0.00000 0.00000 0.99994
1.00000 1.00000 1.00000

-0.00000 0.00000 0.22946
-0.02012 -0.82082 0.11518 0.55910
1.00000 1.00000 1.00000

-0.00000 -0.00000 0.20646
-0.02739 -0.23469 -0.00580 0.97167
1.00000 1.00000 1.00000

-0.00000 0.00000 0.25925
-0.24942 0.07107 -0.00427 0.96577
1.00000 1.00000 1.00000

-0.00000 -0.00000 0.24513
0.00164 -0.05123 -0.36740 0.92865
1.00000 1.00000 1.00000

-0.04602 -0.00223 0.01586
-0.07912 -0.23108 0.50021 0.83074
1.00000 1.00000 1.00000

-0.00000 -0.00000 0.05261
0.04058 0.01245 -0.01588 0.99897
1.00000 1.00000 1.00000

-0.00000 -0.00000 0.03427
0.14913 0.00250 -0.02800 0.98842
1.00000 1.00000 1.00000

-0.02957 0.02510 0.09603
-0.00492 0.06259 0.95556 0.28804
1.00000 1.00000 1.00000

-0.00000 0.00000 0.03810
-0.15513 -0.00254 0.01004 0.98784
1.00000 1.00000 1.00000

0.00000 -0.00000 0.03016
-0.14451 -0.00432 -0.00825 0.98946
1.00000 1.00000 1.00000

0.00733 -0.00334 0.09627
0.01930 -0.12368 0.92535 0.35785
1.00000 1.00000 1.00000

-0.00000 -0.00000 0.03768
-0.06777 0.04184 -0.04238 0.99592
1.00000 1.00000 1.00000

0.00000 -0.00000 0.02689
-0.17781 -0.01259 -0.01214 0.98391
1.00000 1.00000 1.00000

-0.00000 0.00000 0.08297
-0.36735 -0.36371 0.00000 0.85602
1.00000 1.00000 1.00000

-0.00000 0.00000 0.22946
-0.11681 -0.00000 -0.00000 0.99315
1.00000 1.00000 1.00000

0.00000 -0.00000 0.07396
-0.05030 -0.00000 -0.00000 0.99873
1.00000 1.00000 1.00000

0.00000 0.00000 0.22946
-0.02012 0.82082 -0.11518 0.55910
1.00000 1.00000 1.00000

0.00000 -0.00000 0.20646
-0.02739 0.23469 0.00580 0.97167
1.00000 1.00000 1.00000

0.00000 -0.00000 0.25925
-0.24942 -0.07107 0.00427 0.96577
1.00000 1.00000 1.00000

0.00000 -0.00000 0.24513
0.00164 0.05123 0.36740 0.92865
1.00000 1.00000 1.00000

0.04602 -0.00223 0.01586
-0.07912 0.23108 -0.50021 0.83074
1.00000 1.00000 1.00000

-0.00000 -0.00000 0.05261
0.04058 -0.01245 0.01588 0.99897
1.00000 1.00000 1.00000

-0.00000 -0.00000 0.03427
0.14913 -0.00250 0.02800 0.98842
1.00000 1.00000 1.00000

0.02957 0.02510 0.09603
-0.00492 -0.06259 -0.95556 0.28804
1.00000 1.00000 1.00000

0.00000 0.00000 0.03810
-0.15513 0.00254 -0.01004 0.98784
1.00000 1.00000 1.00000

0.00000 0.00000 0.03016
-0.14451 0.00432 0.00825 0.98946
1.00000 1.00000 1.00000

-0.00733 -0.00334 0.09627
0.01930 0.12368 -0.92535 0.35785
1.00000 1.00000 1.00000

0.00000 0.00000 0.03768
-0.06777 -0.04184 0.04238 0.99592
1.00000 1.00000 1.00000

-0.00000 -0.00000 0.02689
-0.17781 0.01259 0.01214 0.98391
1.00000 1.00000 1.00000

-0.00000 -0.00000 0.08297
-0.36735 0.36371 -0.00000 0.85602
1.00000 1.00000 1.00000

0.09216 -0.02718 0.03270
-0.99675 0.00748 -0.06874 0.04124
1.00000 1.00000 1.00000

0.00000 -0.00000 0.41053
-0.09580 -0.02972 -0.00733 0.99493
1.00000 1.00000 1.00000

0.00000 -0.00000 0.42180
-0.02523 0.56102 -0.82557 0.05524
1.00000 1.00000 1.00000

0.00000 -0.00000 0.16057
-0.16901 -0.00454 0.03362 0.98503
1.00000 1.00000 1.00000

KEYFRAME: 1
TIMESTAMP: 0.03333
0.00000 0.89046 -0.02564
-0.00000 0.70711 0.70711 0.00000
1.00000 1.00000 1.00000

-0.09216 -0.02718 0.03270
-0.99675 -0.00748 0.06874 0.04124
1.00000 1.00000 1.00000

-0.00000 -0.00000 0.41053
-0.09580 0.02972 0.00733 0.99493
1.00000 1.00000 1.00000

0.00000 0.00000 0.42180
-0.02523 -0.56102 0.82557 0.05524
1.00000 1.00000 1.00000

-0.00000 -0.00000 0.16057
-0.16901 0.00454 -0.03362 0.98503
1.00000 1.00000 1.00000

0.00000 -0.00000 0.17913
0.06525 0.00000 0.00000 0.99787
1.00000 1.00000 1.00000

0.00000 -0.00000 0.23445
0.01127 0.00000 0.00000 0.99994
1.00000 1.00000 1.00000

-0.00000 0.00000 0.22946
-0.02012 -0.82082 0.11518 0.55910
1.00000 1.00000 1.00000

-0.00000 -0.00000 0.20646
-0.17066 -0.47053 0.05974 0.86366
1.00000 1.00000 1.00000

-0.00000 -0.00000 0.25925
-0.00277 0.00079 -0.00442 0.99999
1.00000 1.00000 1.00000

-0.00000 -0.00000 0.24513
-0.14381 -0.06334 -0.46155 0.87309
1.00000 1.00000 1.00000

-0.04602 -0.00223 0.01586
-0.07912 -0.23108 0.50021 0.83074
1.00000 1.00000 1.00000

-0.00000 -0.00000 0.05261
0.04058 0.01245 -0.01588 0.99897
1.00000 1.00000 1.00000

0.00000 -0.00000 0.03427
0.14913 0.00250 -0.02800 0.98842
1.00000 1.00000 1.00000

-0.02957 0.02510 0.09603
-0.00492 0.06259 0.95556 0.28804
1.00000 1.00000 1.00000

0.00000 0.00000 0.03810
-0.15513 -0.00254 0.01004 0.98784
1.00000 1.00000 1.00000

-0.00000 0.00000 0.03016
-0.14451 -0.00432 -0.00825 0.98946
1.00000 1.00000 1.00000

0.00733 -0.00334 0.09627
0.01930 -0.12368 0.92535 0.35785
1.00000 1.00000 1.00000

-0.00000 0.00000 0.03768
-0.06777 0.04184 -0.04238 0.99592
1.00000 1.00000 1.00000

0.00000 -0.00000 0.02689
-0.17781 -0.01259 -0.01214 0.98391
1.00000 1.00000 1.00000

0.00000 0.00000 0.08297
-0.36735 -0.36371 0.00000 0.85602
1.00000 1.00000 1.00000

-0.00000 0.00000 0.22946
-0.11681 -0.00000 -0.00000 0.99315
1.00000 1.00000 1.00000

0.00000 -0.00000 0.07396
-0.05030 -0.00000 -0.00000 0.99873
1.00000 1.00000 1.00000

0.00000 0.00000 0.22946
-0.02012 0.82082 -0.11518 0.55910
1.00000 1.00000 1.00000

0.00000 -0.00000 0.20646
-0.16583 0.49511 -0.07223 0.84979
1.00000 1.00000 1.00000

0.00000 -0.00000 0.25925
-0.00283 -0.00081 0.00442 0.99999
1.00000 1.00000 1.00000

0.00000 -0.00000 0.24513
-0.16859 0.02222 0.45566 0.87376
1.00000 1.00000 1.00000

0.04602 -0.00223 0.01586
-0.07912 0.23108 -0.50021 0.83074
1.00000 1.00000 1.00000

0.00000 0.00000 0.05261
0.04058 -0.01245 0.01588 0.99897
1.00000 1.00000 1.00000

0.00000 0.00000 0.03427
0.14913 -0.00250 0.02800 0.98842
1.00000 1.00000 1.00000

0.02957 0.02510 0.09603
-0.00492 -0.06259 -0.95556 0.28804
1.00000 1.00000 1.00000

0.00000 0.00000 0.03810
-0.15513 0.00254 -0.01004 0.98784
1.00000 1.00000 1.00000

-0.00000 -0.00000 0.03016
-0.14451 0.00432 0.00825 0.98946
1.00000 1.00000 1.00000

-0.00733 -0.00334 0.09627
0.01930 0.12368 -0.92535 0.35785
1.00000 1.00000 1.00000

0.00000 -0.00000 0.03768
-0.06777 -0.04184 0.04238 0.99592
1.00000 1.00000 1.00000

-0.00000 -0.00000 0.02689
-0.17781 0.01259 0.01214 0.98391
1.00000 1.00000 1.00000

0.00000 -0.00000 0.08297
-0.36735 0.36371 -0.00000 0.85602
1.00000 1.00000 1.00000

0.09216 -0.02718 0.03270
-0.99675 0.00748 -0.06874 0.04124
1.00000 1.00000 1.00000

0.00000 -0.00000 0.41053
-0.09580 -0.02972 -0.00733 0.99493
1.00000 1.00000 1.00000

0.00000 -0.00000 0.42180
-0.02523 0.56102 -0.82557 0.05524
1.00000 1.00000 1.00000

0.00000 -0.00000 0.16057
-0.16901 -0.00454 0.03362 0.98503
1.00000 1.00000 1.00000

KEYFRAME: 2
TIMESTAMP: 0.06667
0.00000 0.89046 -0.02564
-0.00000 0.70711 0.70711 0.00000
1.00000 1.00000 1.00000

-0.09216 -0.02718 0.03270
-0.99675 -0.00748 0.06874 0.04124
1.00000 1.00000 1.00000

-0.00000 -0.00000 0.41053
-0.09580 0.02972 0.00733 0.99493
1.00000 1.00000 1.00000

0.00000 0.00000 0.42180
-0.02523 -0.56102 0.82557 0.05524
1.00000 1.00000 1.00000

-0.00000 -0.00000 0.16057
-0.16901 0.00454 -0.03362 0.98503
1.00000 1.00000 1.00000

0.00000 -0.00000 0.17913
0.06525 0.00000 0.00000 0.99787
1.00000 1.00000 1.00000

0.00000 -0.00000 0.23445
0.01130 0.00000 0.00000 0.99994
1.00000 1.00000 1.00000

-0.00000 0.00000 0.22946
-0.02012 -0.82078 0.11518 0.55915
1.00000 1.00000 1.00000

-0.00000 0.00000 0.20646
-0.17065 -0.47060 0.05974 0.86362
1.00000 1.00000 1.00000

-0.00000 -0.00000 0.25925
-0.00277 0.00079 -0.00442 0.99999
1.00000 1.00000 1.00000

-0.00000 -0.00000 0.24513
-0.14381 -0.06333 -0.46154 0.87309
1.00000 1.00000 1.00000

-0.04602 -0.00223 0.01586
-0.07912 -0.23108 0.50021 0.83074
1.00000 1.00000 1.00000

0.00000 0.00000 0.05261
0.04058 0.01245 -0.01588 0.99897
1.00000 1.00000 1.00000

0.00000 0.00000 0.03427
0.14913 0.00250 -0.02800 0.98842
1.00000 1.00000 1.00000

-0.02957 0.02510 0.09603
-0.00492 0.06259 0.95556 0.28804
1.00000 1.00000 1.00000

-0.00000 0.00000 0.03810
-0.15513 -0.00254 0.01004 0.98784
1.00000 1.00000 1.00000

0.00000 0.00000 0.03016
-0.14451 -0.00432 -0.00825 0.98946
1.00000 1.00000 1.00000

0.00733 -0.00334 0.09627
0.01930 -0.12368 0.92535 0.35785
1.00000 1.00000 1.00000

-0.00000 0.00000 0.03768
-0.06777 0.04184 -0.04238 0.99592
1.00000 1.00000 1.00000

0.00000 -0.00000 0.02689
-0.17781 -0.01259 -0.01214 0.98391
1.00000 1.00000 1.00000

-0.00000 0.00000 0.08297
-0.36735 -0.36371 0.00000 0.85602
1.00000 1.00000 1.00000

-0.00000 0.00000 0.22946
-0.11681 -0.00000 -0.00000 0.99315
1.00000 1.00000 1.00000

0.00000 -0.00000 0.07396
-0.05030 -0.00000 -0.00000 0.99873
1.00000 1.00000 1.00000

0.00000 0.00000 0.22946
-0.02012 0.82078 -0.11518 0.55915
1.00000 1.00000 1.00000

0.00000 0.00000 0.20646
-0.16581 0.49517 -0.07223 0.84976
1.00000 1.00000 1.00000

0.00000 -0.00000 0.25925
-0.00283 -0.00081 0.00442 0.99999
1.00000 1.00000 1.00000

0.00000 -0.00000 0.24513
-0.16859 0.02221 0.45565 0.87376
1.00000 1.00000 1.00000

0.04602 -0.00223 0.01586
-0.07912 0.23108 -0.50021 0.83074
1.00000 1.00000 1.00000

0.00000 0.00000 0.05261
0.04058 -0.01245 0.01588 0.99897
1.00000 1.00000 1.00000

0.00000 0.00000 0.03427
0.14913 -0.00250 0.02800 0.98842
1.00000 1.00000 1.00000

0.02957 0.02510 0.09603
-0.00492 -0.06259 -0.95556 0.28804
1.00000 1.00000 1.00000

0.00000 -0.00000 0.03810
-0.15513 0.00254 -0.01004 0.98784
1.00000 1.00000 1.00000

0.00000 -0.00000 0.03016
-0.14451 0.00432 0.00825 0.98946
1.00000 1.00000 1.00000

-0.00733 -0.00334 0.09627
0.01930 0.12368 -0.92535 0.35785
1.00000 1.00000 1.00000

0.00000 -0.00000 0.03768
-0.06777 -0.04184 0.04238 0.99592
1.00000 1.00000 1.00000

-0.00000 -0.00000 0.02689
-0.17781 0.01259 0.01214 0.98391
1.00000 1.00000 1.00000

-0.00000 -0.00000 0.08297
-0.36735 0.36371 -0.00000 0.85602
1.00000 1.00000 1.00000

0.09216 -0.02718 0.03270
-0.99675 0.00748 -0.06874 0.04124
1.00000 1.00000 1.00000

0.00000 -0.00000 0.41053
-0.09580 -0.02972 -0.00733 0.99493
1.00000 1.00000 1.00000

0.00000 -0.00000 0.42180
-0.02523 0.56102 -0.82557 0.05524
1.00000 1.00000 1.00000

0.00000 -0.00000 0.16057
-0.16901 -0.00454 0.03362 0.98503
1.00000 1.00000 1.00000

KEYFRAME: 3
TIMESTAMP: 0.10000
0.00000 0.89046 -0.02564
-0.00000 0.70711 0.70711 0.00000
1.00000 1.00000 1.00000

-0.09216 -0.02718 0.03270
-0.99675 -0.00748 0.06874 0.04124
1.00000 1.00000 1.00000

-0.00000 -0.00000 0.41053
-0.09580 0.02972 0.00733 0.99493
1.00000 1.00000 1.00000

0.00000 0.00000 0.42180
-0.02523 -0.56102 0.82557 0.05524
1.00000 1.00000 1.00000

-0.00000 -0.00000 0.16057
-0.16901 0.00454 -0.03362 0.98503
1.00000 1.00000 1.00000

0.00000 -0.00000 0.17913
0.06525 0.00000 0.00000 0.99787
1.00000 1.00000 1.00000

0.00000 -0.00000 0.23445
0.01139 0.00000 0.00000 0.99994
1.00000 1.00000 1.00000

-0.00000 0.00000 0.22946
-0.02014 -0.82068 0.11517 0.55929
1.00000 1.00000 1.00000

-0.00000 0.00000 0.20646
-0.17060 -0.47079 0.05975 0.86353
1.00000 1.00000 1.00000

-0.00000 -0.00000 0.25925
-0.00277 0.00079 -0.00442 0.99999
1.00000 1.00000 1.00000

-0.00000 -0.00000 0.24513
-0.14380 -0.06329 -0.46152 0.87310
1.00000 1.00000 1.00000

-0.04602 -0.00223 0.01586
-0.07912 -0.23108 0.50021 0.83074
1.00000 1.00000 1.00000

-0.00000 0.00000 0.05261
0.04058 0.01245 -0.01588 0.99897
1.00000 1.00000 1.00000

0.00000 0.00000 0.03427
0.14913 0.00250 -0.02800 0.98842
1.00000 1.00000 1.00000

-0.02957 0.02510 0.09603
-0.00492 0.06259 0.95556 0.28804
1.00000 1.00000 1.00000

0.00000 -0.00000 0.03810
-0.15513 -0.00254 0.01004 0.98784
1.00000 1.00000 1.00000

0.00000 0.00000 0.03016
-0.14451 -0.00432 -0.00825 0.98946
1.00000 1.00000 1.00000

0.00733 -0.00334 0.09627
0.01930 -0.12368 0.92535 0.35785
1.00000 1.00000 1.00000

-0.00000 -0.00000 0.03768
-0.06777 0.04184 -0.04238 0.99592
1.00000 1.00000 1.00000

0.00000 -0.00000 0.02689
-0.17781 -0.01259 -0.01214 0.98391
1.00000 1.00000 1.00000

0.00000 0.00000 0.08297
-0.36735 -0.36371 0.00000 0.85602
1.00000 1.00000 1.00000

-0.00000 0.00000 0.22946
-0.11681 -0.00000 -0.00000 0.99315
1.00000 1.00000 1.00000

0.00000 -0.00000 0.07396
-0.05030 -0.00000 -0.00000 0.99873
1.00000 1.00000 1.00000

0.00000 0.00000 0.22946
-0.02014 0.82069 -0.11517 0.55929
1.00000 1.00000 1.00000

-0.00000 0.00000 0.20646
-0.16576 0.49536 -0.07223 0.84966
1.00000 1.00000 1.00000

0.00000 -0.00000 0.25925
-0.00283 -0.00081 0.00442 0.99999
1.00000 1.00000 1.00000

0.00000 -0.00000 0.24513
-0.16859 0.02218 0.45563 0.87378
1.00000 1.00000 1.00000

0.04602 -0.00223 0.01586
-0.07912 0.23108 -0.50021 0.83074
1.00000 1.00000 1.00000

0.00000 0.00000 0.05261
0.04058 -0.01245 0.01588 0.99897
1.00000 1.00000 1.00000

0.00000 0.00000 0.03427
0.14913 -0.00250 0.02800 0.98842
1.00000 1.00000 1.00000

0.02957 0.02510 0.09603
-0.00492 -0.06259 -0.95556 0.28804
1.00000 1.00000 1.00000

0.00000 0.00000 0.03810
-0.15513 0.00254 -0.01004 0.98784
1.00000 1.00000 1.00000

0.00000 -0.00000 0.03016
-0.14451 0.00432 0.00825 0.98946
1.00000 1.00000 1.00000

-0.00733 -0.00334 0.09627
0.01930 0.12368 -0.92535 0.35785
1.00000 1.00000 1.00000

0.00000 0.00000 0.03768
-0.06777 -0.04184 0.04238 0.99592
1.00000 1.00000 1.00000

-0.00000 -0.00000 0.02689
-0.17781 0.01259 0.01214 0.98391
1.00000 1.00000 1.00000

-0.00000 0.00000 0.08296
-0.36735 0.36371 -0.00000 0.85602
1.00000 1.00000 1.00000

0.09216 -0.02718 0.03270
-0.99675 0.00748 -0.06874 0.04124
1.00000 1.00000 1.00000

0.00000 -0.00000 0.41053
-0.09580 -0.02972 -0.00733 0.99493
1.00000 1.00000 1.00000

0.00000 -0.00000 0.42180
-0.02523 0.56102 -0.82557 0.05524
1.00000 1.00000 1.00000

0.00000 -0.00000 0.16057
-0.16901 -0.00454 0.03362 0.98503
1.00000 1.00000 1.00000

KEYFRAME: 4
TIMESTAMP: 0.13333
0.00000 0.89046 -0.02564
-0.00000 0.70711 0.70711 0.00000
1.00000 1.00000 1.00000

-0.09216 -0.02718 0.03270
-0.99675 -0.00748 0.06874 0.04124
1.00000 1.00000 1.00000

-0.00000 -0.00000 0.41053
-0.09580 0.02972 0.00733 0.99493
1.00000 1.00000 1.00000

0.00000 0.00000 0.42180
-0.02523 -0.56102 0.82557 0.05524
1.00000 1.00000 1.00000

-0.00000 -0.00000 0.16057
-0.16901 0.00454 -0.03362 0.98503
1.00000 1.00000 1.00000

0.00000 -0.00000 0.17913
0.06525 0.00000 0.00000 0.99787
1.00000 1.00000 1.00000

0.00000 -0.00000 0.23445
0.01153 0.00000 0.00000 0.99993
1.00000 1.00000 1.00000

-0.00000 0.00000 0.22946
-0.02018 -0.82053 0.11517 0.55952
1.00000 1.00000 1.00000

0.00000 0.00000 0.20646
-0.17052 -0.47110 0.05976 0.86338
1.00000 1.00000 1.00000

-0.00000 0.00000 0.25925
-0.00277 0.00079 -0.00442 0.99999
1.00000 1.00000 1.00000

-0.00000 -0.00000 0.24513
-0.14379 -0.06324 -0.46149 0.87313
1.00000 1.00000 1.00000

-0.04602 -0.00223 0.01586
-0.07912 -0.23108 0.50021 0.83074
1.00000 1.00000 1.00000

0.00000 0.00000 0.05261
0.04058 0.01245 -0.01588 0.99897
1.00000 1.00000 1.00000

0.00000 0.00000 0.03427
0.14913 0.00250 -0.02800 0.98842
1.00000 1.00000 1.00000

-0.02957 0.02510 0.09603
-0.00492 0.06259 0.95556 0.28804
1.00000 1.00000 1.00000

-0.00000 0.00000 0.03810
-0.15513 -0.00254 0.01004 0.98784
1.00000 1.00000 1.00000

-0.00000 -0.00000 0.03016
-0.14451 -0.00432 -0.00825 0.98946
1.00000 1.00000 1.00000

0.00733 -0.00334 0.09627
0.01930 -0.12368 0.92535 0.35785
1.00000 1.00000 1.00000

-0.00000 -0.00000 0.03768
-0.06777 0.04184 -0.04238 0.99592
1.00000 1.00000 1.00000

0.00000 -0.00000 0.02689
-0.17781 -0.01259 -0.01214 0.98391
1.00000 1.00000 1.00000

0.00000 0.00000 0.08297
-0.36735 -0.36371 0.00000 0.85602
1.00000 1.00000 1.00000

-0.00000 0.00000 0.22946
-0.11681 -0.00000 -0.00000 0.99315
1.00000 1.00000 1.00000

0.00000 -0.00000 0.07396
-0.05030 -0.00000 -0.00000 0.99873
1.00000 1.00000 1.00000

0.00000 0.00000 0.22946
-0.02018 0.82053 -0.11517 0.55952
1.00000 1.00000 1.00000

-0.00000 -0.00000 0.20646
-0.16568 0.49565 -0.07224 0.84951
1.00000 1.00000 1.00000

0.00000 0.00000 0.25925
-0.00283 -0.00081 0.00442 0.99999
1.00000 1.00000 1.00000

0.00000 -0.00000 0.24513
-0.16858 0.02214 0.45560 0.87380
1.00000 1.00000 1.00000

0.04602 -0.00223 0.01586
-0.07912 0.23108 -0.50021 0.83074
1.00000 1.00000 1.00000

0.00000 0.00000 0.05261
0.04058 -0.01245 0.01588 0.99897
1.00000 1.00000 1.00000

-0.00000 0.00000 0.03427
0.14913 -0.00250 0.02800 0.98842
1.00000 1.00000 1.00000

0.02957 0.02510 0.09603
-0.00492 -0.06259 -0.95556 0.28804
1.00000 1.00000 1.00000

0.00000 -0.00000 0.03810
-0.15513 0.00254 -0.01004 0.98784
1.00000 1.00000 1.00000

0.00000 -0.00000 0.03016
-0.14451 0.00432 0.00825 0.98946
1.00000 1.00000 1.00000

-0.00733 -0.00334 0.09627
0.01930 0.12368 -0.92535 0.35785
1.00000 1.00000 1.00000

0.00000 -0.00000 0.03768
-0.06777 -0.04184 0.04238 0.99592
1.00000 1.00000 1.00000

-0.00000 -0.00000 0.02689
-0.17781 0.01259 0.01214 0.98391
1.00000 1.00000 1.00000

-0.00000 -0.00000 0.08297
-0.36735 0.36371 -0.00000 0.85602
1.00000 1.00000 1.00000

0.09216 -0.02718 0.03270
-0.99675 0.00748 -0.06874 0.04124
1.00000 1.00000 1.00000

0.00000 -0.00000 0.41053
-0.09580 -0.02972 -0.00733 0.99493
1.00000 1.00000 1.00000

0.00000 -0.00000 0.42180
-0.02523 0.56102 -0.82557 0.05524
1.00000 1.00000 1.00000

0.00000 -0.00000 0.16057
-0.16901 -0.00454 0.03362 0.98503
1.00000 1.00000 1.00000

KEYFRAME: 5
TIMESTAMP: 0.16667
0.00000 0.89046 -0.02564
-0.00000 0.70711 0.70711 0.00000
1.00000 1.00000 1.00000

-0.09216 -0.02718 0.03270
-0.99675 -0.00748 0.06874 0.04124
1.00000 1.00000 1.00000

-0.00000 -0.00000 0.41053
-0.09580 0.02972 0.00733 0.99493
1.00000 1.00000 1.00000

0.00000 0.00000 0.42180
-0.02523 -0.56102 0.82557 0.05524
1.00000 1.00000 1.00000

-0.00000 -0.00000 0.16057
-0.16901 0.00454 -0.03362 0.98503
1.00000 1.00000 1.00000

0.00000 -0.00000 0.17913
0.06525 0.00000 0.00000 0.99787
1.00000 1.00000 1.00000

0.00000 -0.00000 0.23445
0.01172 0.00000 0.00000 0.99993
1.00000 1.00000 1.00000

-0.00000 0.00000 0.22946
-0.02022 -0.82031 0.11516 0.55984
1.00000 1.00000 1.00000

-0.00000 -0.00000 0.20646
-0.17041 -0.47152 0.05977 0.86317
1.00000 1.00000 1.00000

-0.00000 0.00000 0.25925
-0.00277 0.00079 -0.00442 0.99999
1.00000 1.00000 1.00000

-0.00000 -0.00000 0.24513
-0.14378 -0.06317 -0.46145 0.87316
1.00000 1.00000 1.00000

-0.04602 -0.00223 0.01586
-0.07912 -0.23108 0.50021 0.83074
1.00000 1.00000 1.00000

0.00000 0.00000 0.05261
0.04058 0.01245 -0.01588 0.99897
1.00000 1.00000 1.00000

-0.00000 -0.00000 0.03427
0.14913 0.00250 -0.02800 0.98842
1.00000 1.00000 1.00000

-0.02957 0.02510 0.09603
-0.00492 0.06259 0.95556 0.28804
1.00000 1.00000 1.00000

-0.00000 -0.00000 0.03810
-0.15513 -0.00254 0.01004 0.98784
1.00000 1.00000 1.00000

-0.00000 0.00000 0.03016
-0.14451 -0.00432 -0.00825 0.98946
1.00000 1.00000 1.00000

0.00733 -0.00334 0.09627
0.01930 -0.12368 0.92535 0.35785
1.00000 1.00000 1.00000

-0.00000 -0.00000 0.03768
-0.06777 0.04184 -0.04238 0.99592
1.00000 1.00000 1.00000

0.00000 -0.00000 0.02689
-0.17781 -0.01259 -0.01214 0.98391
1.00000 1.00000 1.00000

0.00000 -0.00000 0.08297
-0.36735 -0.36371 0.00000 0.85602
1.00000 1.00000 1.00000

-0.00000 0.00000 0.22946
-0.11681 -0.00000 -0.00000 0.99315
1.00000 1.00000 1.00000

0.00000 -0.00000 0.07395
-0.05030 -0.00000 -0.00000 0.99873
1.00000 1.00000 1.00000

0.00000 0.00000 0.22946
-0.02022 0.82031 -0.11516 0.55984
1.00000 1.00000 1.00000

-0.00000 0.00000 0.20646
-0.16557 0.49604 -0.07225 0.84930
1.00000 1.00000 1.00000

0.00000 -0.00000 0.25925
-0.00283 -0.00081 0.00442 0.99999
1.00000 1.00000 1.00000

0.00000 -0.00000 0.24513
-0.16856 0.02209 0.45556 0.87382
1.00000 1.00000 1.00000

0.04602 -0.00223 0.01586
-0.07912 0.23108 -0.50021 0.83074
1.00000 1.00000 1.00000

-0.00000 -0.00000 0.05261
0.04058 -0.01245 0.01588 0.99897
1.00000 1.00000 1.00000

-0.00000 0.00000 0.03427
0.14913 -0.00250 0.02800 0.98842
1.00000 1.00000 1.00000

0.02957 0.02510 0.09603
-0.00492 -0.06259 -0.95556 0.28804
1.00000 1.00000 1.00000

-0.00000 0.00000 0.03810
-0.15513 0.00254 -0.01004 0.98784
1.00000 1.00000 1.00000

0.00000 -0.00000 0.03016
-0.14451 0.00432 0.00825 0.98946
1.00000 1.00000 1.00000

-0.00733 -0.00334 0.09627
0.01930 0.12368 -0.92535 0.35785
1.00000 1.00000 1.00000

0.00000 -0.00000 0.03768
-0.06777 -0.04184 0.04238 0.99592
1.00000 1.00000 1.00000

-0.00000 -0.00000 0.02689
-0.17781 0.01259 0.01214 0.98391
1.00000 1.00000 1.00000

0.00000 0.00000 0.08297
-0.36735 0.36371 -0.00000 0.85602
1.00000 1.00000 1.00000

0.09216 -0.02718 0.03270
-0.99675 0.00748 -0.06874 0.04124
1.00000 1.00000 1.00000

0.00000 -0.00000 0.41053
-0.09580 -0.02972 -0.00733 0.99493
1.00000 1.00000 1.00000

0.00000 -0.00000 0.42180
-0.02523 0.56102 -0.82557 0.05524
1.00000 1.00000 1.00000

0.00000 -0.00000 0.16057
-0.16901 -0.00454 0.03362 0.98503
1.00000 1.00000 1.00000

KEYFRAME: 6
TIMESTAMP: 0.20000
0.00000 0.89046 -0.02564
-0.00000 0.70711 0.70711 0.00000
1.00000 1.00000 1.00000

-0.09216 -0.02718 0.03270
-0.99675 -0.00748 0.06874 0.04124
1.00000 1.00000 1.00000

-0.00000 -0.00000 0.41053
-0.09580 0.02972 0.00733 0.99493
1.00000 1.00000 1.00000

0.00000 0.00000 0.42180
-0.02523 -0.56102 0.82557 0.05524
1.00000 1.00000 1.00000

-0.00000 -0.00000 0.16057
-0.16901 0.00454 -0.03362 0.98503
1.00000 1.00000 1.00000

0.00000 -0.00000 0.17913
0.06525 0.00000 0.00000 0.99787
1.00000 1.00000 1.00000

0.00000 -0.00000 0.23445
0.01196 0.00000 0.00000 0.99993
1.00000 1.00000 1.00000

-0.00000 0.00000 0.22946
-0.02027 -0.82005 0.11515 0.56023
1.00000 1.00000 1.00000

0.00000 0.00000 0.20646
-0.17027 -0.47203 0.05978 0.86291
1.00000 1.00000 1.00000

-0.00000 -0.00000 0.25925
-0.00277 0.00079 -0.00442 0.99999
1.00000 1.00000 1.00000

-0.00000 -0.00000 0.24513
-0.14377 -0.06308 -0.46140 0.87319
1.00000 1.00000 1.00000

-0.04602 -0.00223 0.01586
-0.07912 -0.23108 0.50021 0.83074
1.00000 1.00000 1.00000

-0.00000 -0.00000 0.05261
0.04058 0.01245 -0.01588 0.99897
1.00000 1.00000 1.00000

0.00000 0.00000 0.03427
0.14913 0.00250 -0.02800 0.98842
1.00000 1.00000 1.00000

-0.02957 0.02510 0.09603
-0.00492 0.06259 0.95556 0.28804
1.00000 1.00000 1.00000

-0.00000 0.00000 0.03810
-0.15513 -0.00254 0.01004 0.98784
1.00000 1.00000 1.00000

-0.00000 0.00000 0.03016
-0.14451 -0.00432 -0.00825 0.98946
1.00000 1.00000 1.00000

0.00733 -0.00334 0.09627
0.01930 -0.12368 0.92535 0.35785
1.00000 1.00000 1.00000

-0.00000 -0.00000 0.03768
-0.06777 0.04184 -0.04238 0.99592
1.00000 1.00000 1.00000

0.00000 -0.00000 0.02689
-0.17781 -0.01259 -0.01214 0.98391
1.00000 1.00000 1.00000

0.00000 0.00000 0.08296
-0.36735 -0.36371 0.00000 0.85602
1.00000 1.00000 1.00000

-0.00000 0.00000 0.22946
-0.11681 -0.00000 -0.00000 0.99315
1.00000 1.00000 1.00000

0.00000 -0.00000 0.07395
-0.05030 -0.00000 -0.00000 0.99873
1.00000 1.00000 1.00000

0.00000 0.00000 0.22946
-0.02027 0.82005 -0.11515 0.56022
1.00000 1.00000 1.00000

-0.00000 0.00000 0.20646
-0.16543 0.49653 -0.07227 0.84904
1.00000 1.00000 1.00000

0.00000 0.00000 0.25925
-0.00283 -0.00081 0.00442 0.99999
1.00000 1.00000 1.00000

0.00000 -0.00000 0.24513
-0.16855 0.02202 0.45551 0.87385
1.00000 1.00000 1.00000

0.04602 -0.00223 0.01586
-0.07912 0.23108 -0.50021 0.83074
1.00000 1.00000 1.00000

0.00000 0.00000 0.05261
0.04058 -0.01245 0.01588 0.99897
1.00000 1.00000 1.00000

0.00000 -0.00000 0.03427
0.14913 -0.00250 0.02800 0.98842
1.00000 1.00000 1.00000

0.02957 0.02510 0.09603
-0.00492 -0.06259 -0.95556 0.28804
1.00000 1.00000 1.00000

-0.00000 -0.00000 0.03810
-0.15513 0.00254 -0.01004 0.98784
1.00000 1.00000 1.00000

0.00000 -0.00000 0.03016
-0.14451 0.00432 0.00825 0.98946
1.00000 1.00000 1.00000

-0.00733 -0.00334 0.09627
0.01930 0.12368 -0.92535 0.35785
1.00000 1.00000 1.00000

0.00000 0.00000 0.03768
-0.06777 -0.04184 0.04238 0.99592
1.00000 1.00000 1.00000

-0.00000 -0.00000 0.02689
-0.17781 0.01259 0.01214 0.98391
1.00000 1.00000 1.00000

-0.00000 -0.00000 0.08297
-0.36735 0.36371 -0.00000 0.85602
1.00000 1.00000 1.00000

0.09216 -0.02718 0.03270
-0.99675 0.00748 -0.06874 0.04124
1.00000 1.00000 1.00000

0.00000 -0.00000 0.41053
-0.09580 -0.02972 -0.00733 0.99493
1.00000 1.00000 1.00000

0.00000 -0.00000 0.42180
-0.02523 0.56102 -0.82557 0.05524
1.00000 1.00000 1.00000

0.00000 -0.00000 0.16057
-0.16901 -0.00454 0.03362 0.98503
1.00000 1.00000 1.00000

KEYFRAME: 7
TIMESTAMP: 0.23333
0.00000 0.89046 -0.02564
-0.00000 0.70711 0.70711 0.00000
1.00000 1.00000 1.00000

-0.09216 -0.02718 0.03270
-0.99675 -0.00748 0.06874 0.04124
1.00000 1.00000 1.00000

-0.00000 -0.00000 0.41053
-0.09580 0.02972 0.00733 0.99493
1.00000 1.00000 1.00000

0.00000 0.00000 0.42180
-0.02523 -0.56102 0.82557 0.05524
1.00000 1.00000 1.00000

-0.00000 -0.00000 0.16057
-0.16901 0.00454 -0.03362 0.98503
1.00000 1.00000 1.00000

0.00000 -0.00000 0.17913
0.06525 0.00000 0.00000 0.99787
1.00000 1.00000 1.00000

0.00000 -0.00000 0.23445
0.01224 0.00000 0.00000 0.99993
1.00000 1.00000 1.00000

-0.00000 0.00000 0.22946
-0.02034 -0.81974 0.11514 0.56068
1.00000 1.00000 1.00000

-0.00000 -0.00000 0.20646
-0.17012 -0.47263 0.05980 0.86261
1.00000 1.00000 1.00000

-0.00000 0.00000 0.25925
-0.00277 0.00079 -0.00442 0.99999
1.00000 1.00000 1.00000

-0.00000 -0.00000 0.24513
-0.14375 -0.06298 -0.46133 0.87324
1.00000 1.00000 1.00000

-0.04602 -0.00223 0.01586
-0.07912 -0.23108 0.50021 0.83074
1.00000 1.00000 1.00000

0.00000 -0.00000 0.05261
0.04058 0.01245 -0.01588 0.99897
1.00000 1.00000 1.00000

-0.00000 -0.00000 0.03427
0.14913 0.00250 -0.02800 0.98842
1.00000 1.00000 1.00000

-0.02957 0.02510 0.09603
-0.00492 0.06259 0.95556 0.28804
1.00000 1.00000 1.00000

0.00000 -0.00000 0.03810
-0.15513 -0.00254 0.01004 0.98784
1.00000 1.00000 1.00000

0.00000 -0.00000 0.03016
-0.14451 -0.00432 -0.00825 0.98946
1.00000 1.00000 1.00000

0.00733 -0.00334 0.09627
0.01930 -0.12368 0.92535 0.35785
1.00000 1.00000 1.00000

-0.00000 -0.00000 0.03768
-0.06777 0.04184 -0.04238 0.99592
1.00000 1.00000 1.00000

0.00000 -0.00000 0.02689
-0.17781 -0.01259 -0.01214 0.98391
1.00000 1.00000 1.00000

0.00000 -0.00000 0.08297
-0.36735 -0.36371 0.00000 0.85602
1.00000 1.00000 1.00000

-0.00000 0.00000 0.22946
-0.11681 -0.00000 -0.00000 0.99315
1.00000 1.00000 1.00000

0.00000 -0.00000 0.07395
-0.05030 -0.00000 -0.00000 0.99873
1.00000 1.00000 1.00000

0.00000 0.00000 0.22946
-0.02034 0.81974 -0.11514 0.56068
1.00000 1.00000 1.00000

-0.00000 -0.00000 0.20646
-0.16527 0.49711 -0.07228 0.84873
1.00000 1.00000 1.00000

-0.00000 -0.00000 0.25925
-0.00283 -0.00081 0.00442 0.99999
1.00000 1.00000 1.00000

0.00000 -0.00000 0.24513
-0.16853 0.02194 0.45545 0.87389
1.00000 1.00000 1.00000

0.04602 -0.00223 0.01586
-0.07912 0.23108 -0.50021 0.83074
1.00000 1.00000 1.00000

-0.00000 0.00000 0.05261
0.04058 -0.01245 0.01588 0.99897
1.00000 1.00000 1.00000

-0.00000 0.00000 0.03427
0.14913 -0.00250 0.02800 0.98842
1.00000 1.00000 1.00000

0.02957 0.02510 0.09603
-0.00492 -0.06259 -0.95556 0.28804
1.00000 1.00000 1.00000

0.00000 -0.00000 0.03810
-0.15513 0.00254 -0.01004 0.98784
1.00000 1.00000 1.00000

0.00000 0.00000 0.03016
-0.14451 0.00432 0.00825 0.98946
1.00000 1.00000 1.00000

-0.00733 -0.00334 0.09627
0.01930 0.12368 -0.92535 0.35785
1.00000 1.00000 1.00000

0.00000 0.00000 0.03768
-0.06777 -0.04184 0.04238 0.99592
1.00000 1.00000 1.00000

-0.00000 -0.00000 0.02689
-0.17781 0.01259 0.01214 0.98391
1.00000 1.00000 1.00000

0.00000 0.00000 0.08296
-0.36735 0.36371 -0.00000 0.85602
1.00000 1.00000 1.00000

0.09216 -0.02718 0.03270
-0.99675 0.00748 -0.06874 0.04124
1.00000 1.00000 1.00000

0.00000 -0.00000 0.41053
-0.09580 -0.02972 -0.00733 0.99493
1.00000 1.00000 1.00000

0.00000 -0.00000 0.42180
-0.02523 0.56102 -0.82557 0.05524
1.00000 1.00000 1.00000

0.00000 -0.00000 0.16057
-0.16901 -0.00454 0.03362 0.98503
1.00000 1.00000 1.00000

KEYFRAME: 8
TIMESTAMP: 0.26667
0.00000 0.89046 -0.02564
-0.00000 0.70711 0.70711 0.00000
1.00000 1.00000 1.00000

-0.09216 -0.02718 0.03270
-0.99675 -0.00748 0.06874 0.04124
1.00000 1.00000 1.00000

-0.00000 -0.00000 0.41053
-0.09580 0.02972 0.00733 0.99493
1.00000 1.00000 1.00000

0.00000 0.00000 0.42180
-0.02523 -0.56102 0.82557 0.05524
1.00000 1.00000 1.00000

-0.00000 -0.00000 0.16057
-0.16901 0.00454 -0.03362 0.98503
1.00000 1.00000 1.00000

0.00000 -0.00000 0.17913
0.06525 0.00000 0.00000 0.99787
1.00000 1.00000 1.00000

0.00000 -0.00000 0.23445
0.01255 0.00000 0.00000 0.99992
1.00000 1.00000 1.00000

-0.00000 0.00000 0.22946
-0.02041 -0.81938 0.11513 0.56120
1.00000 1.00000 1.00000

-0.00000 0.00000 0.20646
-0.16994 -0.47331 0.05982 0.86228
1.00000 1.00000 1.00000

-0.00000 0.00000 0.25925
-0.00277 0.00079 -0.00442 0.99999
1.00000 1.00000 1.00000

-0.00000 -0.00000 0.24513
-0.14373 -0.06286 -0.46126 0.87328
1.00000 1.00000 1.00000

-0.04602 -0.00223 0.01586
-0.07912 -0.23108 0.50021 0.83074
1.00000 1.00000 1.00000

0.00000 0.00000 0.05261
0.04058 0.01245 -0.01588 0.99897
1.00000 1.00000 1.00000

0.00000 -0.00000 0.03427
0.14913 0.00250 -0.02800 0.98842
1.00000 1.00000 1.00000

-0.02957 0.02510 0.09603
-0.00492 0.06259 0.95556 0.28804
1.00000 1.00000 1.00000

0.00000 -0.00000 0.03810
-0.15513 -0.00254 0.01004 0.98784
1.00000 1.00000 1.00000

0.00000 0.00000 0.03016
-0.14451 -0.00432 -0.00825 0.98946
1.00000 1.00000 1.00000

0.00733 -0.00334 0.09627
0.01930 -0.12368 0.92535 0.35785
1.00000 1.00000 1.00000

-0.00000 0.00000 0.03768
-0.06777 0.04184 -0.04238 0.99592
1.00000 1.00000 1.00000

0.00000 -0.00000 0.02689
-0.17781 -0.01259 -0.01214 0.98391
1.00000 1.00000 1.00000

0.00000 0.00000 0.08297
-0.36735 -0.36371 0.00000 0.85602
1.00000 1.00000 1.00000

-0.00000 0.00000 0.22946
-0.11681 -0.00000 -0.00000 0.99315
1.00000 1.00000 1.00000

0.00000 -0.00000 0.07396
-0.05030 -0.00000 -0.00000 0.99873
1.00000 1.00000 1.00000

0.00000 0.00000 0.22946
-0.02041 0.81939 -0.11513 0.56119
1.00000 1.00000 1.00000

0.00000 0.00000 0.20646
-0.16509 0.49775 -0.07230 0.84839
1.00000 1.00000 1.00000

0.00000 -0.00000 0.25925
-0.00283 -0.00081 0.00442 0.99999
1.00000 1.00000 1.00000

0.00000 -0.00000 0.24513
-0.16851 0.02185 0.45539 0.87393
1.00000 1.00000 1.00000

0.04602 -0.00223 0.01586
-0.07912 0.23108 -0.50021 0.83074
1.00000 1.00000 1.00000

-0.00000 -0.00000 0.05261
0.04058 -0.01245 0.01588 0.99897
1.00000 1.00000 1.00000

0.00000 -0.00000 0.03427
0.14913 -0.00250 0.02800 0.98842
1.00000 1.00000 1.00000

0.02957 0.02510 0.09603
-0.00492 -0.06259 -0.95556 0.28804
1.00000 1.00000 1.00000

-0.00000 -0.00000 0.03810
-0.15513 0.00254 -0.01004 0.98784
1.00000 1.00000 1.00000

-0.00000 0.00000 0.03016
-0.14451 0.00432 0.00825 0.98946
1.00000 1.00000 1.00000

-0.00733 -0.00334 0.09627
0.01930 0.12368 -0.92535 0.35785
1.00000 1.00000 1.00000

0.00000 0.00000 0.03768
-0.06777 -0.04184 0.04238 0.99592
1.00000 1.00000 1.00000

-0.00000 -0.00000 0.02689
-0.17781 0.01259 0.01214 0.98391
1.00000 1.00000 1.00000

0.00000 -0.00000 0.08297
-0.36735 0.36371 -0.00000 0.85602
1.00000 1.00000 1.00000

0.09216 -0.02718 0.03270
-0.99675 0.00748 -0.06874 0.04124
1.00000 1.00000 1.00000

0.00000 -0.00000 0.41053
-0.09580 -0.02972 -0.00733 0.99493
1.00000 1.00000 1.00000

0.00000 -0.00000 0.42180
-0.02523 0.56102 -0.82557 0.05524
1.00000 1.00000 1.00000

0.00000 -0.00000 0.16057
-0.16901 -0.00454 0.03362 0.98503
1.00000 1.00000 1.00000

KEYFRAME: 9
TIMESTAMP: 0.30000
0.00000 0.89046 -0.02564
-0.00000 0.70711 0.70711 0.00000
1.00000 1.00000 1.00000

-0.09216 -0.02718 0.03270
-0.99675 -0.00748 0.06874 0.04124
1.00000 1.00000 1.00000

-0.00000 -0.00000 0.41053
-0.09580 0.02972 0.00733 0.99493
1.00000 1.00000 1.00000

0.00000 0.00000 0.42180
-0.02523 -0.56102 0.82557 0.05524
1.00000 1.00000 1.00000

-0.00000 -0.00000 0.16057
-0.16901 0.00454 -0.03362 0.98503
1.00000 1.00000 1.00000

0.00000 -0.00000 0.17913
0.06525 0.00000 0.00000 0.99787
1.00000 1.00000 1.00000

0.00000 -0.00000 0.23445
0.01290 0.00000 0.00000 0.99992
1.00000 1.00000 1.00000

-0.00000 0.00000 0.22946
-0.02049 -0.81899 0.11511 0.56176
1.00000 1.00000 1.00000

-0.00000 -0.00000 0.20646
-0.16975 -0.47406 0.05984 0.86190
1.00000 1.00000 1.00000

0.00000 -0.00000 0.25925
-0.00277 0.00079 -0.00442 0.99999
1.00000 1.00000 1.00000

-0.00000 -0.00000 0.24513
-0.14371 -0.06273 -0.46119 0.87334
1.00000 1.00000 1.00000

-0.04602 -0.00223 0.01586
-0.07912 -0.23108 0.50021 0.83074
1.00000 1.00000 1.00000

0.00000 -0.00000 0.05261
0.04058 0.01245 -0.01588 0.99897
1.00000 1.00000 1.00000

-0.00000 0.00000 0.03427
0.14913 0.00250 -0.02800 0.98842
1.00000 1.00000 1.00000

-0.02957 0.02510 0.09603
-0.00492 0.06259 0.95556 0.28804
1.00000 1.00000 1.00000

0.00000 0.00000 0.03810
-0.15513 -0.00254 0.01004 0.98784
1.00000 1.00000 1.00000

-0.00000 -0.00000 0.03016
-0.14451 -0.00432 -0.00825 0.98946
1.00000 1.00000 1.00000

0.00733 -0.00334 0.09627
0.01930 -0.12368 0.92535 0.35785
1.00000 1.00000 1.00000

-0.00000 0.00000 0.03768
-0.06777 0.04184 -0.04238 0.99592
1.00000 1.00000 1.00000

0.00000 -0.00000 0.02689
-0.17781 -0.01259 -0.01214 0.98391
1.00000 1.00000 1.00000

-0.00000 -0.00000 0.08297
-0.36735 -0.36371 0.00000 0.85602
1.00000 1.00000 1.00000

-0.00000 0.00000 0.22946
-0.11681 -0.00000 -0.00000 0.99315
1.00000 1.00000 1.00000

0.00000 -0.00000 0.07396
-0.05030 -0.00000 -0.00000 0.99873
1.00000 1.00000 1.00000

0.00000 0.00000 0.22946
-0.02049 0.81900 -0.11511 0.56176
1.00000 1.00000 1.00000

0.00000 -0.00000 0.20646
-0.16489 0.49846 -0.07232 0.84801
1.00000 1.00000 1.00000

0.00000 0.00000 0.25925
-0.00283 -0.00081 0.00442 0.99999
1.00000 1.00000 1.00000

0.00000 -0.00000 0.24513
-0.16848 0.02175 0.45531 0.87397
1.00000 1.00000 1.00000

0.04602 -0.00223 0.01586
-0.07912 0.23108 -0.50021 0.83074
1.00000 1.00000 1.00000

0.00000 -0.00000 0.05261
0.04058 -0.01245 0.01588 0.99897
1.00000 1.00000 1.00000

0.00000 -0.00000 0.03427
0.14913 -0.00250 0.02800 0.98842
1.00000 1.00000 1.00000

0.02957 0.02510 0.09603
-0.00492 -0.06259 -0.95556 0.28804
1.00000 1.00000 1.00000

-0.00000 0.00000 0.03810
-0.15513 0.00254 -0.01004 0.98784
1.00000 1.00000 1.00000

0.00000 -0.00000 0.03016
-0.14451 0.00432 0.00825 0.98946
1.00000 1.00000 1.00000

-0.00733 -0.00334 0.09627
0.01930 0.12368 -0.92535 0.35785
1.00000 1.00000 1.00000

0.00000 -0.00000 0.03768
-0.06777 -0.04184 0.04238 0.99592
1.00000 1.00000 1.00000

-0.00000 -0.00000 0.02689
-0.17781 0.01259 0.01214 0.98391
1.00000 1.00000 1.00000

-0.00000 0.00000 0.08297
-0.36735 0.36371 -0.00000 0.85602
1.00000 1.00000 1.00000

0.09216 -0.02718 0.03270
-0.99675 0.00748 -0.06874 0.04124
1.00000 1.00000 1.00000

0.00000 -0.00000 0.41053
-0.09580 -0.02972 -0.00733 0.99493
1.00000 1.00000 1.00000

0.00000 -0.00000 0.42180
-0.02523 0.56102 -0.82557 0.05524
1.00000 1.00000 1.00000

0.00000 -0.00000 0.16057
-0.16901 -0.00454 0.03362 0.98503
1.00000 1.00000 1.00000

KEYFRAME: 10
TIMESTAMP: 0.33333
0.00000 0.89046 -0.02564
-0.00000 0.70711 0.70711 0.00000
1.00000 1.00000 1.00000

-0.09216 -0.02718 0.03270
-0.99675 -0.00748 0.06874 0.04124
1.00000 1.00000 1.00000

-0.00000 -0.00000 0.41053
-0.09580 0.02972 0.00733 0.99493
1.00000 1.00000 1.00000

0.00000 0.00000 0.42180
-0.02523 -0.56102 0.82557 0.05524
1.00000 1.00000 1.00000

-0.00000 -0.00000 0.16057
-0.16901 0.00454 -0.03362 0.98503
1.00000 1.00000 1.00000

0.00000 -0.00000 0.17913
0.06525 0.00000 0.00000 0.99787
1.00000 1.00000 1.00000

0.00000 -0.00000 0.23445
0.01327 0.00000 0.00000 0.99991
1.00000 1.00000 1.00000

-0.00000 0.00000 0.22946
-0.02058 -0.81857 0.11510 0.56238
1.00000 1.00000 1.00000

-0.00000 -0.00000 0.20646
-0.16954 -0.47487 0.05986 0.86150
1.00000 1.00000 1.00000

-0.00000 0.00000 0.25925
-0.00277 0.00079 -0.00442 0.99999
1.00000 1.00000 1.00000

-0.00000 -0.00000 0.24513
-0.14369 -0.06259 -0.46110 0.87339
1.00000 1.00000 1.00000

-0.04602 -0.00223 0.01586
-0.07912 -0.23108 0.50021 0.83074
1.00000 1.00000 1.00000

0.00000 -0.00000 0.05261
0.04058 0.01245 -0.01588 0.99897
1.00000 1.00000 1.00000

-0.00000 -0.00000 0.03427
0.14913 0.00250 -0.02800 0.98842
1.00000 1.00000 1.00000

-0.02957 0.02510 0.09603
-0.00492 0.06259 0.95556 0.28804
1.00000 1.00000 1.00000

0.00000 0.00000 0.03810
-0.15513 -0.00254 0.01004 0.98784
1.00000 1.00000 1.00000

-0.00000 0.00000 0.03016
-0.14451 -0.00432 -0.00825 0.98946
1.00000 1.00000 1.00000

0.00733 -0.00334 0.09627
0.01930 -0.12368 0.92535 0.35785
1.00000 1.00000 1.00000

-0.00000 0.00000 0.03768
-0.06777 0.04184 -0.04238 0.99592
1.00000 1.00000 1.00000

0.00000 -0.00000 0.02689
-0.17781 -0.01259 -0.01214 0.98391
1.00000 1.00000 1.00000

0.00000 -0.00000 0.08297
-0.36735 -0.36371 0.00000 0.85602
1.00000 1.00000 1.00000

-0.00000 0.00000 0.22946
-0.11681 -0.00000 -0.00000 0.99315
1.00000 1.00000 1.00000

0.00000 -0.00000 0.07395
-0.05030 -0.00000 -0.00000 0.99873
1.00000 1.00000 1.00000

0.00000 0.00000 0.22946
-0.02058 0.81858 -0.11510 0.56237
1.00000 1.00000 1.00000

0.00000 -0.00000 0.20646
-0.16468 0.49923 -0.07235 0.84759
1.00000 1.00000 1.00000

-0.00000 -0.00000 0.25925
-0.00283 -0.00081 0.00442 0.99999
1.00000 1.00000 1.00000

0.00000 -0.00000 0.24513
-0.16846 0.02164 0.45524 0.87402
1.00000 1.00000 1.00000

0.04602 -0.00223 0.01586
-0.07912 0.23108 -0.50021 0.83074
1.00000 1.00000 1.00000

-0.00000 0.00000 0.05261
0.04058 -0.01245 0.01588 0.99897
1.00000 1.00000 1.00000

-0.00000 -0.00000 0.03427
0.14913 -0.00250 0.02800 0.98842
1.00000 1.00000 1.00000

0.02957 0.02510 0.09603
-0.00492 -0.06259 -0.95556 0.28804
1.00000 1.00000 1.00000

-0.00000 0.00000 0.03810
-0.15513 0.00254 -0.01004 0.98784
1.00000 1.00000 1.00000

0.00000 0.00000 0.03016
-0.14451 0.00432 0.00825 0.98946
1.00000 1.00000 1.00000

-0.00733 -0.00334 0.09627
0.01930 0.12368 -0.92535 0.35785
1.00000 1.00000 1.00000

0.00000 0.00000 0.03768
-0.06777 -0.04184 0.04238 0.99592
1.00000 1.00000 1.00000

-0.00000 -0.00000 0.02689
-0.17781 0.01259 0.01214 0.98391
1.00000 1.00000 1.00000

-0.00000 0.00000 0.08297
-0.36735 0.36371 -0.00000 0.85602
1.00000 1.00000 1.00000

0.09216 -0.02718 0.03270
-0.99675 0.00748 -0.06874 0.04124
1.00000 1.00000 1.00000

0.00000 -0.00000 0.41053
-0.09580 -0.02972 -0.00733 0.99493
1.00000 1.00000 1.00000

0.00000 -0.00000 0.42180
-0.02523 0.56102 -0.82557 0.05524
1.00000 1.00000 1.00000

0.00000 -0.00000 0.16057
-0.16901 -0.00454 0.03362 0.98503
1.00000 1.00000 1.00000

KEYFRAME: 11
TIMESTAMP: 0.36667
0.00000 0.89046 -0.02564
-0.00000 0.70711 0.70711 0.00000
1.00000 1.00000 1.00000

-0.09216 -0.02718 0.03270
-0.99675 -0.00748 0.06874 0.04124
1.00000 1.00000 1.00000

-0.00000 -0.00000 0.41053
-0.09580 0.02972 0.00733 0.99493
1.00000 1.00000 1.00000

0.00000 0.00000 0.42180
-0.02523 -0.56102 0.82557 0.05524
1.00000 1.00000 1.00000

-0.00000 -0.00000 0.16057
-0.16901 0.00454 -0.03362 0.98503
1.00000 1.00000 1.00000

0.00000 -0.00000 0.17913
0.06525 0.00000 0.00000 0.99787
1.00000 1.00000 1.00000

0.00000 -0.00000 0.23445
0.01367 0.00000 0.00000 0.99991
1.00000 1.00000 1.00000

-0.00000 0.00000 0.22946
-0.02067 -0.81813 0.11508 0.56303
1.00000 1.00000 1.00000

-0.00000 0.00000 0.20646
-0.16931 -0.47573 0.05989 0.86106
1.00000 1.00000 1.00000

-0.00000 -0.00000 0.25924
-0.00277 0.00079 -0.00442 0.99999
1.00000 1.00000 1.00000

-0.00000 -0.00000 0.24513
-0.14366 -0.06245 -0.46102 0.87346
1.00000 1.00000 1.00000

-0.04602 -0.00223 0.01586
-0.07912 -0.23108 0.50021 0.83074
1.00000 1.00000 1.00000

0.00000 -0.00000 0.05261
0.04058 0.01245 -0.01588 0.99897
1.00000 1.00000 1.00000

0.00000 0.00000 0.03427
0.14913 0.00250 -0.02800 0.98842
1.00000 1.00000 1.00000

-0.02957 0.02510 0.09603
-0.00492 0.06259 0.95556 0.28804
1.00000 1.00000 1.00000

-0.00000 0.00000 0.03810
-0.15513 -0.00254 0.01004 0.98784
1.00000 1.00000 1.00000

0.00000 0.00000 0.03016
-0.14451 -0.00432 -0.00825 0.98946
1.00000 1.00000 1.00000

0.00733 -0.00334 0.09627
0.01930 -0.12368 0.92535 0.35785
1.00000 1.00000 1.00000

-0.00000 -0.00000 0.03768
-0.06777 0.04184 -0.04238 0.99592
1.00000 1.00000 1.00000

0.00000 -0.00000 0.02689
-0.17781 -0.01259 -0.01214 0.98391
1.00000 1.00000 1.00000

-0.00000 0.00000 0.08297
-0.36735 -0.36371 0.00000 0.85602
1.00000 1.00000 1.00000

-0.00000 0.00000 0.22946
-0.11681 -0.00000 -0.00000 0.99315
1.00000 1.00000 1.00000

0.00000 -0.00000 0.07395
-0.05030 -0.00000 -0.00000 0.99873
1.00000 1.00000 1.00000

0.00000 0.00000 0.22946
-0.02067 0.81813 -0.11508 0.56302
1.00000 1.00000 1.00000

0.00000 -0.00000 0.20646
-0.16445 0.50005 -0.07237 0.84715
1.00000 1.00000 1.00000

0.00000 0.00000 0.25925
-0.00283 -0.00081 0.00442 0.99999
1.00000 1.00000 1.00000

0.00000 -0.00000 0.24513
-0.16843 0.02153 0.45515 0.87407
1.00000 1.00000 1.00000

0.04602 -0.00223 0.01586
-0.07912 0.23108 -0.50021 0.83074
1.00000 1.00000 1.00000

-0.00000 0.00000 0.05261
0.04058 -0.01245 0.01588 0.99897
1.00000 1.00000 1.00000

0.00000 -0.00000 0.03427
0.14913 -0.00250 0.02800 0.98842
1.00000 1.00000 1.00000

0.02957 0.02510 0.09603
-0.00492 -0.06259 -0.95556 0.28804
1.00000 1.00000 1.00000

0.00000 0.00000 0.03810
-0.15513 0.00254 -0.01004 0.98784
1.00000 1.00000 1.00000

-0.00000 -0.00000 0.03016
-0.14451 0.00432 0.00825 0.98946
1.00000 1.00000 1.00000

-0.00733 -0.00334 0.09627
0.01930 0.12368 -0.92535 0.35785
1.00000 1.00000 1.00000

0.00000 0.00000 0.03768
-0.06777 -0.04184 0.04238 0.99592
1.00000 1.00000 1.00000

-0.00000 -0.00000 0.02689
-0.17781 0.01259 0.01214 0.98391
1.00000 1.00000 1.00000

0.00000 -0.00000 0.08297
-0.36735 0.36371 -0.00000 0.85602
1.00000 1.00000 1.00000

0.09216 -0.02718 0.03270
-0.99675 0.00748 -0.06874 0.04124
1.00000 1.00000 1.00000

0.00000 -0.00000 0.41053
-0.09580 -0.02972 -0.00733 0.99493
1.00000 1.00000 1.00000

0.00000 -0.00000 0.42180
-0.02523 0.56102 -0.82557 0.05524
1.00000 1.00000 1.00000

0.00000 -0.00000 0.16057
-0.16901 -0.00454 0.03362 0.98503
1.00000 1.00000 1.00000

KEYFRAME: 12
TIMESTAMP: 0.40000
0.00000 0.89046 -0.02564
-0.00000 0.70711 0.70711 0.00000
1.00000 1.00000 1.00000

-0.09216 -0.02718 0.03270
-0.99675 -0.00748 0.06874 0.04124
1.00000 1.00000 1.00000

-0.00000 -0.00000 0.41053
-0.09580 0.02972 0.00733 0.99493
1.00000 1.00000 1.00000

0.00000 0.00000 0.42180
-0.02523 -0.56102 0.82557 0.05524
1.00000 1.00000 1.00000

-0.00000 -0.00000 0.16057
-0.16901 0.00454 -0.03362 0.98503
1.00000 1.00000 1.00000

0.00000 -0.00000 0.17913
0.06525 0.00000 0.00000 0.99787
1.00000 1.00000 1.00000

0.00000 -0.00000 0.23445
0.01409 0.00000 0.00000 0.99990
1.00000 1.00000 1.00000

-0.00000 0.00000 0.22946
-0.02076 -0.81766 0.11506 0.56371
1.00000 1.00000 1.00000

0.00000 0.00000 0.20646
-0.16908 -0.47662 0.05992 0.86061
1.00000 1.00000 1.00000

-0.00000 -0.00000 0.25925
-0.00277 0.00079 -0.00442 0.99999
1.00000 1.00000 1.00000

-0.00000 -0.00000 0.24513
-0.14364 -0.06229 -0.46093 0.87352
1.00000 1.00000 1.00000

-0.04602 -0.00223 0.01586
-0.07912 -0.23108 0.50021 0.83074
1.00000 1.00000 1.00000

0.00000 0.00000 0.05261
0.04058 0.01245 -0.01588 0.99897
1.00000 1.00000 1.00000

-0.00000 -0.00000 0.03427
0.14913 0.00250 -0.02800 0.98842
1.00000 1.00000 1.00000

-0.02957 0.02510 0.09603
-0.00492 0.06259 0.95556 0.28804
1.00000 1.00000 1.00000

-0.00000 0.00000 0.03810
-0.15513 -0.00254 0.01004 0.98784
1.00000 1.00000 1.00000

-0.00000 0.00000 0.03016
-0.14451 -0.00432 -0.00825 0.98946
1.00000 1.00000 1.00000

0.00733 -0.00334 0.09627
0.01930 -0.12368 0.92535 0.35785
1.00000 1.00000 1.00000

-0.00000 0.00000 0.03768
-0.06777 0.04184 -0.04238 0.99592
1.00000 1.00000 1.00000

0.00000 -0.00000 0.02689
-0.17781 -0.01259 -0.01214 0.98391
1.00000 1.00000 1.00000

0.00000 0.00000 0.08297
-0.36735 -0.36371 0.00000 0.85602
1.00000 1.00000 1.00000

-0.00000 0.00000 0.22946
-0.11681 -0.00000 -0.00000 0.99315
1.00000 1.00000 1.00000

0.00000 -0.00000 0.07396
-0.05030 -0.00000 -0.00000 0.99873
1.00000 1.00000 1.00000

0.00000 0.00000 0.22946
-0.02076 0.81766 -0.11506 0.56370
1.00000 1.00000 1.00000

0.00000 0.00000 0.20646
-0.16421 0.50091 -0.07240 0.84669
1.00000 1.00000 1.00000

0.00000 0.00000 0.25925
-0.00283 -0.00081 0.00442 0.99999
1.00000 1.00000 1.00000

0.00000 -0.00000 0.24513
-0.16840 0.02141 0.45507 0.87413
1.00000 1.00000 1.00000

0.04602 -0.00223 0.01586
-0.07912 0.23108 -0.50021 0.83074
1.00000 1.00000 1.00000

-0.00000 0.00000 0.05261
0.04058 -0.01245 0.01588 0.99897
1.00000 1.00000 1.00000

0.00000 -0.00000 0.03427
0.14913 -0.00250 0.02800 0.98842
1.00000 1.00000 1.00000

0.02957 0.02510 0.09603
-0.00492 -0.06259 -0.95556 0.28804
1.00000 1.00000 1.00000

-0.00000 -0.00000 0.03810
-0.15513 0.00254 -0.01004 0.98784
1.00000 1.00000 1.00000

0.00000 -0.00000 0.03016
-0.14451 0.00432 0.00825 0.98946
1.00000 1.00000 1.00000

-0.00733 -0.00334 0.09627
0.01930 0.12368 -0.92535 0.35785
1.00000 1.00000 1.00000

0.00000 -0.00000 0.03768
-0.06777 -0.04184 0.04238 0.99592
1.00000 1.00000 1.00000

-0.00000 -0.00000 0.02689
-0.17781 0.01259 0.01214 0.98391
1.00000 1.00000 1.00000

0.00000 0.00000 0.08297
-0.36735 0.36371 -0.00000 0.85602
1.00000 1.00000 1.00000

0.09216 -0.02718 0.03270
-0.99675 0.00748 -0.06874 0.04124
1.00000 1.00000 1.00000

0.00000 -0.00000 0.41053
-0.09580 -0.02972 -0.00733 0.99493
1.00000 1.00000 1.00000

0.00000 -0.00000 0.42180
-0.02523 0.56102 -0.82557 0.05524
1.00000 1.00000 1.00000

0.00000 -0.00000 0.16057
-0.16901 -0.00454 0.03362 0.98503
1.00000 1.00000 1.00000

KEYFRAME: 13
TIMESTAMP: 0.43333
0.00000 0.89046 -0.02564
-0.00000 0.70711 0.70711 0.00000
1.00000 1.00000 1.00000

-0.09216 -0.02718 0.03270
-0.99675 -0.00748 0.06874 0.04124
1.00000 1.00000 1.00000

-0.00000 -0.00000 0.41053
-0.09580 0.02972 0.00733 0.99493
1.00000 1.00000 1.00000

0.00000 0.00000 0.42180
-0.02523 -0.56102 0.82557 0.05524
1.00000 1.00000 1.00000

-0.00000 -0.00000 0.16057
-0.16901 0.00454 -0.03362 0.98503
1.00000 1.00000 1.00000

0.00000 -0.00000 0.17913
0.06525 0.00000 0.00000 0.99787
1.00000 1.00000 1.00000

0.00000 -0.00000 0.23445
0.01452 0.00000 0.00000 0.99989
1.00000 1.00000 1.00000

-0.00000 0.00000 0.22946
-0.02086 -0.81717 0.11504 0.56442
1.00000 1.00000 1.00000

0.00000 -0.00000 0.20646
-0.16884 -0.47755 0.05995 0.86014
1.00000 1.00000 1.00000

-0.00000 0.00000 0.25925
-0.00277 0.00079 -0.00442 0.99999
1.00000 1.00000 1.00000

-0.00000 -0.00000 0.24513
-0.14361 -0.06213 -0.46083 0.87359
1.00000 1.00000 1.00000

-0.04602 -0.00223 0.01586
-0.07912 -0.23108 0.50021 0.83074
1.00000 1.00000 1.00000

0.00000 0.00000 0.05261
0.04058 0.01245 -0.01588 0.99897
1.00000 1.00000 1.00000

-0.00000 -0.00000 0.03427
0.14913 0.00250 -0.02800 0.98842
1.00000 1.00000 1.00000

-0.02957 0.02510 0.09603
-0.00492 0.06259 0.95556 0.28804
1.00000 1.00000 1.00000

0.00000 -0.00000 0.03810
-0.15513 -0.00254 0.01004 0.98784
1.00000 1.00000 1.00000

-0.00000 0.00000 0.03016
-0.14451 -0.00432 -0.00825 0.98946
1.00000 1.00000 1.00000

0.00733 -0.00334 0.09627
0.01930 -0.12368 0.92535 0.35785
1.00000 1.00000 1.00000

-0.00000 0.00000 0.03768
-0.06777 0.04184 -0.04238 0.99592
1.00000 1.00000 1.00000

0.00000 -0.00000 0.02689
-0.17781 -0.01259 -0.01214 0.98391
1.00000 1.00000 1.00000

0.00000 0.00000 0.08296
-0.36735 -0.36371 0.00000 0.85602
1.00000 1.00000 1.00000

-0.00000 0.00000 0.22946
-0.11681 -0.00000 -0.00000 0.99315
1.00000 1.00000 1.00000

0.00000 -0.00000 0.07396
-0.05030 -0.00000 -0.00000 0.99873
1.00000 1.00000 1.00000

0.00000 0.00000 0.22946
-0.02086 0.81717 -0.11504 0.56441
1.00000 1.00000 1.00000

0.00000 -0.00000 0.20646
-0.16397 0.50179 -0.07243 0.84621
1.00000 1.00000 1.00000

0.00000 -0.00000 0.25925
-0.00283 -0.00081 0.00442 0.99999
1.00000 1.00000 1.00000

0.00000 -0.00000 0.24513
-0.16837 0.02129 0.45498 0.87418
1.00000 1.00000 1.00000

0.04602 -0.00223 0.01586
-0.07912 0.23108 -0.50021 0.83074
1.00000 1.00000 1.00000

0.00000 -0.00000 0.05261
0.04058 -0.01245 0.01588 0.99897
1.00000 1.00000 1.00000

-0.00000 0.00000 0.03427
0.14913 -0.00250 0.02800 0.98842
1.00000 1.00000 1.00000

0.02957 0.02510 0.09603
-0.00492 -0.06259 -0.95556 0.28804
1.00000 1.00000 1.00000

0.00000 -0.00000 0.03810
-0.15513 0.00254 -0.01004 0.98784
1.00000 1.00000 1.00000

0.00000 0.00000 0.03016
-0.14451 0.00432 0.00825 0.98946
1.00000 1.00000 1.00000

-0.00733 -0.00334 0.09627
0.01930 0.12368 -0.92535 0.35785
1.00000 1.00000 1.00000

0.00000 0.00000 0.03768
-0.06777 -0.04184 0.04238 0.99592
1.00000 1.00000 1.00000

-0.00000 -0.00000 0.02689
-0.17781 0.01259 0.01214 0.98391
1.00000 1.00000 1.00000

0.00000 0.00000 0.08297
-0.36735 0.36371 -0.00000 0.85602
1.00000 1.00000 1.00000

0.09216 -0.02718 0.03270
-0.99675 0.00748 -0.06874 0.04124
1.00000 1.00000 1.00000

0.00000 -0.00000 0.41053
-0.09580 -0.02972 -0.00733 0.99493
1.00000 1.00000 1.00000

0.00000 -0.00000 0.42180
-0.02523 0.56102 -0.82557 0.05524
1.00000 1.00000 1.00000

0.00000 -0.00000 0.16057
-0.16901 -0.00454 0.03362 0.98503
1.00000 1.00000 1.00000

KEYFRAME: 14
TIMESTAMP: 0.46667
0.00000 0.89046 -0.02564
-0.00000 0.70711 0.70711 0.00000
1.00000 1.00000 1.00000

-0.09216 -0.02718 0.03270
-0.99675 -0.00748 0.06874 0.04124
1.00000 1.00000 1.00000

-0.00000 -0.00000 0.41053
-0.09580 0.02972 0.00733 0.99493
1.00000 1.00000 1.00000

0.00000 0.00000 0.42180
-0.02523 -0.56102 0.82557 0.05524
1.00000 1.00000 1.00000

-0.00000 -0.00000 0.16057
-0.16901 0.00454 -0.03362 0.98503
1.00000 1.00000 1.00000

0.00000 -0.00000 0.17913
0.06525 0.00000 0.00000 0.99787
1.00000 1.00000 1.00000

0.00000 -0.00000 0.23445
0.01497 0.00000 0.00000 0.99989
1.00000 1.00000 1.00000

-0.00000 0.00000 0.22946
-0.02096 -0.81667 0.11503 0.56514
1.00000 1.00000 1.00000

-0.00000 0.00000 0.20646
-0.16859 -0.47851 0.05998 0.85966
1.00000 1.00000 1.00000

-0.00000 0.00000 0.25925
-0.00277 0.00079 -0.00442 0.99999
1.00000 1.00000 1.00000

-0.00000 -0.00000 0.24513
-0.14358 -0.06197 -0.46073 0.87365
1.00000 1.00000 1.00000

-0.04602 -0.00223 0.01586
-0.07912 -0.23108 0.50021 0.83074
1.00000 1.00000 1.00000

0.00000 -0.00000 0.05261
0.04058 0.01245 -0.01588 0.99897
1.00000 1.00000 1.00000

-0.00000 0.00000 0.03427
0.14913 0.00250 -0.02800 0.98842
1.00000 1.00000 1.00000

-0.02957 0.02510 0.09603
-0.00492 0.06259 0.95556 0.28804
1.00000 1.00000 1.00000

0.00000 0.00000 0.03810
-0.15513 -0.00254 0.01004 0.98784
1.00000 1.00000 1.00000

0.00000 0.00000 0.03016
-0.14451 -0.00432 -0.00825 0.98946
1.00000 1.00000 1.00000

0.00733 -0.00334 0.09627
0.01930 -0.12368 0.92535 0.35785
1.00000 1.00000 1.00000

-0.00000 -0.00000 0.03768
-0.06777 0.04184 -0.04238 0.99592
1.00000 1.00000 1.00000

0.00000 -0.00000 0.02689
-0.17781 -0.01259 -0.01214 0.98391
1.00000 1.00000 1.00000

-0.00000 0.00000 0.08297
-0.36735 -0.36371 0.00000 0.85602
1.00000 1.00000 1.00000

-0.00000 0.00000 0.22946
-0.11681 -0.00000 -0.00000 0.99315
1.00000 1.00000 1.00000

0.00000 -0.00000 0.07396
-0.05030 -0.00000 -0.00000 0.99873
1.00000 1.00000 1.00000

0.00000 0.00000 0.22946
-0.02096 0.81667 -0.11503 0.56513
1.00000 1.00000 1.00000

-0.00000 0.00000 0.20646
-0.16371 0.50270 -0.07246 0.84572
1.00000 1.00000 1.00000

0.00000 -0.00000 0.25925
-0.00283 -0.00081 0.00442 0.99999
1.00000 1.00000 1.00000

0.00000 -0.00000 0.24513
-0.16833 0.02116 0.45489 0.87424
1.00000 1.00000 1.00000

0.04602 -0.00223 0.01586
-0.07912 0.23108 -0.50021 0.83074
1.00000 1.00000 1.00000

0.00000 -0.00000 0.05261
0.04058 -0.01245 0.01588 0.99897
1.00000 1.00000 1.00000

0.00000 -0.00000 0.03427
0.14913 -0.00250 0.02800 0.98842
1.00000 1.00000 1.00000

0.02957 0.02510 0.09603
-0.00492 -0.06259 -0.95556 0.28804
1.00000 1.00000 1.00000

0.00000 -0.00000 0.03810
-0.15513 0.00254 -0.01004 0.98784
1.00000 1.00000 1.00000

-0.00000 -0.00000 0.03016
-0.14451 0.00432 0.00825 0.98946
1.00000 1.00000 1.00000

-0.00733 -0.00334 0.09627
0.01930 0.12368 -0.92535 0.35785
1.00000 1.00000 1.00000

0.00000 0.00000 0.03768
-0.06777 -0.04184 0.04238 0.99592
1.00000 1.00000 1.00000

-0.00000 -0.00000 0.02689
-0.17781 0.01259 0.01214 0.98391
1.00000 1.00000 1.00000

0.00000 -0.00000 0.08297
-0.36735 0.36371 -0.00000 0.85602
1.00000 1.00000 1.00000

0.09216 -0.02718 0.03270
-0.99675 0.00748 -0.06874 0.04124
1.00000 1.00000 1.00000

0.00000 -0.00000 0.41053
-0.09580 -0.02972 -0.00733 0.99493
1.00000 1.00000 1.00000

0.00000 -0.00000 0.42180
-0.02523 0.56102 -0.82557 0.05524
1.00000 1.00000 1.00000

0.00000 -0.00000 0.16057
-0.16901 -0.00454 0.03362 0.98503
1.00000 1.00000 1.00000

KEYFRAME: 15
TIMESTAMP: 0.50000
0.00000 0.89046 -0.02564
-0.00000 0.70711 0.70711 0.00000
1.00000 1.00000 1.00000

-0.09216 -0.02718 0.03270
-0.99675 -0.00748 0.06874 0.04124
1.00000 1.00000 1.00000

-0.00000 -0.00000 0.41053
-0.09580 0.02972 0.00733 0.99493
1.00000 1.00000 1.00000

0.00000 0.00000 0.42180
-0.02523 -0.56102 0.82557 0.05524
1.00000 1.00000 1.00000

-0.00000 -0.00000 0.16057
-0.16901 0.00454 -0.03362 0.98503
1.00000 1.00000 1.00000

0.00000 -0.00000 0.17913
0.06525 0.00000 0.00000 0.99787
1.00000 1.00000 1.00000

0.00000 -0.00000 0.23445
0.01542 0.00000 0.00000 0.99988
1.00000 1.00000 1.00000

-0.00000 0.00000 0.22946
-0.02107 -0.81616 0.11501 0.56587
1.00000 1.00000 1.00000

-0.00000 0.00000 0.20646
-0.16834 -0.47947 0.06001 0.85917
1.00000 1.00000 1.00000

-0.00000 -0.00000 0.25925
-0.00277 0.00079 -0.00442 0.99999
1.00000 1.00000 1.00000

-0.00000 -0.00000 0.24513
-0.14355 -0.06181 -0.46064 0.87372
1.00000 1.00000 1.00000

-0.04602 -0.00223 0.01586
-0.07912 -0.23108 0.50021 0.83074
1.00000 1.00000 1.00000

0.00000 0.00000 0.05261
0.04058 0.01245 -0.01588 0.99897
1.00000 1.00000 1.00000

-0.00000 0.00000 0.03427
0.14913 0.00250 -0.02800 0.98842
1.00000 1.00000 1.00000

-0.02957 0.02510 0.09603
-0.00492 0.06259 0.95556 0.28804
1.00000 1.00000 1.00000

-0.00000 0.00000 0.03810
-0.15513 -0.00254 0.01004 0.98784
1.00000 1.00000 1.00000

0.00000 0.00000 0.03016
-0.14451 -0.00432 -0.00825 0.98946
1.00000 1.00000 1.00000

0.00733 -0.00334 0.09627
0.01930 -0.12368 0.92535 0.35785
1.00000 1.00000 1.00000

-0.00000 -0.00000 0.03768
-0.06777 0.04184 -0.04238 0.99592
1.00000 1.00000 1.00000

0.00000 -0.00000 0.02689
-0.17781 -0.01259 -0.01214 0.98391
1.00000 1.00000 1.00000

-0.00000 0.00000 0.08297
-0.36735 -0.36371 0.00000 0.85602
1.00000 1.00000 1.00000

-0.00000 0.00000 0.22946
-0.11681 -0.00000 -0.00000 0.99315
1.00000 1.00000 1.00000

0.00000 -0.00000 0.07395
-0.05030 -0.00000 -0.00000 0.99873
1.00000 1.00000 1.00000

0.00000 0.00000 0.22946
-0.02107 0.81617 -0.11501 0.56586
1.00000 1.00000 1.00000

0.00000 -0.00000 0.20646
-0.16346 0.50361 -0.07249 0.84522
1.00000 1.00000 1.00000

-0.00000 -0.00000 0.25925
-0.00283 -0.00081 0.00442 0.99999
1.00000 1.00000 1.00000

0.00000 -0.00000 0.24513
-0.16830 0.02103 0.45480 0.87430
1.00000 1.00000 1.00000

0.04602 -0.00223 0.01586
-0.07912 0.23108 -0.50021 0.83074
1.00000 1.00000 1.00000

-0.00000 0.00000 0.05261
0.04058 -0.01245 0.01588 0.99897
1.00000 1.00000 1.00000

-0.00000 0.00000 0.03427
0.14913 -0.00250 0.02800 0.98842
1.00000 1.00000 1.00000

0.02957 0.02510 0.09603
-0.00492 -0.06259 -0.95556 0.28804
1.00000 1.00000 1.00000

-0.00000 0.00000 0.03810
-0.15513 0.00254 -0.01004 0.98784
1.00000 1.00000 1.00000

0.00000 -0.00000 0.03016
-0.14451 0.00432 0.00825 0.98946
1.00000 1.00000 1.00000

-0.00733 -0.00334 0.09627
0.01930 0.12368 -0.92535 0.35785
1.00000 1.00000 1.00000

0.00000 -0.00000 0.03768
-0.06777 -0.04184 0.04238 0.99592
1.00000 1.00000 1.00000

-0.00000 -0.00000 0.02689
-0.17781 0.01259 0.01214 0.98391
1.00000 1.00000 1.00000

-0.00000 0.00000 0.08297
-0.36735 0.36371 -0.00000 0.85602
1.00000 1.00000 1.00000

0.09216 -0.02718 0.03270
-0.99675 0.00748 -0.06874 0.04124
1.00000 1.00000 1.00000

0.00000 -0.00000 0.41053
-0.09580 -0.02972 -0.00733 0.99493
1.00000 1.00000 1.00000

0.00000 -0.00000 0.42180
-0.02523 0.56102 -0.82557 0.05524
1.00000 1.00000 1.00000

0.00000 -0.00000 0.16057
-0.16901 -0.00454 0.03362 0.98503
1.00000 1.00000 1.00000

KEYFRAME: 16
TIMESTAMP: 0.53333
0.00000 0.89046 -0.02564
-0.00000 0.70711 0.70711 0.00000
1.00000 1.00000 1.00000

-0.09216 -0.02718 0.03270
-0.99675 -0.00748 0.06874 0.04124
1.00000 1.00000 1.00000

-0.00000 -0.00000 0.41053
-0.09580 0.02972 0.00733 0.99493
1.00000 1.00000 1.00000

0.00000 0.00000 0.42180
-0.02523 -0.56102 0.82557 0.05524
1.00000 1.00000 1.00000

-0.00000 -0.00000 0.16057
-0.16901 0.00454 -0.03362 0.98503
1.00000 1.00000 1.00000

0.00000 -0.00000 0.17913
0.06525 0.00000 0.00000 0.99787
1.00000 1.00000 1.00000

0.00000 -0.00000 0.23445
0.01587 0.00000 0.00000 0.99987
1.00000 1.00000 1.00000

-0.00000 0.00000 0.22946
-0.02117 -0.81565 0.11499 0.56661
1.00000 1.00000 1.00000

-0.00000 0.00000 0.20646
-0.16809 -0.48044 0.06004 0.85867
1.00000 1.00000 1.00000

-0.00000 0.00000 0.25925
-0.00277 0.00079 -0.00442 0.99999
1.00000 1.00000 1.00000

-0.00000 -0.00000 0.24513
-0.14352 -0.06164 -0.46054 0.87379
1.00000 1.00000 1.00000

-0.04602 -0.00223 0.01586
-0.07912 -0.23108 0.50021 0.83074
1.00000 1.00000 1.00000

-0.00000 -0.00000 0.05261
0.04058 0.01245 -0.01588 0.99897
1.00000 1.00000 1.00000

0.00000 0.00000 0.03427
0.14913 0.00250 -0.02800 0.98842
1.00000 1.00000 1.00000

-0.02957 0.02510 0.09603
-0.00492 0.06259 0.95556 0.28804
1.00000 1.00000 1.00000

0.00000 0.00000 0.03810
-0.15513 -0.00254 0.01004 0.98784
1.00000 1.00000 1.00000

0.00000 -0.00000 0.03016
-0.14451 -0.00432 -0.00825 0.98946
1.00000 1.00000 1.00000

0.00733 -0.00334 0.09627
0.01930 -0.12368 0.92535 0.35785
1.00000 1.00000 1.00000

-0.00000 0.00000 0.03768
-0.06777 0.04184 -0.04238 0.99592
1.00000 1.00000 1.00000

0.00000 -0.00000 0.02689
-0.17781 -0.01259 -0.01214 0.98391
1.00000 1.00000 1.00000

0.00000 0.00000 0.08297
-0.36735 -0.36371 0.00000 0.85602
1.00000 1.00000 1.00000

-0.00000 0.00000 0.22946
-0.11681 -0.00000 -0.00000 0.99315
1.00000 1.00000 1.00000

0.00000 -0.00000 0.07395
-0.05030 -0.00000 -0.00000 0.99873
1.00000 1.00000 1.00000

0.00000 0.00000 0.22946
-0.02117 0.81566 -0.11499 0.56660
1.00000 1.00000 1.00000

-0.00000 -0.00000 0.20646
-0.16320 0.50454 -0.07252 0.84472
1.00000 1.00000 1.00000

0.00000 0.00000 0.25925
-0.00283 -0.00081 0.00442 0.99999
1.00000 1.00000 1.00000

0.00000 -0.00000 0.24513
-0.16827 0.02091 0.45470 0.87435
1.00000 1.00000 1.00000

0.04602 -0.00223 0.01586
-0.07912 0.23108 -0.50021 0.83074
1.00000 1.00000 1.00000

0.00000 0.00000 0.05261
0.04058 -0.01245 0.01588 0.99897
1.00000 1.00000 1.00000

-0.00000 0.00000 0.03427
0.14913 -0.00250 0.02800 0.98842
1.00000 1.00000 1.00000

0.02957 0.02510 0.09603
-0.00492 -0.06259 -0.95556 0.28804
1.00000 1.00000 1.00000

-0.00000 0.00000 0.03810
-0.15513 0.00254 -0.01004 0.98784
1.00000 1.00000 1.00000

0.00000 -0.00000 0.03016
-0.14451 0.00432 0.00825 0.98946
1.00000 1.00000 1.00000

-0.00733 -0.00334 0.09627
0.01930 0.12368 -0.92535 0.35785
1.00000 1.00000 1.00000

0.00000 -0.00000 0.03768
-0.06777 -0.04184 0.04238 0.99592
1.00000 1.00000 1.00000

-0.00000 -0.00000 0.02689
-0.17781 0.01259 0.01214 0.98391
1.00000 1.00000 1.00000

0.00000 0.00000 0.08297
-0.36735 0.36371 -0.00000 0.85602
1.00000 1.00000 1.00000

0.09216 -0.02718 0.03270
-0.99675 0.00748 -0.06874 0.04124
1.00000 1.00000 1.00000

0.00000 -0.00000 0.41053
-0.09580 -0.02972 -0.00733 0.99493
1.00000 1.00000 1.00000

0.00000 -0.00000 0.42180
-0.02523 0.56102 -0.82557 0.05524
1.00000 1.00000 1.00000

0.00000 -0.00000 0.16057
-0.16901 -0.00454 0.03362 0.98503
1.00000 1.00000 1.00000

KEYFRAME: 17
TIMESTAMP: 0.56667
0.00000 0.89046 -0.02564
-0.00000 0.70711 0.70711 0.00000
1.00000 1.00000 1.00000

-0.09216 -0.02718 0.03270
-0.99675 -0.00748 0.06874 0.04124
1.00000 1.00000 1.00000

-0.00000 -0.00000 0.41053
-0.09580 0.02972 0.00733 0.99493
1.00000 1.00000 1.00000

0.00000 0.00000 0.42180
-0.02523 -0.56102 0.82557 0.05524
1.00000 1.00000 1.00000

-0.00000 -0.00000 0.16057
-0.16901 0.00454 -0.03362 0.98503
1.00000 1.00000 1.00000

0.00000 -0.00000 0.17913
0.06525 0.00000 0.00000 0.99787
1.00000 1.00000 1.00000

0.00000 -0.00000 0.23445
0.01632 0.00000 0.00000 0.99987
1.00000 1.00000 1.00000

-0.00000 0.00000 0.22946
-0.02128 -0.81514 0.11497 0.56734
1.00000 1.00000 1.00000

0.00000 -0.00000 0.20646
-0.16784 -0.48140 0.06007 0.85818
1.00000 1.00000 1.00000

0.00000 0.00000 0.25925
-0.00277 0.00079 -0.00442 0.99999
1.00000 1.00000 1.00000

-0.00000 -0.00000 0.24513
-0.14349 -0.06148 -0.46044 0.87386
1.00000 1.00000 1.00000

-0.04602 -0.00223 0.01586
-0.07912 -0.23108 0.50021 0.83074
1.00000 1.00000 1.00000

0.00000 -0.00000 0.05261
0.04058 0.01245 -0.01588 0.99897
1.00000 1.00000 1.00000

-0.00000 -0.00000 0.03427
0.14913 0.00250 -0.02800 0.98842
1.00000 1.00000 1.00000

-0.02957 0.02510 0.09603
-0.00492 0.06259 0.95556 0.28804
1.00000 1.00000 1.00000

0.00000 -0.00000 0.03810
-0.15513 -0.00254 0.01004 0.98784
1.00000 1.00000 1.00000

0.00000 0.00000 0.03016
-0.14451 -0.00432 -0.00825 0.98946
1.00000 1.00000 1.00000

0.00733 -0.00334 0.09627
0.01930 -0.12368 0.92535 0.35785
1.00000 1.00000 1.00000

-0.00000 -0.00000 0.03768
-0.06777 0.04184 -0.04238 0.99592
1.00000 1.00000 1.00000

0.00000 -0.00000 0.02689
-0.17781 -0.01259 -0.01214 0.98391
1.00000 1.00000 1.00000

0.00000 -0.00000 0.08297
-0.36735 -0.36371 0.00000 0.85602
1.00000 1.00000 1.00000

-0.00000 0.00000 0.22946
-0.11681 -0.00000 -0.00000 0.99315
1.00000 1.00000 1.00000

0.00000 -0.00000 0.07396
-0.05030 -0.00000 -0.00000 0.99873
1.00000 1.00000 1.00000

0.00000 0.00000 0.22946
-0.02127 0.81515 -0.11497 0.56733
1.00000 1.00000 1.00000

0.00000 -0.00000 0.20646
-0.16295 0.50545 -0.07255 0.84422
1.00000 1.00000 1.00000

-0.00000 0.00000 0.25925
-0.00283 -0.00081 0.00442 0.99999
1.00000 1.00000 1.00000

0.00000 -0.00000 0.24513
-0.16823 0.02078 0.45461 0.87441
1.00000 1.00000 1.00000

0.04602 -0.00223 0.01586
-0.07912 0.23108 -0.50021 0.83074
1.00000 1.00000 1.00000

0.00000 0.00000 0.05261
0.04058 -0.01245 0.01588 0.99897
1.00000 1.00000 1.00000

0.00000 0.00000 0.03427
0.14913 -0.00250 0.02800 0.98842
1.00000 1.00000 1.00000

0.02957 0.02510 0.09603
-0.00492 -0.06259 -0.95556 0.28804
1.00000 1.00000 1.00000

0.00000 0.00000 0.03810
-0.15513 0.00254 -0.01004 0.98784
1.00000 1.00000 1.00000

0.00000 -0.00000 0.03016
-0.14451 0.00432 0.00825 0.98946
1.00000 1.00000 1.00000

-0.00733 -0.00334 0.09627
0.01930 0.12368 -0.92535 0.35785
1.00000 1.00000 1.00000

0.00000 -0.00000 0.03768
-0.06777 -0.04184 0.04238 0.99592
1.00000 1.00000 1.00000

-0.00000 -0.00000 0.02689
-0.17781 0.01259 0.01214 0.98391
1.00000 1.00000 1.00000

0.00000 0.00000 0.08297
-0.36735 0.36371 -0.00000 0.85602
1.00000 1.00000 1.00000

0.09216 -0.02718 0.03270
-0.99675 0.00748 -0.06874 0.04124
1.00000 1.00000 1.00000

0.00000 -0.00000 0.41053
-0.09580 -0.02972 -0.00733 0.99493
1.00000 1.00000 1.00000

0.00000 -0.00000 0.42180
-0.02523 0.56102 -0.82557 0.05524
1.00000 1.00000 1.00000

0.00000 -0.00000 0.16057
-0.16901 -0.00454 0.03362 0.98503
1.00000 1.00000 1.00000

KEYFRAME: 18
TIMESTAMP: 0.60000
0.00000 0.89046 -0.02564
-0.00000 0.70711 0.70711 0.00000
1.00000 1.00000 1.00000

-0.09216 -0.02718 0.03270
-0.99675 -0.00748 0.06874 0.04124
1.00000 1.00000 1.00000

-0.00000 -0.00000 0.41053
-0.09580 0.02972 0.00733 0.99493
1.00000 1.00000 1.00000

0.00000 0.00000 0.42180
-0.02523 -0.56102 0.82557 0.05524
1.00000 1.00000 1.00000

-0.00000 -0.00000 0.16057
-0.16901 0.00454 -0.03362 0.98503
1.00000 1.00000 1.00000

0.00000 -0.00000 0.17913
0.06525 0.00000 0.00000 0.99787
1.00000 1.00000 1.00000

0.00000 -0.00000 0.23445
0.01677 0.00000 0.00000 0.99986
1.00000 1.00000 1.00000

-0.00000 0.00000 0.22946
-0.02138 -0.81464 0.11495 0.56807
1.00000 1.00000 1.00000

-0.00000 0.00000 0.20646
-0.16760 -0.48235 0.06010 0.85769
1.00000 1.00000 1.00000

0.00000 0.00000 0.25925
-0.00277 0.00079 -0.00442 0.99999
1.00000 1.00000 1.00000

-0.00000 -0.00000 0.24513
-0.14346 -0.06132 -0.46035 0.87392
1.00000 1.00000 1.00000

-0.04602 -0.00223 0.01586
-0.07912 -0.23108 0.50021 0.83074
1.00000 1.00000 1.00000

0.00000 0.00000 0.05261
0.04058 0.01245 -0.01588 0.99897
1.00000 1.00000 1.00000

0.00000 0.00000 0.03427
0.14913 0.00250 -0.02800 0.98842
1.00000 1.00000 1.00000

-0.02957 0.02510 0.09603
-0.00492 0.06259 0.95556 0.28804
1.00000 1.00000 1.00000

0.00000 0.00000 0.03810
-0.15513 -0.00254 0.01004 0.98784
1.00000 1.00000 1.00000

-0.00000 0.00000 0.03016
-0.14451 -0.00432 -0.00825 0.98946
1.00000 1.00000 1.00000

0.00733 -0.00334 0.09627
0.01930 -0.12368 0.92535 0.35785
1.00000 1.00000 1.00000

-0.00000 0.00000 0.03768
-0.06777 0.04184 -0.04238 0.99592
1.00000 1.00000 1.00000

0.00000 -0.00000 0.02689
-0.17781 -0.01259 -0.01214 0.98391
1.00000 1.00000 1.00000

0.00000 0.00000 0.08297
-0.36735 -0.36371 0.00000 0.85602
1.00000 1.00000 1.00000

-0.00000 0.00000 0.22946
-0.11681 -0.00000 -0.00000 0.99315
1.00000 1.00000 1.00000

0.00000 -0.00000 0.07396
-0.05030 -0.00000 -0.00000 0.99873
1.00000 1.00000 1.00000

0.00000 0.00000 0.22946
-0.02138 0.81465 -0.11495 0.56805
1.00000 1.00000 1.00000

0.00000 0.00000 0.20646
-0.16270 0.50635 -0.07259 0.84372
1.00000 1.00000 1.00000

0.00000 -0.00000 0.25925
-0.00283 -0.00081 0.00442 0.99999
1.00000 1.00000 1.00000

0.00000 -0.00000 0.24513
-0.16820 0.02066 0.45453 0.87447
1.00000 1.00000 1.00000

0.04602 -0.00223 0.01586
-0.07912 0.23108 -0.50021 0.83074
1.00000 1.00000 1.00000

0.00000 -0.00000 0.05261
0.04058 -0.01245 0.01588 0.99897
1.00000 1.00000 1.00000

-0.00000 0.00000 0.03427
0.14913 -0.00250 0.02800 0.98842
1.00000 1.00000 1.00000

0.02957 0.02510 0.09603
-0.00492 -0.06259 -0.95556 0.28804
1.00000 1.00000 1.00000

-0.00000 0.00000 0.03810
-0.15513 0.00254 -0.01004 0.98784
1.00000 1.00000 1.00000

-0.00000 -0.00000 0.03016
-0.14451 0.00432 0.00825 0.98946
1.00000 1.00000 1.00000

-0.00733 -0.00334 0.09627
0.01930 0.12368 -0.92535 0.35785
1.00000 1.00000 1.00000

0.00000 0.00000 0.03768
-0.06777 -0.04184 0.04238 0.99592
1.00000 1.00000 1.00000

-0.00000 -0.00000 0.02689
-0.17781 0.01259 0.01214 0.98391
1.00000 1.00000 1.00000

-0.00000 0.00000 0.08297
-0.36735 0.36371 -0.00000 0.85602
1.00000 1.00000 1.00000

0.09216 -0.02718 0.03270
-0.99675 0.00748 -0.06874 0.04124
1.00000 1.00000 1.00000

0.00000 -0.00000 0.41053
-0.09580 -0.02972 -0.00733 0.99493
1.00000 1.00000 1.00000

0.00000 -0.00000 0.42180
-0.02523 0.56102 -0.82557 0.05524
1.00000 1.00000 1.00000

0.00000 -0.00000 0.16057
-0.16901 -0.00454 0.03362 0.98503
1.00000 1.00000 1.00000

KEYFRAME: 19
TIMESTAMP: 0.63333
0.00000 0.89046 -0.02564
-0.00000 0.70711 0.70711 0.00000
1.00000 1.00000 1.00000

-0.09216 -0.02718 0.03270
-0.99675 -0.00748 0.06874 0.04124
1.00000 1.00000 1.00000

-0.00000 -0.00000 0.41053
-0.09580 0.02972 0.00733 0.99493
1.00000 1.00000 1.00000

0.00000 0.00000 0.42180
-0.02523 -0.56102 0.82557 0.05524
1.00000 1.00000 1.00000

-0.00000 -0.00000 0.16057
-0.16901 0.00454 -0.03362 0.98503
1.00000 1.00000 1.00000

0.00000 -0.00000 0.17913
0.06525 0.00000 0.00000 0.99787
1.00000 1.00000 1.00000

0.00000 -0.00000 0.23445
0.01720 0.00000 0.00000 0.99985
1.00000 1.00000 1.00000

-0.00000 0.00000 0.22946
-0.02148 -0.81414 0.11493 0.56877
1.00000 1.00000 1.00000

-0.00000 0.00000 0.20646
-0.16736 -0.48327 0.06013 0.85722
1.00000 1.00000 1.00000

-0.00000 -0.00000 0.25925
-0.00277 0.00079 -0.00442 0.99999
1.00000 1.00000 1.00000

-0.00000 -0.00000 0.24513
-0.14343 -0.06116 -0.46026 0.87399
1.00000 1.00000 1.00000

-0.04602 -0.00223 0.01586
-0.07912 -0.23108 0.50021 0.83074
1.00000 1.00000 1.00000

0.00000 0.00000 0.05261
0.04058 0.01245 -0.01588 0.99897
1.00000 1.00000 1.00000

-0.00000 -0.00000 0.03427
0.14913 0.00250 -0.02800 0.98842
1.00000 1.00000 1.00000

-0.02957 0.02510 0.09603
-0.00492 0.06259 0.95556 0.28804
1.00000 1.00000 1.00000

-0.00000 -0.00000 0.03810
-0.15513 -0.00254 0.01004 0.98784
1.00000 1.00000 1.00000

0.00000 -0.00000 0.03016
-0.14451 -0.00432 -0.00825 0.98946
1.00000 1.00000 1.00000

0.00733 -0.00334 0.09627
0.01930 -0.12368 0.92535 0.35785
1.00000 1.00000 1.00000

-0.00000 0.00000 0.03768
-0.06777 0.04184 -0.04238 0.99592
1.00000 1.00000 1.00000

0.00000 -0.00000 0.02689
-0.17781 -0.01259 -0.01214 0.98391
1.00000 1.00000 1.00000

0.00000 -0.00000 0.08297
-0.36735 -0.36371 0.00000 0.85602
1.00000 1.00000 1.00000

-0.00000 0.00000 0.22946
-0.11681 -0.00000 -0.00000 0.99315
1.00000 1.00000 1.00000

0.00000 -0.00000 0.07396
-0.05030 -0.00000 -0.00000 0.99873
1.00000 1.00000 1.00000

0.00000 0.00000 0.22946
-0.02147 0.81415 -0.11493 0.56875
1.00000 1.00000 1.00000

0.00000 -0.00000 0.20646
-0.16245 0.50723 -0.07262 0.84324
1.00000 1.00000 1.00000

0.00000 -0.00000 0.25925
-0.00283 -0.00081 0.00442 0.99999
1.00000 1.00000 1.00000

0.00000 -0.00000 0.24513
-0.16816 0.02054 0.45444 0.87452
1.00000 1.00000 1.00000

0.04602 -0.00223 0.01586
-0.07912 0.23108 -0.50021 0.83074
1.00000 1.00000 1.00000

0.00000 0.00000 0.05261
0.04058 -0.01245 0.01588 0.99897
1.00000 1.00000 1.00000

0.00000 -0.00000 0.03427
0.14913 -0.00250 0.02800 0.98842
1.00000 1.00000 1.00000

0.02957 0.02510 0.09603
-0.00492 -0.06259 -0.95556 0.28804
1.00000 1.00000 1.00000

0.00000 -0.00000 0.03810
-0.15513 0.00254 -0.01004 0.98784
1.00000 1.00000 1.00000

0.00000 0.00000 0.03016
-0.14451 0.00432 0.00825 0.98946
1.00000 1.00000 1.00000

-0.00733 -0.00334 0.09627
0.01930 0.12368 -0.92535 0.35785
1.00000 1.00000 1.00000

0.00000 -0.00000 0.03768
-0.06777 -0.04184 0.04238 0.99592
1.00000 1.00000 1.00000

-0.00000 -0.00000 0.02689
-0.17781 0.01259 0.01214 0.98391
1.00000 1.00000 1.00000

0.00000 0.00000 0.08296
-0.36735 0.36371 -0.00000 0.85602
1.00000 1.00000 1.00000

0.09216 -0.02718 0.03270
-0.99675 0.00748 -0.06874 0.04124
1.00000 1.00000 1.00000

0.00000 -0.00000 0.41053
-0.09580 -0.02972 -0.00733 0.99493
1.00000 1.00000 1.00000

0.00000 -0.00000 0.42180
-0.02523 0.56102 -0.82557 0.05524
1.00000 1.00000 1.00000

0.00000 -0.00000 0.16057
-0.16901 -0.00454 0.03362 0.98503
1.00000 1.00000 1.00000

KEYFRAME: 20
TIMESTAMP: 0.66667
0.00000 0.89046 -0.02564
-0.00000 0.70711 0.70711 0.00000
1.00000 1.00000 1.00000

-0.09216 -0.02718 0.03270
-0.99675 -0.00748 0.06874 0.04124
1.00000 1.00000 1.00000

-0.00000 -0.00000 0.41053
-0.09580 0.02972 0.00733 0.99493
1.00000 1.00000 1.00000

0.00000 0.00000 0.42180
-0.02523 -0.56102 0.82557 0.05524
1.00000 1.00000 1.00000

-0.00000 -0.00000 0.16057
-0.16901 0.00454 -0.03362 0.98503
1.00000 1.00000 1.00000

0.00000 -0.00000 0.17913
0.06525 0.00000 0.00000 0.99787
1.00000 1.00000 1.00000

0.00000 -0.00000 0.23445
0.01762 0.00000 0.00000 0.99984
1.00000 1.00000 1.00000

-0.00000 0.00000 0.22946
-0.02157 -0.81367 0.11491 0.56945
1.00000 1.00000 1.00000

0.00000 0.00000 0.20646
-0.16713 -0.48416 0.06016 0.85676
1.00000 1.00000 1.00000

0.00000 -0.00000 0.25925
-0.00277 0.00079 -0.00442 0.99999
1.00000 1.00000 1.00000

-0.00000 -0.00000 0.24513
-0.14340 -0.06101 -0.46017 0.87405
1.00000 1.00000 1.00000

-0.04602 -0.00223 0.01586
-0.07912 -0.23108 0.50021 0.83074
1.00000 1.00000 1.00000

-0.00000 0.00000 0.05261
0.04058 0.01245 -0.01588 0.99897
1.00000 1.00000 1.00000

0.00000 -0.00000 0.03427
0.14913 0.00250 -0.02800 0.98842
1.00000 1.00000 1.00000

-0.02957 0.02510 0.09603
-0.00492 0.06259 0.95556 0.28804
1.00000 1.00000 1.00000

0.00000 -0.00000 0.03810
-0.15513 -0.00254 0.01004 0.98784
1.00000 1.00000 1.00000

0.00000 -0.00000 0.03016
-0.14451 -0.00432 -0.00825 0.98946
1.00000 1.00000 1.00000

0.00733 -0.00334 0.09627
0.01930 -0.12368 0.92535 0.35785
1.00000 1.00000 1.00000

-0.00000 -0.00000 0.03768
-0.06777 0.04184 -0.04238 0.99592
1.00000 1.00000 1.00000

0.00000 -0.00000 0.02689
-0.17781 -0.01259 -0.01214 0.98391
1.00000 1.00000 1.00000

0.00000 0.00000 0.08297
-0.36735 -0.36371 0.00000 0.85602
1.00000 1.00000 1.00000

-0.00000 0.00000 0.22946
-0.11681 -0.00000 -0.00000 0.99315
1.00000 1.00000 1.00000

0.00000 -0.00000 0.07396
-0.05030 -0.00000 -0.00000 0.99873
1.00000 1.00000 1.00000

0.00000 0.00000 0.22946
-0.02157 0.81368 -0.11491 0.56943
1.00000 1.00000 1.00000

-0.00000 0.00000 0.20646
-0.16222 0.50808 -0.07265 0.84277
1.00000 1.00000 1.00000

0.00000 0.00000 0.25925
-0.00283 -0.00081 0.00442 0.99999
1.00000 1.00000 1.00000

0.00000 -0.00000 0.24513
-0.16813 0.02042 0.45436 0.87457
1.00000 1.00000 1.00000

0.04602 -0.00223 0.01586
-0.07912 0.23108 -0.50021 0.83074
1.00000 1.00000 1.00000

0.00000 -0.00000 0.05261
0.04058 -0.01245 0.01588 0.99897
1.00000 1.00000 1.00000

0.00000 0.00000 0.03427
0.14913 -0.00250 0.02800 0.98842
1.00000 1.00000 1.00000

0.02957 0.02510 0.09603
-0.00492 -0.06259 -0.95556 0.28804
1.00000 1.00000 1.00000

-0.00000 -0.00000 0.03810
-0.15513 0.00254 -0.01004 0.98784
1.00000 1.00000 1.00000

0.00000 0.00000 0.03016
-0.14451 0.00432 0.00825 0.98946
1.00000 1.00000 1.00000

-0.00733 -0.00334 0.09627
0.01930 0.12368 -0.92535 0.35785
1.00000 1.00000 1.00000

0.00000 -0.00000 0.03768
-0.06777 -0.04184 0.04238 0.99592
1.00000 1.00000 1.00000

-0.00000 -0.00000 0.02689
-0.17781 0.01259 0.01214 0.98391
1.00000 1.00000 1.00000

-0.00000 0.00000 0.08297
-0.36735 0.36371 -0.00000 0.85602
1.00000 1.00000 1.00000

0.09216 -0.02718 0.03270
-0.99675 0.00748 -0.06874 0.04124
1.00000 1.00000 1.00000

0.00000 -0.00000 0.41053
-0.09580 -0.02972 -0.00733 0.99493
1.00000 1.00000 1.00000

0.00000 -0.00000 0.42180
-0.02523 0.56102 -0.82557 0.05524
1.00000 1.00000 1.00000

0.00000 -0.00000 0.16057
-0.16901 -0.00454 0.03362 0.98503
1.00000 1.00000 1.00000

KEYFRAME: 21
TIMESTAMP: 0.70000
0.00000 0.89046 -0.02564
-0.00000 0.70711 0.70711 0.00000
1.00000 1.00000 1.00000

-0.09216 -0.02718 0.03270
-0.99675 -0.00748 0.06874 0.04124
1.00000 1.00000 1.00000

-0.00000 -0.00000 0.41053
-0.09580 0.02972 0.00733 0.99493
1.00000 1.00000 1.00000

0.00000 0.00000 0.42180
-0.02523 -0.56102 0.82557 0.05524
1.00000 1.00000 1.00000

-0.00000 -0.00000 0.16057
-0.16901 0.00454 -0.03362 0.98503
1.00000 1.00000 1.00000

0.00000 -0.00000 0.17913
0.06525 0.00000 0.00000 0.99787
1.00000 1.00000 1.00000

0.00000 -0.00000 0.23445
0.01802 0.00000 0.00000 0.99984
1.00000 1.00000 1.00000

-0.00000 0.00000 0.22946
-0.02166 -0.81322 0.11490 0.57010
1.00000 1.00000 1.00000

-0.00000 0.00000 0.20646
-0.16691 -0.48501 0.06019 0.85632
1.00000 1.00000 1.00000

-0.00000 -0.00000 0.25925
-0.00277 0.00079 -0.00442 0.99999
1.00000 1.00000 1.00000

-0.00000 -0.00000 0.24513
-0.14337 -0.06087 -0.46008 0.87411
1.00000 1.00000 1.00000

-0.04602 -0.00223 0.01586
-0.07912 -0.23108 0.50021 0.83074
1.00000 1.00000 1.00000

-0.00000 0.00000 0.05261
0.04058 0.01245 -0.01588 0.99897
1.00000 1.00000 1.00000

-0.00000 0.00000 0.03427
0.14913 0.00250 -0.02800 0.98842
1.00000 1.00000 1.00000

-0.02957 0.02510 0.09603
-0.00492 0.06259 0.95556 0.28804
1.00000 1.00000 1.00000

-0.00000 0.00000 0.03810
-0.15513 -0.00254 0.01004 0.98784
1.00000 1.00000 1.00000

-0.00000 -0.00000 0.03016
-0.14451 -0.00432 -0.00825 0.98946
1.00000 1.00000 1.00000

0.00733 -0.00334 0.09627
0.01930 -0.12368 0.92535 0.35785
1.00000 1.00000 1.00000

-0.00000 0.00000 0.03768
-0.06777 0.04184 -0.04238 0.99592
1.00000 1.00000 1.00000

0.00000 -0.00000 0.02689
-0.17781 -0.01259 -0.01214 0.98391
1.00000 1.00000 1.00000

0.00000 0.00000 0.08296
-0.36735 -0.36371 0.00000 0.85602
1.00000 1.00000 1.00000

-0.00000 0.00000 0.22946
-0.11681 -0.00000 -0.00000 0.99315
1.00000 1.00000 1.00000

0.00000 -0.00000 0.07396
-0.05030 -0.00000 -0.00000 0.99873
1.00000 1.00000 1.00000

0.00000 0.00000 0.22946
-0.02166 0.81323 -0.11490 0.57008
1.00000 1.00000 1.00000

-0.00000 -0.00000 0.20646
-0.16200 0.50888 -0.07268 0.84233
1.00000 1.00000 1.00000

-0.00000 -0.00000 0.25925
-0.00283 -0.00081 0.00442 0.99999
1.00000 1.00000 1.00000

0.00000 -0.00000 0.24513
-0.16810 0.02031 0.45428 0.87462
1.00000 1.00000 1.00000

0.04602 -0.00223 0.01586
-0.07912 0.23108 -0.50021 0.83074
1.00000 1.00000 1.00000

0.00000 -0.00000 0.05261
0.04058 -0.01245 0.01588 0.99897
1.00000 1.00000 1.00000

0.00000 -0.00000 0.03427
0.14913 -0.00250 0.02800 0.98842
1.00000 1.00000 1.00000

0.02957 0.02510 0.09603
-0.00492 -0.06259 -0.95556 0.28804
1.00000 1.00000 1.00000

0.00000 -0.00000 0.03810
-0.15513 0.00254 -0.01004 0.98784
1.00000 1.00000 1.00000

0.00000 0.00000 0.03016
-0.14451 0.00432 0.00825 0.98946
1.00000 1.00000 1.00000

-0.00733 -0.00334 0.09627
0.01930 0.12368 -0.92535 0.35785
1.00000 1.00000 1.00000

0.00000 -0.00000 0.03768
-0.06777 -0.04184 0.04238 0.99592
1.00000 1.00000 1.00000

-0.00000 -0.00000 0.02689
-0.17781 0.01259 0.01214 0.98391
1.00000 1.00000 1.00000

-0.00000 -0.00000 0.08296
-0.36735 0.36371 -0.00000 0.85602
1.00000 1.00000 1.00000

0.09216 -0.02718 0.03270
-0.99675 0.00748 -0.06874 0.04124
1.00000 1.00000 1.00000

0.00000 -0.00000 0.41053
-0.09580 -0.02972 -0.00733 0.99493
1.00000 1.00000 1.00000

0.00000 -0.00000 0.42180
-0.02523 0.56102 -0.82557 0.05524
1.00000 1.00000 1.00000

0.00000 -0.00000 0.16057
-0.16901 -0.00454 0.03362 0.98503
1.00000 1.00000 1.00000

KEYFRAME: 22
TIMESTAMP: 0.73333
0.00000 0.89046 -0.02564
-0.00000 0.70711 0.70711 0.00000
1.00000 1.00000 1.00000

-0.09216 -0.02718 0.03270
-0.99675 -0.00748 0.06874 0.04124
1.00000 1.00000 1.00000

-0.00000 -0.00000 0.41053
-0.09580 0.02972 0.00733 0.99493
1.00000 1.00000 1.00000

0.00000 0.00000 0.42180
-0.02523 -0.56102 0.82557 0.05524
1.00000 1.00000 1.00000

-0.00000 -0.00000 0.16057
-0.16901 0.00454 -0.03362 0.98503
1.00000 1.00000 1.00000

0.00000 -0.00000 0.17913
0.06525 0.00000 0.00000 0.99787
1.00000 1.00000 1.00000

0.00000 -0.00000 0.23445
0.01839 0.00000 0.00000 0.99983
1.00000 1.00000 1.00000

-0.00000 0.00000 0.22946
-0.02175 -0.81279 0.11488 0.57070
1.00000 1.00000 1.00000

-0.00000 -0.00000 0.20646
-0.16670 -0.48580 0.06022 0.85591
1.00000 1.00000 1.00000

-0.00000 -0.00000 0.25925
-0.00277 0.00079 -0.00442 0.99999
1.00000 1.00000 1.00000

-0.00000 -0.00000 0.24513
-0.14334 -0.06073 -0.46001 0.87416
1.00000 1.00000 1.00000

-0.04602 -0.00223 0.01586
-0.07912 -0.23108 0.50021 0.83074
1.00000 1.00000 1.00000

-0.00000 0.00000 0.05261
0.04058 0.01245 -0.01588 0.99897
1.00000 1.00000 1.00000

0.00000 0.00000 0.03427
0.14913 0.00250 -0.02800 0.98842
1.00000 1.00000 1.00000

-0.02957 0.02510 0.09603
-0.00492 0.06259 0.95556 0.28804
1.00000 1.00000 1.00000

-0.00000 0.00000 0.03810
-0.15513 -0.00254 0.01004 0.98784
1.00000 1.00000 1.00000

-0.00000 -0.00000 0.03016
-0.14451 -0.00432 -0.00825 0.98946
1.00000 1.00000 1.00000

0.00733 -0.00334 0.09627
0.01930 -0.12368 0.92535 0.35785
1.00000 1.00000 1.00000

-0.00000 0.00000 0.03768
-0.06777 0.04184 -0.04238 0.99592
1.00000 1.00000 1.00000

0.00000 -0.00000 0.02689
-0.17781 -0.01259 -0.01214 0.98391
1.00000 1.00000 1.00000

0.00000 0.00000 0.08296
-0.36735 -0.36371 0.00000 0.85602
1.00000 1.00000 1.00000

-0.00000 0.00000 0.22946
-0.11681 -0.00000 -0.00000 0.99315
1.00000 1.00000 1.00000

0.00000 -0.00000 0.07395
-0.05030 -0.00000 -0.00000 0.99873
1.00000 1.00000 1.00000

0.00000 0.00000 0.22946
-0.02175 0.81280 -0.11488 0.57069
1.00000 1.00000 1.00000

0.00000 -0.00000 0.20646
-0.16179 0.50964 -0.07271 0.84190
1.00000 1.00000 1.00000

0.00000 0.00000 0.25925
-0.00283 -0.00081 0.00442 0.99999
1.00000 1.00000 1.00000

0.00000 -0.00000 0.24513
-0.16807 0.02020 0.45420 0.87467
1.00000 1.00000 1.00000

0.04602 -0.00223 0.01586
-0.07912 0.23108 -0.50021 0.83074
1.00000 1.00000 1.00000

-0.00000 -0.00000 0.05261
0.04058 -0.01245 0.01588 0.99897
1.00000 1.00000 1.00000

-0.00000 -0.00000 0.03427
0.14913 -0.00250 0.02800 0.98842
1.00000 1.00000 1.00000

0.02957 0.02510 0.09603
-0.00492 -0.06259 -0.95556 0.28804
1.00000 1.00000 1.00000

-0.00000 0.00000 0.03810
-0.15513 0.00254 -0.01004 0.98784
1.00000 1.00000 1.00000

0.00000 -0.00000 0.03016
-0.14451 0.00432 0.00825 0.98946
1.00000 1.00000 1.00000

-0.00733 -0.00334 0.09627
0.01930 0.12368 -0.92535 0.35785
1.00000 1.00000 1.00000

0.00000 -0.00000 0.03768
-0.06777 -0.04184 0.04238 0.99592
1.00000 1.00000 1.00000

-0.00000 -0.00000 0.02689
-0.17781 0.01259 0.01214 0.98391
1.00000 1.00000 1.00000

-0.00000 -0.00000 0.08297
-0.36735 0.36371 -0.00000 0.85602
1.00000 1.00000 1.00000

0.09216 -0.02718 0.03270
-0.99675 0.00748 -0.06874 0.04124
1.00000 1.00000 1.00000

0.00000 -0.00000 0.41053
-0.09580 -0.02972 -0.00733 0.99493
1.00000 1.00000 1.00000

0.00000 -0.00000 0.42180
-0.02523 0.56102 -0.82557 0.05524
1.00000 1.00000 1.00000

0.00000 -0.00000 0.16057
-0.16901 -0.00454 0.03362 0.98503
1.00000 1.00000 1.00000

KEYFRAME: 23
TIMESTAMP: 0.76667
0.00000 0.89046 -0.02564
-0.00000 0.70711 0.70711 0.00000
1.00000 1.00000 1.00000

-0.09216 -0.02718 0.03270
-0.99675 -0.00748 0.06874 0.04124
1.00000 1.00000 1.00000

-0.00000 -0.00000 0.41053
-0.09580 0.02972 0.00733 0.99493
1.00000 1.00000 1.00000

0.00000 0.00000 0.42180
-0.02523 -0.56102 0.82557 0.05524
1.00000 1.00000 1.00000

-0.00000 -0.00000 0.16057
-0.16901 0.00454 -0.03362 0.98503
1.00000 1.00000 1.00000

0.00000 -0.00000 0.17913
0.06525 0.00000 0.00000 0.99787
1.00000 1.00000 1.00000

0.00000 -0.00000 0.23445
0.01874 0.00000 0.00000 0.99982
1.00000 1.00000 1.00000

-0.00000 0.00000 0.22946
-0.02183 -0.81239 0.11486 0.57127
1.00000 1.00000 1.00000

-0.00000 -0.00000 0.20646
-0.16651 -0.48654 0.06025 0.85553
1.00000 1.00000 1.00000

-0.00000 0.00000 0.25925
-0.00277 0.00079 -0.00442 0.99999
1.00000 1.00000 1.00000

-0.00000 -0.00000 0.24513
-0.14332 -0.06061 -0.45993 0.87421
1.00000 1.00000 1.00000

-0.04602 -0.00223 0.01586
-0.07912 -0.23108 0.50021 0.83074
1.00000 1.00000 1.00000

-0.00000 0.00000 0.05261
0.04058 0.01245 -0.01588 0.99897
1.00000 1.00000 1.00000

0.00000 -0.00000 0.03427
0.14913 0.00250 -0.02800 0.98842
1.00000 1.00000 1.00000

-0.02957 0.02510 0.09603
-0.00492 0.06259 0.95556 0.28804
1.00000 1.00000 1.00000

-0.00000 0.00000 0.03810
-0.15513 -0.00254 0.01004 0.98784
1.00000 1.00000 1.00000

-0.00000 0.00000 0.03016
-0.14451 -0.00432 -0.00825 0.98946
1.00000 1.00000 1.00000

0.00733 -0.00334 0.09627
0.01930 -0.12368 0.92535 0.35785
1.00000 1.00000 1.00000

-0.00000 0.00000 0.03768
-0.06777 0.04184 -0.04238 0.99592
1.00000 1.00000 1.00000

0.00000 -0.00000 0.02689
-0.17781 -0.01259 -0.01214 0.98391
1.00000 1.00000 1.00000

-0.00000 0.00000 0.08297
-0.36735 -0.36371 0.00000 0.85602
1.00000 1.00000 1.00000

-0.00000 0.00000 0.22946
-0.11681 -0.00000 -0.00000 0.99315
1.00000 1.00000 1.00000

0.00000 -0.00000 0.07396
-0.05030 -0.00000 -0.00000 0.99873
1.00000 1.00000 1.00000

0.00000 0.00000 0.22946
-0.02183 0.81241 -0.11486 0.57125
1.00000 1.00000 1.00000

0.00000 -0.00000 0.20646
-0.16159 0.51034 -0.07274 0.84152
1.00000 1.00000 1.00000

0.00000 0.00000 0.25925
-0.00283 -0.00081 0.00442 0.99999
1.00000 1.00000 1.00000

0.00000 -0.00000 0.24513
-0.16804 0.02011 0.45414 0.87471
1.00000 1.00000 1.00000

0.04602 -0.00223 0.01586
-0.07912 0.23108 -0.50021 0.83074
1.00000 1.00000 1.00000

-0.00000 -0.00000 0.05261
0.04058 -0.01245 0.01588 0.99897
1.00000 1.00000 1.00000

0.00000 -0.00000 0.03427
0.14913 -0.00250 0.02800 0.98842
1.00000 1.00000 1.00000

0.02957 0.02510 0.09603
-0.00492 -0.06259 -0.95556 0.28804
1.00000 1.00000 1.00000

0.00000 -0.00000 0.03810
-0.15513 0.00254 -0.01004 0.98784
1.00000 1.00000 1.00000

0.00000 0.00000 0.03016
-0.14451 0.00432 0.00825 0.98946
1.00000 1.00000 1.00000

-0.00733 -0.00334 0.09627
0.01930 0.12368 -0.92535 0.35785
1.00000 1.00000 1.00000

0.00000 -0.00000 0.03768
-0.06777 -0.04184 0.04238 0.99592
1.00000 1.00000 1.00000

-0.00000 -0.00000 0.02689
-0.17781 0.01259 0.01214 0.98391
1.00000 1.00000 1.00000

-0.00000 0.00000 0.08297
-0.36735 0.36371 -0.00000 0.85602
1.00000 1.00000 1.00000

0.09216 -0.02718 0.03270
-0.99675 0.00748 -0.06874 0.04124
1.00000 1.00000 1.00000

0.00000 -0.00000 0.41053
-0.09580 -0.02972 -0.00733 0.99493
1.00000 1.00000 1.00000

0.00000 -0.00000 0.42180
-0.02523 0.56102 -0.82557 0.05524
1.00000 1.00000 1.00000

0.00000 -0.00000 0.16057
-0.16901 -0.00454 0.03362 0.98503
1.00000 1.00000 1.00000

KEYFRAME: 24
TIMESTAMP: 0.80000
0.00000 0.89046 -0.02564
-0.00000 0.70711 0.70711 0.00000
1.00000 1.00000 1.00000

-0.09216 -0.02718 0.03270
-0.99675 -0.00748 0.06874 0.04124
1.00000 1.00000 1.00000

-0.00000 -0.00000 0.41053
-0.09580 0.02972 0.00733 0.99493
1.00000 1.00000 1.00000

0.00000 0.00000 0.42180
-0.02523 -0.56102 0.82557 0.05524
1.00000 1.00000 1.00000

-0.00000 -0.00000 0.16057
-0.16901 0.00454 -0.03362 0.98503
1.00000 1.00000 1.00000

0.00000 -0.00000 0.17913
0.06525 0.00000 0.00000 0.99787
1.00000 1.00000 1.00000

0.00000 -0.00000 0.23445
0.01905 0.00000 0.00000 0.99982
1.00000 1.00000 1.00000

-0.00000 0.00000 0.22946
-0.02190 -0.81204 0.11485 0.57178
1.00000 1.00000 1.00000

-0.00000 0.00000 0.20646
-0.16634 -0.48720 0.06027 0.85518
1.00000 1.00000 1.00000

0.00000 -0.00000 0.25925
-0.00277 0.00079 -0.00442 0.99999
1.00000 1.00000 1.00000

-0.00000 -0.00000 0.24513
-0.14329 -0.06050 -0.45987 0.87426
1.00000 1.00000 1.00000

-0.04602 -0.00223 0.01586
-0.07912 -0.23108 0.50021 0.83074
1.00000 1.00000 1.00000

0.00000 0.00000 0.05261
0.04058 0.01245 -0.01588 0.99897
1.00000 1.00000 1.00000

-0.00000 -0.00000 0.03427
0.14913 0.00250 -0.02800 0.98842
1.00000 1.00000 1.00000

-0.02957 0.02510 0.09603
-0.00492 0.06259 0.95556 0.28804
1.00000 1.00000 1.00000

-0.00000 -0.00000 0.03810
-0.15513 -0.00254 0.01004 0.98784
1.00000 1.00000 1.00000

-0.00000 0.00000 0.03016
-0.14451 -0.00432 -0.00825 0.98946
1.00000 1.00000 1.00000

0.00733 -0.00334 0.09627
0.01930 -0.12368 0.92535 0.35785
1.00000 1.00000 1.00000

-0.00000 -0.00000 0.03768
-0.06777 0.04184 -0.04238 0.99592
1.00000 1.00000 1.00000

0.00000 -0.00000 0.02689
-0.17781 -0.01259 -0.01214 0.98391
1.00000 1.00000 1.00000

0.00000 0.00000 0.08297
-0.36735 -0.36371 0.00000 0.85602
1.00000 1.00000 1.00000

-0.00000 0.00000 0.22946
-0.11681 -0.00000 -0.00000 0.99315
1.00000 1.00000 1.00000

0.00000 -0.00000 0.07396
-0.05030 -0.00000 -0.00000 0.99873
1.00000 1.00000 1.00000

0.00000 0.00000 0.22946
-0.02190 0.81205 -0.11485 0.57176
1.00000 1.00000 1.00000

-0.00000 -0.00000 0.20646
-0.16142 0.51098 -0.07276 0.84116
1.00000 1.00000 1.00000

-0.00000 0.00000 0.25925
-0.00283 -0.00081 0.00442 0.99999
1.00000 1.00000 1.00000

0.00000 -0.00000 0.24513
-0.16802 0.02002 0.45408 0.87475
1.00000 1.00000 1.00000

0.04602 -0.00223 0.01586
-0.07912 0.23108 -0.50021 0.83074
1.00000 1.00000 1.00000

-0.00000 -0.00000 0.05261
0.04058 -0.01245 0.01588 0.99897
1.00000 1.00000 1.00000

0.00000 -0.00000 0.03427
0.14913 -0.00250 0.02800 0.98842
1.00000 1.00000 1.00000

0.02957 0.02510 0.09603
-0.00492 -0.06259 -0.95556 0.28804
1.00000 1.00000 1.00000

0.00000 0.00000 0.03810
-0.15513 0.00254 -0.01004 0.98784
1.00000 1.00000 1.00000

0.00000 0.00000 0.03016
-0.14451 0.00432 0.00825 0.98946
1.00000 1.00000 1.00000

-0.00733 -0.00334 0.09627
0.01930 0.12368 -0.92535 0.35785
1.00000 1.00000 1.00000

0.00000 0.00000 0.03768
-0.06777 -0.04184 0.04238 0.99592
1.00000 1.00000 1.00000

-0.00000 -0.00000 0.02689
-0.17781 0.01259 0.01214 0.98391
1.00000 1.00000 1.00000

-0.00000 0.00000 0.08297
-0.36735 0.36371 -0.00000 0.85602
1.00000 1.00000 1.00000

0.09216 -0.02718 0.03270
-0.99675 0.00748 -0.06874 0.04124
1.00000 1.00000 1.00000

0.00000 -0.00000 0.41053
-0.09580 -0.02972 -0.00733 0.99493
1.00000 1.00000 1.00000

0.00000 -0.00000 0.42180
-0.02523 0.56102 -0.82557 0.05524
1.00000 1.00000 1.00000

0.00000 -0.00000 0.16057
-0.16901 -0.00454 0.03362 0.98503
1.00000 1.00000 1.00000

KEYFRAME: 25
TIMESTAMP: 0.83333
0.00000 0.89046 -0.02564
-0.00000 0.70711 0.70711 0.00000
1.00000 1.00000 1.00000

-0.09216 -0.02718 0.03270
-0.99675 -0.00748 0.06874 0.04124
1.00000 1.00000 1.00000

-0.00000 -0.00000 0.41053
-0.09580 0.02972 0.00733 0.99493
1.00000 1.00000 1.00000

0.00000 0.00000 0.42180
-0.02523 -0.56102 0.82557 0.05524
1.00000 1.00000 1.00000

-0.00000 -0.00000 0.16057
-0.16901 0.00454 -0.03362 0.98503
1.00000 1.00000 1.00000

0.00000 -0.00000 0.17913
0.06525 0.00000 0.00000 0.99787
1.00000 1.00000 1.00000

0.00000 -0.00000 0.23445
0.01933 0.00000 0.00000 0.99981
1.00000 1.00000 1.00000

-0.00000 0.00000 0.22946
-0.02197 -0.81172 0.11484 0.57223
1.00000 1.00000 1.00000

-0.00000 0.00000 0.20646
-0.16619 -0.48779 0.06030 0.85487
1.00000 1.00000 1.00000

-0.00000 -0.00000 0.25925
-0.00277 0.00079 -0.00442 0.99999
1.00000 1.00000 1.00000

-0.00000 -0.00000 0.24513
-0.14327 -0.06040 -0.45981 0.87430
1.00000 1.00000 1.00000

-0.04602 -0.00223 0.01586
-0.07912 -0.23108 0.50021 0.83074
1.00000 1.00000 1.00000

-0.00000 -0.00000 0.05261
0.04058 0.01245 -0.01588 0.99897
1.00000 1.00000 1.00000

0.00000 0.00000 0.03427
0.14913 0.00250 -0.02800 0.98842
1.00000 1.00000 1.00000

-0.02957 0.02510 0.09603
-0.00492 0.06259 0.95556 0.28804
1.00000 1.00000 1.00000

-0.00000 -0.00000 0.03810
-0.15513 -0.00254 0.01004 0.98784
1.00000 1.00000 1.00000

0.00000 0.00000 0.03016
-0.14451 -0.00432 -0.00825 0.98946
1.00000 1.00000 1.00000

0.00733 -0.00334 0.09627
0.01930 -0.12368 0.92535 0.35785
1.00000 1.00000 1.00000

-0.00000 -0.00000 0.03768
-0.06777 0.04184 -0.04238 0.99592
1.00000 1.00000 1.00000

0.00000 -0.00000 0.02689
-0.17781 -0.01259 -0.01214 0.98391
1.00000 1.00000 1.00000

0.00000 0.00000 0.08297
-0.36735 -0.36371 0.00000 0.85602
1.00000 1.00000 1.00000

-0.00000 0.00000 0.22946
-0.11681 -0.00000 -0.00000 0.99315
1.00000 1.00000 1.00000

0.00000 -0.00000 0.07396
-0.05030 -0.00000 -0.00000 0.99873
1.00000 1.00000 1.00000

0.00000 0.00000 0.22946
-0.02196 0.81173 -0.11484 0.57221
1.00000 1.00000 1.00000

0.00000 0.00000 0.20646
-0.16126 0.51154 -0.07278 0.84085
1.00000 1.00000 1.00000

0.00000 0.00000 0.25925
-0.00283 -0.00081 0.00442 0.99999
1.00000 1.00000 1.00000

0.00000 -0.00000 0.24513
-0.16799 0.01995 0.45402 0.87478
1.00000 1.00000 1.00000

0.04602 -0.00223 0.01586
-0.07912 0.23108 -0.50021 0.83074
1.00000 1.00000 1.00000

-0.00000 -0.00000 0.05261
0.04058 -0.01245 0.01588 0.99897
1.00000 1.00000 1.00000

0.00000 0.00000 0.03427
0.14913 -0.00250 0.02800 0.98842
1.00000 1.00000 1.00000

0.02957 0.02510 0.09603
-0.00492 -0.06259 -0.95556 0.28804
1.00000 1.00000 1.00000

0.00000 0.00000 0.03810
-0.15513 0.00254 -0.01004 0.98784
1.00000 1.00000 1.00000

0.00000 0.00000 0.03016
-0.14451 0.00432 0.00825 0.98946
1.00000 1.00000 1.00000

-0.00733 -0.00334 0.09627
0.01930 0.12368 -0.92535 0.35785
1.00000 1.00000 1.00000

0.00000 0.00000 0.03768
-0.06777 -0.04184 0.04238 0.99592
1.00000 1.00000 1.00000

-0.00000 -0.00000 0.02689
-0.17781 0.01259 0.01214 0.98391
1.00000 1.00000 1.00000

-0.00000 -0.00000 0.08297
-0.36735 0.36371 -0.00000 0.85602
1.00000 1.00000 1.00000

0.09216 -0.02718 0.03270
-0.99675 0.00748 -0.06874 0.04124
1.00000 1.00000 1.00000

0.00000 -0.00000 0.41053
-0.09580 -0.02972 -0.00733 0.99493
1.00000 1.00000 1.00000

0.00000 -0.00000 0.42180
-0.02523 0.56102 -0.82557 0.05524
1.00000 1.00000 1.00000

0.00000 -0.00000 0.16057
-0.16901 -0.00454 0.03362 0.98503
1.00000 1.00000 1.00000

KEYFRAME: 26
TIMESTAMP: 0.86667
0.00000 0.89046 -0.02564
-0.00000 0.70711 0.70711 0.00000
1.00000 1.00000 1.00000

-0.09216 -0.02718 0.03270
-0.99675 -0.00748 0.06874 0.04124
1.00000 1.00000 1.00000

-0.00000 -0.00000 0.41053
-0.09580 0.02972 0.00733 0.99493
1.00000 1.00000 1.00000

0.00000 0.00000 0.42180
-0.02523 -0.56102 0.82557 0.05524
1.00000 1.00000 1.00000

-0.00000 -0.00000 0.16057
-0.16901 0.00454 -0.03362 0.98503
1.00000 1.00000 1.00000

0.00000 -0.00000 0.17913
0.06525 0.00000 0.00000 0.99787
1.00000 1.00000 1.00000

0.00000 -0.00000 0.23445
0.01957 0.00000 0.00000 0.99981
1.00000 1.00000 1.00000

-0.00000 0.00000 0.22946
-0.02202 -0.81145 0.11483 0.57261
1.00000 1.00000 1.00000

0.00000 0.00000 0.20646
-0.16606 -0.48829 0.06032 0.85461
1.00000 1.00000 1.00000

-0.00000 -0.00000 0.25925
-0.00277 0.00079 -0.00442 0.99999
1.00000 1.00000 1.00000

-0.00000 -0.00000 0.24513
-0.14325 -0.06032 -0.45976 0.87433
1.00000 1.00000 1.00000

-0.04602 -0.00223 0.01586
-0.07912 -0.23108 0.50021 0.83074
1.00000 1.00000 1.00000

0.00000 0.00000 0.05261
0.04058 0.01245 -0.01588 0.99897
1.00000 1.00000 1.00000

0.00000 0.00000 0.03427
0.14913 0.00250 -0.02800 0.98842
1.00000 1.00000 1.00000

-0.02957 0.02510 0.09603
-0.00492 0.06259 0.95556 0.28804
1.00000 1.00000 1.00000

-0.00000 -0.00000 0.03810
-0.15513 -0.00254 0.01004 0.98784
1.00000 1.00000 1.00000

0.00000 0.00000 0.03016
-0.14451 -0.00432 -0.00825 0.98946
1.00000 1.00000 1.00000

0.00733 -0.00334 0.09627
0.01930 -0.12368 0.92535 0.35785
1.00000 1.00000 1.00000

-0.00000 0.00000 0.03768
-0.06777 0.04184 -0.04238 0.99592
1.00000 1.00000 1.00000

0.00000 -0.00000 0.02689
-0.17781 -0.01259 -0.01214 0.98391
1.00000 1.00000 1.00000

0.00000 -0.00000 0.08297
-0.36735 -0.36371 0.00000 0.85602
1.00000 1.00000 1.00000

-0.00000 0.00000 0.22946
-0.11681 -0.00000 -0.00000 0.99315
1.00000 1.00000 1.00000

0.00000 -0.00000 0.07396
-0.05030 -0.00000 -0.00000 0.99873
1.00000 1.00000 1.00000

0.00000 0.00000 0.22946
-0.02202 0.81146 -0.11483 0.57259
1.00000 1.00000 1.00000

0.00000 -0.00000 0.20646
-0.16113 0.51202 -0.07280 0.84058
1.00000 1.00000 1.00000

-0.00000 0.00000 0.25925
-0.00283 -0.00081 0.00442 0.99999
1.00000 1.00000 1.00000

0.00000 -0.00000 0.24513
-0.16797 0.01988 0.45398 0.87481
1.00000 1.00000 1.00000

0.04602 -0.00223 0.01586
-0.07912 0.23108 -0.50021 0.83074
1.00000 1.00000 1.00000

-0.00000 -0.00000 0.05261
0.04058 -0.01245 0.01588 0.99897
1.00000 1.00000 1.00000

0.00000 -0.00000 0.03427
0.14913 -0.00250 0.02800 0.98842
1.00000 1.00000 1.00000

0.02957 0.02510 0.09603
-0.00492 -0.06259 -0.95556 0.28804
1.00000 1.00000 1.00000

-0.00000 0.00000 0.03810
-0.15513 0.00254 -0.01004 0.98784
1.00000 1.00000 1.00000

0.00000 -0.00000 0.03016
-0.14451 0.00432 0.00825 0.98946
1.00000 1.00000 1.00000

-0.00733 -0.00334 0.09627
0.01930 0.12368 -0.92535 0.35785
1.00000 1.00000 1.00000

0.00000 -0.00000 0.03768
-0.06777 -0.04184 0.04238 0.99592
1.00000 1.00000 1.00000

-0.00000 -0.00000 0.02689
-0.17781 0.01259 0.01214 0.98391
1.00000 1.00000 1.00000

0.00000 0.00000 0.08297
-0.36735 0.36371 -0.00000 0.85602
1.00000 1.00000 1.00000

0.09216 -0.02718 0.03270
-0.99675 0.00748 -0.06874 0.04124
1.00000 1.00000 1.00000

0.00000 -0.00000 0.41053
-0.09580 -0.02972 -0.00733 0.99493
1.00000 1.00000 1.00000

0.00000 -0.00000 0.42180
-0.02523 0.56102 -0.82557 0.05524
1.00000 1.00000 1.00000

0.00000 -0.00000 0.16057
-0.16901 -0.00454 0.03362 0.98503
1.00000 1.00000 1.00000

KEYFRAME: 27
TIMESTAMP: 0.90000
0.00000 0.89046 -0.02564
-0.00000 0.70711 0.70711 0.00000
1.00000 1.00000 1.00000

-0.09216 -0.02718 0.03270
-0.99675 -0.00748 0.06874 0.04124
1.00000 1.00000 1.00000

-0.00000 -0.00000 0.41053
-0.09580 0.02972 0.00733 0.99493
1.00000 1.00000 1.00000

0.00000 0.00000 0.42180
-0.02523 -0.56102 0.82557 0.05524
1.00000 1.00000 1.00000

-0.00000 -0.00000 0.16057
-0.16901 0.00454 -0.03362 0.98503
1.00000 1.00000 1.00000

0.00000 -0.00000 0.17913
0.06525 0.00000 0.00000 0.99787
1.00000 1.00000 1.00000

0.00000 -0.00000 0.23445
0.01976 0.00000 0.00000 0.99980
1.00000 1.00000 1.00000

-0.00000 0.00000 0.22946
-0.02206 -0.81123 0.11482 0.57292
1.00000 1.00000 1.00000

-0.00000 -0.00000 0.20646
-0.16596 -0.48870 0.06033 0.85440
1.00000 1.00000 1.00000

0.00000 -0.00000 0.25925
-0.00277 0.00079 -0.00442 0.99999
1.00000 1.00000 1.00000

-0.00000 -0.00000 0.24513
-0.14324 -0.06025 -0.45972 0.87436
1.00000 1.00000 1.00000

-0.04602 -0.00223 0.01586
-0.07912 -0.23108 0.50021 0.83074
1.00000 1.00000 1.00000

-0.00000 0.00000 0.05261
0.04058 0.01245 -0.01588 0.99897
1.00000 1.00000 1.00000

-0.00000 -0.00000 0.03427
0.14913 0.00250 -0.02800 0.98842
1.00000 1.00000 1.00000

-0.02957 0.02510 0.09603
-0.00492 0.06259 0.95556 0.28804
1.00000 1.00000 1.00000

0.00000 0.00000 0.03810
-0.15513 -0.00254 0.01004 0.98784
1.00000 1.00000 1.00000

-0.00000 0.00000 0.03016
-0.14451 -0.00432 -0.00825 0.98946
1.00000 1.00000 1.00000

0.00733 -0.00334 0.09627
0.01930 -0.12368 0.92535 0.35785
1.00000 1.00000 1.00000

-0.00000 0.00000 0.03768
-0.06777 0.04184 -0.04238 0.99592
1.00000 1.00000 1.00000

0.00000 -0.00000 0.02689
-0.17781 -0.01259 -0.01214 0.98391
1.00000 1.00000 1.00000

-0.00000 0.00000 0.08297
-0.36735 -0.36371 0.00000 0.85602
1.00000 1.00000 1.00000

-0.00000 0.00000 0.22946
-0.11681 -0.00000 -0.00000 0.99315
1.00000 1.00000 1.00000

0.00000 -0.00000 0.07395
-0.05030 -0.00000 -0.00000 0.99873
1.00000 1.00000 1.00000

0.00000 0.00000 0.22946
-0.02206 0.81124 -0.11482 0.57290
1.00000 1.00000 1.00000

-0.00000 -0.00000 0.20646
-0.16102 0.51240 -0.07282 0.84037
1.00000 1.00000 1.00000

-0.00000 0.00000 0.25925
-0.00283 -0.00081 0.00442 0.99999
1.00000 1.00000 1.00000

0.00000 -0.00000 0.24513
-0.16796 0.01983 0.45394 0.87484
1.00000 1.00000 1.00000

0.04602 -0.00223 0.01586
-0.07912 0.23108 -0.50021 0.83074
1.00000 1.00000 1.00000

0.00000 0.00000 0.05261
0.04058 -0.01245 0.01588 0.99897
1.00000 1.00000 1.00000

0.00000 0.00000 0.03427
0.14913 -0.00250 0.02800 0.98842
1.00000 1.00000 1.00000

0.02957 0.02510 0.09603
-0.00492 -0.06259 -0.95556 0.28804
1.00000 1.00000 1.00000

0.00000 0.00000 0.03810
-0.15513 0.00254 -0.01004 0.98784
1.00000 1.00000 1.00000

0.00000 -0.00000 0.03016
-0.14451 0.00432 0.00825 0.98946
1.00000 1.00000 1.00000

-0.00733 -0.00334 0.09627
0.01930 0.12368 -0.92535 0.35785
1.00000 1.00000 1.00000

0.00000 0.00000 0.03768
-0.06777 -0.04184 0.04238 0.99592
1.00000 1.00000 1.00000

-0.00000 -0.00000 0.02689
-0.17781 0.01259 0.01214 0.98391
1.00000 1.00000 1.00000

0.00000 -0.00000 0.08297
-0.36735 0.36371 -0.00000 0.85602
1.00000 1.00000 1.00000

0.09216 -0.02718 0.03270
-0.99675 0.00748 -0.06874 0.04124
1.00000 1.00000 1.00000

0.00000 -0.00000 0.41053
-0.09580 -0.02972 -0.00733 0.99493
1.00000 1.00000 1.00000

0.00000 -0.00000 0.42180
-0.02523 0.56102 -0.82557 0.05524
1.00000 1.00000 1.00000

0.00000 -0.00000 0.16057
-0.16901 -0.00454 0.03362 0.98503
1.00000 1.00000 1.00000

KEYFRAME: 28
TIMESTAMP: 0.93333
0.00000 0.89046 -0.02564
-0.00000 0.70711 0.70711 0.00000
1.00000 1.00000 1.00000

-0.09216 -0.02718 0.03270
-0.99675 -0.00748 0.06874 0.04124
1.00000 1.00000 1.00000

-0.00000 -0.00000 0.41053
-0.09580 0.02972 0.00733 0.99493
1.00000 1.00000 1.00000

0.00000 0.00000 0.42180
-0.02523 -0.56102 0.82557 0.05524
1.00000 1.00000 1.00000

-0.00000 -0.00000 0.16057
-0.16901 0.00454 -0.03362 0.98503
1.00000 1.00000 1.00000

0.00000 -0.00000 0.17913
0.06525 0.00000 0.00000 0.99787
1.00000 1.00000 1.00000

0.00000 -0.00000 0.23445
0.01990 0.00000 0.00000 0.99980
1.00000 1.00000 1.00000

-0.00000 0.00000 0.22946
-0.02210 -0.81106 0.11481 0.57315
1.00000 1.00000 1.00000

-0.00000 -0.00000 0.20646
-0.16588 -0.48900 0.06034 0.85424
1.00000 1.00000 1.00000

-0.00000 0.00000 0.25925
-0.00277 0.00079 -0.00442 0.99999
1.00000 1.00000 1.00000

-0.00000 -0.00000 0.24513
-0.14323 -0.06020 -0.45969 0.87438
1.00000 1.00000 1.00000

-0.04602 -0.00223 0.01586
-0.07912 -0.23108 0.50021 0.83074
1.00000 1.00000 1.00000

-0.00000 -0.00000 0.05261
0.04058 0.01245 -0.01588 0.99897
1.00000 1.00000 1.00000

-0.00000 0.00000 0.03427
0.14913 0.00250 -0.02800 0.98842
1.00000 1.00000 1.00000

-0.02957 0.02510 0.09603
-0.00492 0.06259 0.95556 0.28804
1.00000 1.00000 1.00000

0.00000 0.00000 0.03810
-0.15513 -0.00254 0.01004 0.98784
1.00000 1.00000 1.00000

-0.00000 0.00000 0.03016
-0.14451 -0.00432 -0.00825 0.98946
1.00000 1.00000 1.00000

0.00733 -0.00334 0.09627
0.01930 -0.12368 0.92535 0.35785
1.00000 1.00000 1.00000

-0.00000 -0.00000 0.03768
-0.06777 0.04184 -0.04238 0.99592
1.00000 1.00000 1.00000

0.00000 -0.00000 0.02689
-0.17781 -0.01259 -0.01214 0.98391
1.00000 1.00000 1.00000

-0.00000 0.00000 0.08296
-0.36735 -0.36371 0.00000 0.85602
1.00000 1.00000 1.00000

-0.00000 0.00000 0.22946
-0.11681 -0.00000 -0.00000 0.99315
1.00000 1.00000 1.00000

0.00000 -0.00000 0.07396
-0.05030 -0.00000 -0.00000 0.99873
1.00000 1.00000 1.00000

0.00000 0.00000 0.22946
-0.02209 0.81108 -0.11481 0.57313
1.00000 1.00000 1.00000

-0.00000 -0.00000 0.20646
-0.16095 0.51269 -0.07283 0.84020
1.00000 1.00000 1.00000

0.00000 0.00000 0.25925
-0.00283 -0.00081 0.00442 0.99999
1.00000 1.00000 1.00000

0.00000 -0.00000 0.24513
-0.16794 0.01979 0.45391 0.87485
1.00000 1.00000 1.00000

0.04602 -0.00223 0.01586
-0.07912 0.23108 -0.50021 0.83074
1.00000 1.00000 1.00000

0.00000 0.00000 0.05261
0.04058 -0.01245 0.01588 0.99897
1.00000 1.00000 1.00000

0.00000 -0.00000 0.03427
0.14913 -0.00250 0.02800 0.98842
1.00000 1.00000 1.00000

0.02957 0.02510 0.09603
-0.00492 -0.06259 -0.95556 0.28804
1.00000 1.00000 1.00000

-0.00000 -0.00000 0.03810
-0.15513 0.00254 -0.01004 0.98784
1.00000 1.00000 1.00000

0.00000 -0.00000 0.03016
-0.14451 0.00432 0.00825 0.98946
1.00000 1.00000 1.00000

-0.00733 -0.00334 0.09627
0.01930 0.12368 -0.92535 0.35785
1.00000 1.00000 1.00000

0.00000 0.00000 0.03768
-0.06777 -0.04184 0.04238 0.99592
1.00000 1.00000 1.00000

-0.00000 -0.00000 0.02689
-0.17781 0.01259 0.01214 0.98391
1.00000 1.00000 1.00000

0.00000 0.00000 0.08297
-0.36735 0.36371 -0.00000 0.85602
1.00000 1.00000 1.00000

0.09216 -0.02718 0.03270
-0.99675 0.00748 -0.06874 0.04124
1.00000 1.00000 1.00000

0.00000 -0.00000 0.41053
-0.09580 -0.02972 -0.00733 0.99493
1.00000 1.00000 1.00000

0.00000 -0.00000 0.42180
-0.02523 0.56102 -0.82557 0.05524
1.00000 1.00000 1.00000

0.00000 -0.00000 0.16057
-0.16901 -0.00454 0.03362 0.98503
1.00000 1.00000 1.00000

KEYFRAME: 29
TIMESTAMP: 0.96667
0.00000 0.89046 -0.02564
-0.00000 0.70711 0.70711 0.00000
1.00000 1.00000 1.00000

-0.09216 -0.02718 0.03270
-0.99675 -0.00748 0.06874 0.04124
1.00000 1.00000 1.00000

-0.00000 -0.00000 0.41053
-0.09580 0.02972 0.00733 0.99493
1.00000 1.00000 1.00000

0.00000 0.00000 0.42180
-0.02523 -0.56102 0.82557 0.05524
1.00000 1.00000 1.00000

-0.00000 -0.00000 0.16057
-0.16901 0.00454 -0.03362 0.98503
1.00000 1.00000 1.00000

0.00000 -0.00000 0.17913
0.06525 0.00000 0.00000 0.99787
1.00000 1.00000 1.00000

0.00000 -0.00000 0.23445
0.01999 0.00000 0.00000 0.99980
1.00000 1.00000 1.00000

-0.00000 0.00000 0.22946
-0.02212 -0.81096 0.11481 0.57330
1.00000 1.00000 1.00000

-0.00000 -0.00000 0.20646
-0.16583 -0.48919 0.06035 0.85414
1.00000 1.00000 1.00000

-0.00000 0.00000 0.25925
-0.00277 0.00079 -0.00442 0.99999
1.00000 1.00000 1.00000

-0.00000 -0.00000 0.24513
-0.14322 -0.06017 -0.45968 0.87439
1.00000 1.00000 1.00000

-0.04602 -0.00223 0.01586
-0.07912 -0.23108 0.50021 0.83074
1.00000 1.00000 1.00000

0.00000 -0.00000 0.05261
0.04058 0.01245 -0.01588 0.99897
1.00000 1.00000 1.00000

0.00000 0.00000 0.03427
0.14913 0.00250 -0.02800 0.98842
1.00000 1.00000 1.00000

-0.02957 0.02510 0.09603
-0.00492 0.06259 0.95556 0.28804
1.00000 1.00000 1.00000

-0.00000 -0.00000 0.03810
-0.15513 -0.00254 0.01004 0.98784
1.00000 1.00000 1.00000

0.00000 -0.00000 0.03016
-0.14451 -0.00432 -0.00825 0.98946
1.00000 1.00000 1.00000

0.00733 -0.00334 0.09627
0.01930 -0.12368 0.92535 0.35785
1.00000 1.00000 1.00000

-0.00000 0.00000 0.03768
-0.06777 0.04184 -0.04238 0.99592
1.00000 1.00000 1.00000

0.00000 -0.00000 0.02689
-0.17781 -0.01259 -0.01214 0.98391
1.00000 1.00000 1.00000

0.00000 0.00000 0.08297
-0.36735 -0.36371 0.00000 0.85602
1.00000 1.00000 1.00000

-0.00000 0.00000 0.22946
-0.11681 -0.00000 -0.00000 0.99315
1.00000 1.00000 1.00000

0.00000 -0.00000 0.07395
-0.05030 -0.00000 -0.00000 0.99873
1.00000 1.00000 1.00000

0.00000 0.00000 0.22946
-0.02211 0.81098 -0.11481 0.57327
1.00000 1.00000 1.00000

-0.00000 0.00000 0.20646
-0.16090 0.51287 -0.07284 0.84010
1.00000 1.00000 1.00000

-0.00000 0.00000 0.25925
-0.00283 -0.00081 0.00442 0.99999
1.00000 1.00000 1.00000

0.00000 -0.00000 0.24513
-0.16794 0.01977 0.45389 0.87486
1.00000 1.00000 1.00000

0.04602 -0.00223 0.01586
-0.07912 0.23108 -0.50021 0.83074
1.00000 1.00000 1.00000

-0.00000 -0.00000 0.05261
0.04058 -0.01245 0.01588 0.99897
1.00000 1.00000 1.00000

0.00000 -0.00000 0.03427
0.14913 -0.00250 0.02800 0.98842
1.00000 1.00000 1.00000

0.02957 0.02510 0.09603
-0.00492 -0.06259 -0.95556 0.28804
1.00000 1.00000 1.00000

-0.00000 0.00000 0.03810
-0.15513 0.00254 -0.01004 0.98784
1.00000 1.00000 1.00000

-0.00000 -0.00000 0.03016
-0.14451 0.00432 0.00825 0.98946
1.00000 1.00000 1.00000

-0.00733 -0.00334 0.09627
0.01930 0.12368 -0.92535 0.35785
1.00000 1.00000 1.00000

0.00000 0.00000 0.03768
-0.06777 -0.04184 0.04238 0.99592
1.00000 1.00000 1.00000

-0.00000 -0.00000 0.02689
-0.17781 0.01259 0.01214 0.98391
1.00000 1.00000 1.00000

0.00000 0.00000 0.08297
-0.36735 0.36371 -0.00000 0.85602
1.00000 1.00000 1.00000

0.09216 -0.02718 0.03270
-0.99675 0.00748 -0.06874 0.04124
1.00000 1.00000 1.00000

0.00000 -0.00000 0.41053
-0.09580 -0.02972 -0.00733 0.99493
1.00000 1.00000 1.00000

0.00000 -0.00000 0.42180
-0.02523 0.56102 -0.82557 0.05524
1.00000 1.00000 1.00000

0.00000 -0.00000 0.16057
-0.16901 -0.00454 0.03362 0.98503
1.00000 1.00000 1.00000

KEYFRAME: 30
TIMESTAMP: 1.00000
0.00000 0.89046 -0.02564
-0.00000 0.70711 0.70711 0.00000
1.00000 1.00000 1.00000

-0.09216 -0.02718 0.03270
-0.99675 -0.00748 0.06874 0.04124
1.00000 1.00000 1.00000

-0.00000 -0.00000 0.41053
-0.09580 0.02972 0.00733 0.99493
1.00000 1.00000 1.00000

0.00000 0.00000 0.42180
-0.02523 -0.56102 0.82557 0.05524
1.00000 1.00000 1.00000

-0.00000 -0.00000 0.16057
-0.16901 0.00454 -0.03362 0.98503
1.00000 1.00000 1.00000

0.00000 -0.00000 0.17913
0.06525 0.00000 0.00000 0.99787
1.00000 1.00000 1.00000

0.00000 -0.00000 0.23445
0.02002 0.00000 0.00000 0.99980
1.00000 1.00000 1.00000

-0.00000 0.00000 0.22946
-0.02212 -0.81093 0.11481 0.57335
1.00000 1.00000 1.00000

-0.00000 -0.00000 0.20646
-0.16581 -0.48925 0.06035 0.85411
1.00000 1.00000 1.00000

-0.00000 0.00000 0.25925
-0.00277 0.00079 -0.00442 0.99999
1.00000 1.00000 1.00000

-0.00000 -0.00000 0.24513
-0.14322 -0.06016 -0.45967 0.87440
1.00000 1.00000 1.00000

-0.04602 -0.00223 0.01586
-0.07912 -0.23108 0.50021 0.83074
1.00000 1.00000 1.00000

0.00000 -0.00000 0.05261
0.04058 0.01245 -0.01588 0.99897
1.00000 1.00000 1.00000

0.00000 0.00000 0.03427
0.14913 0.00250 -0.02800 0.98842
1.00000 1.00000 1.00000

-0.02957 0.02510 0.09603
-0.00492 0.06259 0.95556 0.28804
1.00000 1.00000 1.00000

-0.00000 0.00000 0.03810
-0.15513 -0.00254 0.01004 0.98784
1.00000 1.00000 1.00000

-0.00000 0.00000 0.03016
-0.14451 -0.00432 -0.00825 0.98946
1.00000 1.00000 1.00000

0.00733 -0.00334 0.09627
0.01930 -0.12368 0.92535 0.35785
1.00000 1.00000 1.00000

-0.00000 -0.00000 0.03768
-0.06777 0.04184 -0.04238 0.99592
1.00000 1.00000 1.00000

0.00000 -0.00000 0.02689
-0.17781 -0.01259 -0.01214 0.98391
1.00000 1.00000 1.00000

-0.00000 -0.00000 0.08297
-0.36735 -0.36371 0.00000 0.85602
1.00000 1.00000 1.00000

-0.00000 0.00000 0.22946
-0.11681 -0.00000 -0.00000 0.99315
1.00000 1.00000 1.00000

0.00000 -0.00000 0.07395
-0.05030 -0.00000 -0.00000 0.99873
1.00000 1.00000 1.00000

0.00000 0.00000 0.22946
-0.02212 0.81094 -0.11481 0.57332
1.00000 1.00000 1.00000

0.00000 -0.00000 0.20646
-0.16088 0.51293 -0.07284 0.84007
1.00000 1.00000 1.00000

0.00000 -0.00000 0.25925
-0.00283 -0.00081 0.00442 0.99999
1.00000 1.00000 1.00000

0.00000 -0.00000 0.24513
-0.16793 0.01976 0.45389 0.87487
1.00000 1.00000 1.00000

0.04602 -0.00223 0.01586
-0.07912 0.23108 -0.50021 0.83074
1.00000 1.00000 1.00000

-0.00000 0.00000 0.05261
0.04058 -0.01245 0.01588 0.99897
1.00000 1.00000 1.00000

-0.00000 0.00000 0.03427
0.14913 -0.00250 0.02800 0.98842
1.00000 1.00000 1.00000

0.02957 0.02510 0.09603
-0.00492 -0.06259 -0.95556 0.28804
1.00000 1.00000 1.00000

-0.00000 -0.00000 0.03810
-0.15513 0.00254 -0.01004 0.98784
1.00000 1.00000 1.00000

-0.00000 0.00000 0.03016
-0.14451 0.00432 0.00825 0.98946
1.00000 1.00000 1.00000

-0.00733 -0.00334 0.09627
0.01930 0.12368 -0.92535 0.35785
1.00000 1.00000 1.00000

0.00000 0.00000 0.03768
-0.06777 -0.04184 0.04238 0.99592
1.00000 1.00000 1.00000

-0.00000 -0.00000 0.02689
-0.17781 0.01259 0.01214 0.98391
1.00000 1.00000 1.00000

0.00000 -0.00000 0.08296
-0.36735 0.36371 -0.00000 0.85602
1.00000 1.00000 1.00000

0.09216 -0.02718 0.03270
-0.99675 0.00748 -0.06874 0.04124
1.00000 1.00000 1.00000

0.00000 -0.00000 0.41053
-0.09580 -0.02972 -0.00733 0.99493
1.00000 1.00000 1.00000

0.00000 -0.00000 0.42180
-0.02523 0.56102 -0.82557 0.05524
1.00000 1.00000 1.00000

0.00000 -0.00000 0.16057
-0.16901 -0.00454 0.03362 0.98503
1.00000 1.00000 1.00000

KEYFRAME: 31
TIMESTAMP: 1.03333
0.00000 0.89046 -0.02564
-0.00000 0.70711 0.70711 0.00000
1.00000 1.00000 1.00000

-0.09216 -0.02718 0.03270
-0.99675 -0.00748 0.06874 0.04124
1.00000 1.00000 1.00000

-0.00000 -0.00000 0.41053
-0.09580 0.02972 0.00733 0.99493
1.00000 1.00000 1.00000

0.00000 0.00000 0.42180
-0.02523 -0.56102 0.82557 0.05524
1.00000 1.00000 1.00000

-0.00000 -0.00000 0.16057
-0.16901 0.00454 -0.03362 0.98503
1.00000 1.00000 1.00000

0.00000 -0.00000 0.17913
0.06525 0.00000 0.00000 0.99787
1.00000 1.00000 1.00000

0.00000 -0.00000 0.23445
0.01999 0.00000 0.00000 0.99980
1.00000 1.00000 1.00000

-0.00000 0.00000 0.22946
-0.02212 -0.81096 0.11481 0.57330
1.00000 1.00000 1.00000

0.00000 0.00000 0.20646
-0.16583 -0.48919 0.06035 0.85414
1.00000 1.00000 1.00000

0.00000 0.00000 0.25925
-0.00277 0.00079 -0.00442 0.99999
1.00000 1.00000 1.00000

-0.00000 -0.00000 0.24513
-0.14322 -0.06017 -0.45968 0.87440
1.00000 1.00000 1.00000

-0.04602 -0.00223 0.01586
-0.07912 -0.23108 0.50021 0.83074
1.00000 1.00000 1.00000

-0.00000 0.00000 0.05261
0.04058 0.01245 -0.01588 0.99897
1.00000 1.00000 1.00000

0.00000 -0.00000 0.03427
0.14913 0.00250 -0.02800 0.98842
1.00000 1.00000 1.00000

-0.02957 0.02510 0.09603
-0.00492 0.06259 0.95556 0.28804
1.00000 1.00000 1.00000

-0.00000 -0.00000 0.03810
-0.15513 -0.00254 0.01004 0.98784
1.00000 1.00000 1.00000

-0.00000 -0.00000 0.03016
-0.14451 -0.00432 -0.00825 0.98946
1.00000 1.00000 1.00000

0.00733 -0.00334 0.09627
0.01930 -0.12368 0.92535 0.35785
1.00000 1.00000 1.00000

-0.00000 0.00000 0.03768
-0.06777 0.04184 -0.04238 0.99592
1.00000 1.00000 1.00000

0.00000 -0.00000 0.02689
-0.17781 -0.01259 -0.01214 0.98391
1.00000 1.00000 1.00000

-0.00000 0.00000 0.08296
-0.36735 -0.36371 0.00000 0.85602
1.00000 1.00000 1.00000

-0.00000 0.00000 0.22946
-0.11681 -0.00000 -0.00000 0.99315
1.00000 1.00000 1.00000

0.00000 -0.00000 0.07396
-0.05030 -0.00000 -0.00000 0.99873
1.00000 1.00000 1.00000

0.00000 0.00000 0.22946
-0.02211 0.81098 -0.11481 0.57328
1.00000 1.00000 1.00000

0.00000 -0.00000 0.20646
-0.16090 0.51287 -0.07284 0.84010
1.00000 1.00000 1.00000

-0.00000 -0.00000 0.25925
-0.00283 -0.00081 0.00442 0.99999
1.00000 1.00000 1.00000

0.00000 -0.00000 0.24513
-0.16794 0.01976 0.45389 0.87486
1.00000 1.00000 1.00000

0.04602 -0.00223 0.01586
-0.07912 0.23108 -0.50021 0.83074
1.00000 1.00000 1.00000

0.00000 0.00000 0.05261
0.04058 -0.01245 0.01588 0.99897
1.00000 1.00000 1.00000

0.00000 0.00000 0.03427
0.14913 -0.00250 0.02800 0.98842
1.00000 1.00000 1.00000

0.02957 0.02510 0.09603
-0.00492 -0.06259 -0.95556 0.28804
1.00000 1.00000 1.00000

0.00000 0.00000 0.03810
-0.15513 0.00254 -0.01004 0.98784
1.00000 1.00000 1.00000

0.00000 0.00000 0.03016
-0.14451 0.00432 0.00825 0.98946
1.00000 1.00000 1.00000

-0.00733 -0.00334 0.09627
0.01930 0.12368 -0.92535 0.35785
1.00000 1.00000 1.00000

0.00000 0.00000 0.03768
-0.06777 -0.04184 0.04238 0.99592
1.00000 1.00000 1.00000

-0.00000 -0.00000 0.02689
-0.17781 0.01259 0.01214 0.98391
1.00000 1.00000 1.00000

-0.00000 -0.00000 0.08297
-0.36735 0.36371 -0.00000 0.85602
1.00000 1.00000 1.00000

0.09216 -0.02718 0.03270
-0.99675 0.00748 -0.06874 0.04124
1.00000 1.00000 1.00000

0.00000 -0.00000 0.41053
-0.09580 -0.02972 -0.00733 0.99493
1.00000 1.00000 1.00000

0.00000 -0.00000 0.42180
-0.02523 0.56102 -0.82557 0.05524
1.00000 1.00000 1.00000

0.00000 -0.00000 0.16057
-0.16901 -0.00454 0.03362 0.98503
1.00000 1.00000 1.00000

KEYFRAME: 32
TIMESTAMP: 1.06667
0.00000 0.89046 -0.02564
-0.00000 0.70711 0.70711 0.00000
1.00000 1.00000 1.00000

-0.09216 -0.02718 0.03270
-0.99675 -0.00748 0.06874 0.04124
1.00000 1.00000 1.00000

-0.00000 -0.00000 0.41053
-0.09580 0.02972 0.00733 0.99493
1.00000 1.00000 1.00000

0.00000 0.00000 0.42180
-0.02523 -0.56102 0.82557 0.05524
1.00000 1.00000 1.00000

-0.00000 -0.00000 0.16057
-0.16901 0.00454 -0.03362 0.98503
1.00000 1.00000 1.00000

0.00000 -0.00000 0.17913
0.06525 0.00000 0.00000 0.99787
1.00000 1.00000 1.00000

0.00000 -0.00000 0.23445
0.01991 0.00000 0.00000 0.99980
1.00000 1.00000 1.00000

-0.00000 0.00000 0.22946
-0.02210 -0.81106 0.11481 0.57317
1.00000 1.00000 1.00000

-0.00000 -0.00000 0.20646
-0.16587 -0.48902 0.06034 0.85423
1.00000 1.00000 1.00000

0.00000 0.00000 0.25924
-0.00277 0.00079 -0.00442 0.99999
1.00000 1.00000 1.00000

-0.00000 -0.00000 0.24513
-0.14323 -0.06020 -0.45969 0.87438
1.00000 1.00000 1.00000

-0.04602 -0.00223 0.01586
-0.07912 -0.23108 0.50021 0.83074
1.00000 1.00000 1.00000

0.00000 0.00000 0.05261
0.04058 0.01245 -0.01588 0.99897
1.00000 1.00000 1.00000

0.00000 -0.00000 0.03427
0.14913 0.00250 -0.02800 0.98842
1.00000 1.00000 1.00000

-0.02957 0.02510 0.09603
-0.00492 0.06259 0.95556 0.28804
1.00000 1.00000 1.00000

-0.00000 0.00000 0.03810
-0.15513 -0.00254 0.01004 0.98784
1.00000 1.00000 1.00000

0.00000 0.00000 0.03016
-0.14451 -0.00432 -0.00825 0.98946
1.00000 1.00000 1.00000

0.00733 -0.00334 0.09627
0.01930 -0.12368 0.92535 0.35785
1.00000 1.00000 1.00000

-0.00000 0.00000 0.03768
-0.06777 0.04184 -0.04238 0.99592
1.00000 1.00000 1.00000

0.00000 -0.00000 0.02689
-0.17781 -0.01259 -0.01214 0.98391
1.00000 1.00000 1.00000

-0.00000 -0.00000 0.08297
-0.36735 -0.36371 0.00000 0.85602
1.00000 1.00000 1.00000

-0.00000 0.00000 0.22946
-0.11681 -0.00000 -0.00000 0.99315
1.00000 1.00000 1.00000

0.00000 -0.00000 0.07395
-0.05030 -0.00000 -0.00000 0.99873
1.00000 1.00000 1.00000

0.00000 0.00000 0.22946
-0.02210 0.81107 -0.11481 0.57314
1.00000 1.00000 1.00000

0.00000 -0.00000 0.20646
-0.16094 0.51270 -0.07283 0.84020
1.00000 1.00000 1.00000

-0.00000 0.00000 0.25925
-0.00283 -0.00081 0.00442 0.99999
1.00000 1.00000 1.00000

0.00000 -0.00000 0.24513
-0.16794 0.01979 0.45391 0.87485
1.00000 1.00000 1.00000

0.04602 -0.00223 0.01586
-0.07912 0.23108 -0.50021 0.83074
1.00000 1.00000 1.00000

0.00000 -0.00000 0.05261
0.04058 -0.01245 0.01588 0.99897
1.00000 1.00000 1.00000

-0.00000 0.00000 0.03427
0.14913 -0.00250 0.02800 0.98842
1.00000 1.00000 1.00000

0.02957 0.02510 0.09603
-0.00492 -0.06259 -0.95556 0.28804
1.00000 1.00000 1.00000

-0.00000 0.00000 0.03810
-0.15513 0.00254 -0.01004 0.98784
1.00000 1.00000 1.00000

0.00000 -0.00000 0.03016
-0.14451 0.00432 0.00825 0.98946
1.00000 1.00000 1.00000

-0.00733 -0.00334 0.09627
0.01930 0.12368 -0.92535 0.35785
1.00000 1.00000 1.00000

0.00000 0.00000 0.03768
-0.06777 -0.04184 0.04238 0.99592
1.00000 1.00000 1.00000

-0.00000 -0.00000 0.02689
-0.17781 0.01259 0.01214 0.98391
1.00000 1.00000 1.00000

-0.00000 -0.00000 0.08297
-0.36735 0.36371 -0.00000 0.85602
1.00000 1.00000 1.00000

0.09216 -0.02718 0.03270
-0.99675 0.00748 -0.06874 0.04124
1.00000 1.00000 1.00000

0.00000 -0.00000 0.41053
-0.09580 -0.02972 -0.00733 0.99493
1.00000 1.00000 1.00000

0.00000 -0.00000 0.42180
-0.02523 0.56102 -0.82557 0.05524
1.00000 1.00000 1.00000

0.00000 -0.00000 0.16057
-0.16901 -0.00454 0.03362 0.98503
1.00000 1.00000 1.00000

KEYFRAME: 33
TIMESTAMP: 1.10000
0.00000 0.89046 -0.02564
-0.00000 0.70711 0.70711 0.00000
1.00000 1.00000 1.00000

-0.09216 -0.02718 0.03270
-0.99675 -0.00748 0.06874 0.04124
1.00000 1.00000 1.00000

-0.00000 -0.00000 0.41053
-0.09580 0.02972 0.00733 0.99493
1.00000 1.00000 1.00000

0.00000 0.00000 0.42180
-0.02523 -0.56102 0.82557 0.05524
1.00000 1.00000 1.00000

-0.00000 -0.00000 0.16057
-0.16901 0.00454 -0.03362 0.98503
1.00000 1.00000 1.00000

0.00000 -0.00000 0.17913
0.06525 0.00000 0.00000 0.99787
1.00000 1.00000 1.00000

0.00000 -0.00000 0.23445
0.01978 0.00000 0.00000 0.99980
1.00000 1.00000 1.00000

-0.00000 0.00000 0.22946
-0.02207 -0.81121 0.11482 0.57295
1.00000 1.00000 1.00000

-0.00000 -0.00000 0.20646
-0.16595 -0.48873 0.06033 0.85438
1.00000 1.00000 1.00000

-0.00000 0.00000 0.25925
-0.00277 0.00079 -0.00442 0.99999
1.00000 1.00000 1.00000

-0.00000 -0.00000 0.24513
-0.14324 -0.06024 -0.45972 0.87436
1.00000 1.00000 1.00000

-0.04602 -0.00223 0.01586
-0.07912 -0.23108 0.50021 0.83074
1.00000 1.00000 1.00000

0.00000 -0.00000 0.05261
0.04058 0.01245 -0.01588 0.99897
1.00000 1.00000 1.00000

0.00000 0.00000 0.03427
0.14913 0.00250 -0.02800 0.98842
1.00000 1.00000 1.00000

-0.02957 0.02510 0.09603
-0.00492 0.06259 0.95556 0.28804
1.00000 1.00000 1.00000

-0.00000 0.00000 0.03810
-0.15513 -0.00254 0.01004 0.98784
1.00000 1.00000 1.00000

-0.00000 -0.00000 0.03016
-0.14451 -0.00432 -0.00825 0.98946
1.00000 1.00000 1.00000

0.00733 -0.00334 0.09627
0.01930 -0.12368 0.92535 0.35785
1.00000 1.00000 1.00000

-0.00000 0.00000 0.03768
-0.06777 0.04184 -0.04238 0.99592
1.00000 1.00000 1.00000

0.00000 -0.00000 0.02689
-0.17781 -0.01259 -0.01214 0.98391
1.00000 1.00000 1.00000

-0.00000 -0.00000 0.08297
-0.36735 -0.36371 0.00000 0.85602
1.00000 1.00000 1.00000

-0.00000 0.00000 0.22946
-0.11681 -0.00000 -0.00000 0.99315
1.00000 1.00000 1.00000

0.00000 -0.00000 0.07395
-0.05030 -0.00000 -0.00000 0.99873
1.00000 1.00000 1.00000

0.00000 0.00000 0.22946
-0.02206 0.81122 -0.11482 0.57293
1.00000 1.00000 1.00000

-0.00000 -0.00000 0.20646
-0.16102 0.51243 -0.07282 0.84035
1.00000 1.00000 1.00000

0.00000 -0.00000 0.25925
-0.00283 -0.00081 0.00442 0.99999
1.00000 1.00000 1.00000

0.00000 -0.00000 0.24513
-0.16796 0.01982 0.45394 0.87484
1.00000 1.00000 1.00000

0.04602 -0.00223 0.01586
-0.07912 0.23108 -0.50021 0.83074
1.00000 1.00000 1.00000

-0.00000 -0.00000 0.05261
0.04058 -0.01245 0.01588 0.99897
1.00000 1.00000 1.00000

-0.00000 -0.00000 0.03427
0.14913 -0.00250 0.02800 0.98842
1.00000 1.00000 1.00000

0.02957 0.02510 0.09603
-0.00492 -0.06259 -0.95556 0.28804
1.00000 1.00000 1.00000

-0.00000 0.00000 0.03810
-0.15513 0.00254 -0.01004 0.98784
1.00000 1.00000 1.00000

0.00000 0.00000 0.03016
-0.14451 0.00432 0.00825 0.98946
1.00000 1.00000 1.00000

-0.00733 -0.00334 0.09627
0.01930 0.12368 -0.92535 0.35785
1.00000 1.00000 1.00000

0.00000 -0.00000 0.03768
-0.06777 -0.04184 0.04238 0.99592
1.00000 1.00000 1.00000

-0.00000 -0.00000 0.02689
-0.17781 0.01259 0.01214 0.98391
1.00000 1.00000 1.00000

0.00000 -0.00000 0.08297
-0.36735 0.36371 -0.00000 0.85602
1.00000 1.00000 1.00000

0.09216 -0.02718 0.03270
-0.99675 0.00748 -0.06874 0.04124
1.00000 1.00000 1.00000

0.00000 -0.00000 0.41053
-0.09580 -0.02972 -0.00733 0.99493
1.00000 1.00000 1.00000

0.00000 -0.00000 0.42180
-0.02523 0.56102 -0.82557 0.05524
1.00000 1.00000 1.00000

0.00000 -0.00000 0.16057
-0.16901 -0.00454 0.03362 0.98503
1.00000 1.00000 1.00000

KEYFRAME: 34
TIMESTAMP: 1.13333
0.00000 0.89046 -0.02564
-0.00000 0.70711 0.70711 0.00000
1.00000 1.00000 1.00000

-0.09216 -0.02718 0.03270
-0.99675 -0.00748 0.06874 0.04124
1.00000 1.00000 1.00000

-0.00000 -0.00000 0.41053
-0.09580 0.02972 0.00733 0.99493
1.00000 1.00000 1.00000

0.00000 0.00000 0.42180
-0.02523 -0.56102 0.82557 0.05524
1.00000 1.00000 1.00000

-0.00000 -0.00000 0.16057
-0.16901 0.00454 -0.03362 0.98503
1.00000 1.00000 1.00000

0.00000 -0.00000 0.17913
0.06525 0.00000 0.00000 0.99787
1.00000 1.00000 1.00000

0.00000 -0.00000 0.23445
0.01960 0.00000 0.00000 0.99981
1.00000 1.00000 1.00000

-0.00000 0.00000 0.22946
-0.02203 -0.81141 0.11483 0.57266
1.00000 1.00000 1.00000

-0.00000 -0.00000 0.20646
-0.16604 -0.48835 0.06032 0.85458
1.00000 1.00000 1.00000

-0.00000 -0.00000 0.25925
-0.00277 0.00079 -0.00442 0.99999
1.00000 1.00000 1.00000

-0.00000 -0.00000 0.24513
-0.14325 -0.06031 -0.45976 0.87434
1.00000 1.00000 1.00000

-0.04602 -0.00223 0.01586
-0.07912 -0.23108 0.50021 0.83074
1.00000 1.00000 1.00000

-0.00000 0.00000 0.05261
0.04058 0.01245 -0.01588 0.99897
1.00000 1.00000 1.00000

0.00000 -0.00000 0.03427
0.14913 0.00250 -0.02800 0.98842
1.00000 1.00000 1.00000

-0.02957 0.02510 0.09603
-0.00492 0.06259 0.95556 0.28804
1.00000 1.00000 1.00000

-0.00000 -0.00000 0.03810
-0.15513 -0.00254 0.01004 0.98784
1.00000 1.00000 1.00000

-0.00000 0.00000 0.03016
-0.14451 -0.00432 -0.00825 0.98946
1.00000 1.00000 1.00000

0.00733 -0.00334 0.09627
0.01930 -0.12368 0.92535 0.35785
1.00000 1.00000 1.00000

-0.00000 0.00000 0.03768
-0.06777 0.04184 -0.04238 0.99592
1.00000 1.00000 1.00000

0.00000 -0.00000 0.02689
-0.17781 -0.01259 -0.01214 0.98391
1.00000 1.00000 1.00000

0.00000 -0.00000 0.08297
-0.36735 -0.36371 0.00000 0.85602
1.00000 1.00000 1.00000

-0.00000 0.00000 0.22946
-0.11681 -0.00000 -0.00000 0.99315
1.00000 1.00000 1.00000

0.00000 -0.00000 0.07395
-0.05030 -0.00000 -0.00000 0.99873
1.00000 1.00000 1.00000

0.00000 0.00000 0.22946
-0.02202 0.81143 -0.11483 0.57264
1.00000 1.00000 1.00000

0.00000 0.00000 0.20646
-0.16112 0.51207 -0.07281 0.84055
1.00000 1.00000 1.00000

-0.00000 -0.00000 0.25925
-0.00283 -0.00081 0.00442 0.99999
1.00000 1.00000 1.00000

0.00000 -0.00000 0.24513
-0.16797 0.01987 0.45397 0.87482
1.00000 1.00000 1.00000

0.04602 -0.00223 0.01586
-0.07912 0.23108 -0.50021 0.83074
1.00000 1.00000 1.00000

-0.00000 -0.00000 0.05261
0.04058 -0.01245 0.01588 0.99897
1.00000 1.00000 1.00000

0.00000 -0.00000 0.03427
0.14913 -0.00250 0.02800 0.98842
1.00000 1.00000 1.00000

0.02957 0.02510 0.09603
-0.00492 -0.06259 -0.95556 0.28804
1.00000 1.00000 1.00000

0.00000 -0.00000 0.03810
-0.15513 0.00254 -0.01004 0.98784
1.00000 1.00000 1.00000

-0.00000 -0.00000 0.03016
-0.14451 0.00432 0.00825 0.98946
1.00000 1.00000 1.00000

-0.00733 -0.00334 0.09627
0.01930 0.12368 -0.92535 0.35785
1.00000 1.00000 1.00000

0.00000 -0.00000 0.03768
-0.06777 -0.04184 0.04238 0.99592
1.00000 1.00000 1.00000

-0.00000 -0.00000 0.02689
-0.17781 0.01259 0.01214 0.98391
1.00000 1.00000 1.00000

0.00000 0.00000 0.08297
-0.36735 0.36371 -0.00000 0.85602
1.00000 1.00000 1.00000

0.09216 -0.02718 0.03270
-0.99675 0.00748 -0.06874 0.04124
1.00000 1.00000 1.00000

0.00000 -0.00000 0.41053
-0.09580 -0.02972 -0.00733 0.99493
1.00000 1.00000 1.00000

0.00000 -0.00000 0.42180
-0.02523 0.56102 -0.82557 0.05524
1.00000 1.00000 1.00000

0.00000 -0.00000 0.16057
-0.16901 -0.00454 0.03362 0.98503
1.00000 1.00000 1.00000

KEYFRAME: 35
TIMESTAMP: 1.16667
0.00000 0.89046 -0.02564
-0.00000 0.70711 0.70711 0.00000
1.00000 1.00000 1.00000

-0.09216 -0.02718 0.03270
-0.99675 -0.00748 0.06874 0.04124
1.00000 1.00000 1.00000

-0.00000 -0.00000 0.41053
-0.09580 0.02972 0.00733 0.99493
1.00000 1.00000 1.00000

0.00000 0.00000 0.42180
-0.02523 -0.56102 0.82557 0.05524
1.00000 1.00000 1.00000

-0.00000 -0.00000 0.16057
-0.16901 0.00454 -0.03362 0.98503
1.00000 1.00000 1.00000

0.00000 -0.00000 0.17913
0.06525 0.00000 0.00000 0.99787
1.00000 1.00000 1.00000

0.00000 -0.00000 0.23445
0.01937 0.00000 0.00000 0.99981
1.00000 1.00000 1.00000

-0.00000 0.00000 0.22946
-0.02198 -0.81167 0.11484 0.57230
1.00000 1.00000 1.00000

0.00000 0.00000 0.20646
-0.16617 -0.48788 0.06030 0.85482
1.00000 1.00000 1.00000

-0.00000 -0.00000 0.25925
-0.00277 0.00079 -0.00442 0.99999
1.00000 1.00000 1.00000

-0.00000 -0.00000 0.24513
-0.14327 -0.06039 -0.45980 0.87431
1.00000 1.00000 1.00000

-0.04602 -0.00223 0.01586
-0.07912 -0.23108 0.50021 0.83074
1.00000 1.00000 1.00000

-0.00000 0.00000 0.05261
0.04058 0.01245 -0.01588 0.99897
1.00000 1.00000 1.00000

-0.00000 0.00000 0.03427
0.14913 0.00250 -0.02800 0.98842
1.00000 1.00000 1.00000

-0.02957 0.02510 0.09603
-0.00492 0.06259 0.95556 0.28804
1.00000 1.00000 1.00000

-0.00000 0.00000 0.03810
-0.15513 -0.00254 0.01004 0.98784
1.00000 1.00000 1.00000

-0.00000 0.00000 0.03016
-0.14451 -0.00432 -0.00825 0.98946
1.00000 1.00000 1.00000

0.00733 -0.00334 0.09627
0.01930 -0.12368 0.92535 0.35785
1.00000 1.00000 1.00000

-0.00000 -0.00000 0.03768
-0.06777 0.04184 -0.04238 0.99592
1.00000 1.00000 1.00000

0.00000 -0.00000 0.02689
-0.17781 -0.01259 -0.01214 0.98391
1.00000 1.00000 1.00000

-0.00000 -0.00000 0.08297
-0.36735 -0.36371 0.00000 0.85602
1.00000 1.00000 1.00000

-0.00000 0.00000 0.22946
-0.11681 -0.00000 -0.00000 0.99315
1.00000 1.00000 1.00000

0.00000 -0.00000 0.07396
-0.05030 -0.00000 -0.00000 0.99873
1.00000 1.00000 1.00000

0.00000 0.00000 0.22946
-0.02197 0.81168 -0.11484 0.57228
1.00000 1.00000 1.00000

-0.00000 0.00000 0.20646
-0.16124 0.51162 -0.07279 0.84080
1.00000 1.00000 1.00000

-0.00000 0.00000 0.25925
-0.00283 -0.00081 0.00442 0.99999
1.00000 1.00000 1.00000

0.00000 -0.00000 0.24513
-0.16799 0.01993 0.45401 0.87479
1.00000 1.00000 1.00000

0.04602 -0.00223 0.01586
-0.07912 0.23108 -0.50021 0.83074
1.00000 1.00000 1.00000

-0.00000 0.00000 0.05261
0.04058 -0.01245 0.01588 0.99897
1.00000 1.00000 1.00000

-0.00000 -0.00000 0.03427
0.14913 -0.00250 0.02800 0.98842
1.00000 1.00000 1.00000

0.02957 0.02510 0.09603
-0.00492 -0.06259 -0.95556 0.28804
1.00000 1.00000 1.00000

-0.00000 -0.00000 0.03810
-0.15513 0.00254 -0.01004 0.98784
1.00000 1.00000 1.00000

-0.00000 -0.00000 0.03016
-0.14451 0.00432 0.00825 0.98946
1.00000 1.00000 1.00000

-0.00733 -0.00334 0.09627
0.01930 0.12368 -0.92535 0.35785
1.00000 1.00000 1.00000

0.00000 0.00000 0.03768
-0.06777 -0.04184 0.04238 0.99592
1.00000 1.00000 1.00000

-0.00000 -0.00000 0.02689
-0.17781 0.01259 0.01214 0.98391
1.00000 1.00000 1.00000

-0.00000 -0.00000 0.08297
-0.36735 0.36371 -0.00000 0.85602
1.00000 1.00000 1.00000

0.09216 -0.02718 0.03270
-0.99675 0.00748 -0.06874 0.04124
1.00000 1.00000 1.00000

0.00000 -0.00000 0.41053
-0.09580 -0.02972 -0.00733 0.99493
1.00000 1.00000 1.00000

0.00000 -0.00000 0.42180
-0.02523 0.56102 -0.82557 0.05524
1.00000 1.00000 1.00000

0.00000 -0.00000 0.16057
-0.16901 -0.00454 0.03362 0.98503
1.00000 1.00000 1.00000

KEYFRAME: 36
TIMESTAMP: 1.20000
0.00000 0.89046 -0.02564
-0.00000 0.70711 0.70711 0.00000
1.00000 1.00000 1.00000

-0.09216 -0.02718 0.03270
-0.99675 -0.00748 0.06874 0.04124
1.00000 1.00000 1.00000

-0.00000 -0.00000 0.41053
-0.09580 0.02972 0.00733 0.99493
1.00000 1.00000 1.00000

0.00000 0.00000 0.42180
-0.02523 -0.56102 0.82557 0.05524
1.00000 1.00000 1.00000

-0.00000 -0.00000 0.16057
-0.16901 0.00454 -0.03362 0.98503
1.00000 1.00000 1.00000

0.00000 -0.00000 0.17913
0.06525 0.00000 0.00000 0.99787
1.00000 1.00000 1.00000

0.00000 -0.00000 0.23445
0.01911 0.00000 0.00000 0.99982
1.00000 1.00000 1.00000

-0.00000 0.00000 0.22946
-0.02192 -0.81197 0.11485 0.57187
1.00000 1.00000 1.00000

-0.00000 -0.00000 0.20646
-0.16631 -0.48733 0.06028 0.85511
1.00000 1.00000 1.00000

-0.00000 0.00000 0.25925
-0.00277 0.00079 -0.00442 0.99999
1.00000 1.00000 1.00000

-0.00000 -0.00000 0.24513
-0.14329 -0.06048 -0.45986 0.87427
1.00000 1.00000 1.00000

-0.04602 -0.00223 0.01586
-0.07912 -0.23108 0.50021 0.83074
1.00000 1.00000 1.00000

-0.00000 0.00000 0.05261
0.04058 0.01245 -0.01588 0.99897
1.00000 1.00000 1.00000

-0.00000 0.00000 0.03427
0.14913 0.00250 -0.02800 0.98842
1.00000 1.00000 1.00000

-0.02957 0.02510 0.09603
-0.00492 0.06259 0.95556 0.28804
1.00000 1.00000 1.00000

-0.00000 0.00000 0.03810
-0.15513 -0.00254 0.01004 0.98784
1.00000 1.00000 1.00000

0.00000 0.00000 0.03016
-0.14451 -0.00432 -0.00825 0.98946
1.00000 1.00000 1.00000

0.00733 -0.00334 0.09627
0.01930 -0.12368 0.92535 0.35785
1.00000 1.00000 1.00000

-0.00000 -0.00000 0.03768
-0.06777 0.04184 -0.04238 0.99592
1.00000 1.00000 1.00000

0.00000 -0.00000 0.02689
-0.17781 -0.01259 -0.01214 0.98391
1.00000 1.00000 1.00000

0.00000 -0.00000 0.08297
-0.36735 -0.36371 0.00000 0.85602
1.00000 1.00000 1.00000

-0.00000 0.00000 0.22946
-0.11681 -0.00000 -0.00000 0.99315
1.00000 1.00000 1.00000

0.00000 -0.00000 0.07396
-0.05030 -0.00000 -0.00000 0.99873
1.00000 1.00000 1.00000

0.00000 0.00000 0.22946
-0.02191 0.81198 -0.11485 0.57185
1.00000 1.00000 1.00000

-0.00000 -0.00000 0.20646
-0.16139 0.51110 -0.07277 0.84110
1.00000 1.00000 1.00000

0.00000 0.00000 0.25925
-0.00283 -0.00081 0.00442 0.99999
1.00000 1.00000 1.00000

0.00000 -0.00000 0.24513
-0.16801 0.02001 0.45406 0.87476
1.00000 1.00000 1.00000

0.04602 -0.00223 0.01586
-0.07912 0.23108 -0.50021 0.83074
1.00000 1.00000 1.00000

0.00000 -0.00000 0.05261
0.04058 -0.01245 0.01588 0.99897
1.00000 1.00000 1.00000

0.00000 -0.00000 0.03427
0.14913 -0.00250 0.02800 0.98842
1.00000 1.00000 1.00000

0.02957 0.02510 0.09603
-0.00492 -0.06259 -0.95556 0.28804
1.00000 1.00000 1.00000

-0.00000 -0.00000 0.03810
-0.15513 0.00254 -0.01004 0.98784
1.00000 1.00000 1.00000

0.00000 -0.00000 0.03016
-0.14451 0.00432 0.00825 0.98946
1.00000 1.00000 1.00000

-0.00733 -0.00334 0.09627
0.01930 0.12368 -0.92535 0.35785
1.00000 1.00000 1.00000

0.00000 -0.00000 0.03768
-0.06777 -0.04184 0.04238 0.99592
1.00000 1.00000 1.00000

-0.00000 -0.00000 0.02689
-0.17781 0.01259 0.01214 0.98391
1.00000 1.00000 1.00000

0.00000 0.00000 0.08297
-0.36735 0.36371 -0.00000 0.85602
1.00000 1.00000 1.00000

0.09216 -0.02718 0.03270
-0.99675 0.00748 -0.06874 0.04124
1.00000 1.00000 1.00000

0.00000 -0.00000 0.41053
-0.09580 -0.02972 -0.00733 0.99493
1.00000 1.00000 1.00000

0.00000 -0.00000 0.42180
-0.02523 0.56102 -0.82557 0.05524
1.00000 1.00000 1.00000

0.00000 -0.00000 0.16057
-0.16901 -0.00454 0.03362 0.98503
1.00000 1.00000 1.00000

KEYFRAME: 37
TIMESTAMP: 1.23333
0.00000 0.89046 -0.02564
-0.00000 0.70711 0.70711 0.00000
1.00000 1.00000 1.00000

-0.09216 -0.02718 0.03270
-0.99675 -0.00748 0.06874 0.04124
1.00000 1.00000 1.00000

-0.00000 -0.00000 0.41053
-0.09580 0.02972 0.00733 0.99493
1.00000 1.00000 1.00000

0.00000 0.00000 0.42180
-0.02523 -0.56102 0.82557 0.05524
1.00000 1.00000 1.00000

-0.00000 -0.00000 0.16057
-0.16901 0.00454 -0.03362 0.98503
1.00000 1.00000 1.00000

0.00000 -0.00000 0.17913
0.06525 0.00000 0.00000 0.99787
1.00000 1.00000 1.00000

0.00000 -0.00000 0.23445
0.01881 0.00000 0.00000 0.99982
1.00000 1.00000 1.00000

-0.00000 0.00000 0.22946
-0.02185 -0.81231 0.11486 0.57139
1.00000 1.00000 1.00000

-0.00000 0.00000 0.20646
-0.16647 -0.48670 0.06026 0.85544
1.00000 1.00000 1.00000

0.00000 -0.00000 0.25925
-0.00277 0.00079 -0.00442 0.99999
1.00000 1.00000 1.00000

-0.00000 -0.00000 0.24513
-0.14331 -0.06058 -0.45992 0.87422
1.00000 1.00000 1.00000

-0.04602 -0.00223 0.01586
-0.07912 -0.23108 0.50021 0.83074
1.00000 1.00000 1.00000

-0.00000 -0.00000 0.05261
0.04058 0.01245 -0.01588 0.99897
1.00000 1.00000 1.00000

-0.00000 0.00000 0.03427
0.14913 0.00250 -0.02800 0.98842
1.00000 1.00000 1.00000

-0.02957 0.02510 0.09603
-0.00492 0.06259 0.95556 0.28804
1.00000 1.00000 1.00000

0.00000 0.00000 0.03810
-0.15513 -0.00254 0.01004 0.98784
1.00000 1.00000 1.00000

-0.00000 0.00000 0.03016
-0.14451 -0.00432 -0.00825 0.98946
1.00000 1.00000 1.00000

0.00733 -0.00334 0.09627
0.01930 -0.12368 0.92535 0.35785
1.00000 1.00000 1.00000

-0.00000 -0.00000 0.03768
-0.06777 0.04184 -0.04238 0.99592
1.00000 1.00000 1.00000

0.00000 -0.00000 0.02689
-0.17781 -0.01259 -0.01214 0.98391
1.00000 1.00000 1.00000

0.00000 -0.00000 0.08296
-0.36735 -0.36371 0.00000 0.85602
1.00000 1.00000 1.00000

-0.00000 0.00000 0.22946
-0.11681 -0.00000 -0.00000 0.99315
1.00000 1.00000 1.00000

0.00000 -0.00000 0.07395
-0.05030 -0.00000 -0.00000 0.99873
1.00000 1.00000 1.00000

0.00000 0.00000 0.22946
-0.02184 0.81232 -0.11486 0.57137
1.00000 1.00000 1.00000

-0.00000 -0.00000 0.20646
-0.16155 0.51050 -0.07274 0.84143
1.00000 1.00000 1.00000

-0.00000 -0.00000 0.25925
-0.00283 -0.00081 0.00442 0.99999
1.00000 1.00000 1.00000

0.00000 -0.00000 0.24513
-0.16804 0.02009 0.45412 0.87472
1.00000 1.00000 1.00000

0.04602 -0.00223 0.01586
-0.07912 0.23108 -0.50021 0.83074
1.00000 1.00000 1.00000

-0.00000 -0.00000 0.05261
0.04058 -0.01245 0.01588 0.99897
1.00000 1.00000 1.00000

-0.00000 0.00000 0.03427
0.14913 -0.00250 0.02800 0.98842
1.00000 1.00000 1.00000

0.02957 0.02510 0.09603
-0.00492 -0.06259 -0.95556 0.28804
1.00000 1.00000 1.00000

0.00000 0.00000 0.03810
-0.15513 0.00254 -0.01004 0.98784
1.00000 1.00000 1.00000

0.00000 0.00000 0.03016
-0.14451 0.00432 0.00825 0.98946
1.00000 1.00000 1.00000

-0.00733 -0.00334 0.09627
0.01930 0.12368 -0.92535 0.35785
1.00000 1.00000 1.00000

0.00000 0.00000 0.03768
-0.06777 -0.04184 0.04238 0.99592
1.00000 1.00000 1.00000

-0.00000 -0.00000 0.02689
-0.17781 0.01259 0.01214 0.98391
1.00000 1.00000 1.00000

0.00000 0.00000 0.08297
-0.36735 0.36371 -0.00000 0.85602
1.00000 1.00000 1.00000

0.09216 -0.02718 0.03270
-0.99675 0.00748 -0.06874 0.04124
1.00000 1.00000 1.00000

0.00000 -0.00000 0.41053
-0.09580 -0.02972 -0.00733 0.99493
1.00000 1.00000 1.00000

0.00000 -0.00000 0.42180
-0.02523 0.56102 -0.82557 0.05524
1.00000 1.00000 1.00000

0.00000 -0.00000 0.16057
-0.16901 -0.00454 0.03362 0.98503
1.00000 1.00000 1.00000

KEYFRAME: 38
TIMESTAMP: 1.26667
0.00000 0.89046 -0.02564
-0.00000 0.70711 0.70711 0.00000
1.00000 1.00000 1.00000

-0.09216 -0.02718 0.03270
-0.99675 -0.00748 0.06874 0.04124
1.00000 1.00000 1.00000

-0.00000 -0.00000 0.41053
-0.09580 0.02972 0.00733 0.99493
1.00000 1.00000 1.00000

0.00000 0.00000 0.42180
-0.02523 -0.56102 0.82557 0.05524
1.00000 1.00000 1.00000

-0.00000 -0.00000 0.16057
-0.16901 0.00454 -0.03362 0.98503
1.00000 1.00000 1.00000

0.00000 -0.00000 0.17913
0.06525 0.00000 0.00000 0.99787
1.00000 1.00000 1.00000

0.00000 -0.00000 0.23445
0.01849 0.00000 0.00000 0.99983
1.00000 1.00000 1.00000

-0.00000 0.00000 0.22946
-0.02177 -0.81268 0.11488 0.57086
1.00000 1.00000 1.00000

-0.00000 0.00000 0.20646
-0.16665 -0.48600 0.06023 0.85580
1.00000 1.00000 1.00000

0.00000 -0.00000 0.25925
-0.00277 0.00079 -0.00442 0.99999
1.00000 1.00000 1.00000

-0.00000 -0.00000 0.24513
-0.14333 -0.06070 -0.45999 0.87418
1.00000 1.00000 1.00000

-0.04602 -0.00223 0.01586
-0.07912 -0.23108 0.50021 0.83074
1.00000 1.00000 1.00000

-0.00000 0.00000 0.05261
0.04058 0.01245 -0.01588 0.99897
1.00000 1.00000 1.00000

-0.00000 -0.00000 0.03427
0.14913 0.00250 -0.02800 0.98842
1.00000 1.00000 1.00000

-0.02957 0.02510 0.09603
-0.00492 0.06259 0.95556 0.28804
1.00000 1.00000 1.00000

0.00000 0.00000 0.03810
-0.15513 -0.00254 0.01004 0.98784
1.00000 1.00000 1.00000

0.00000 -0.00000 0.03016
-0.14451 -0.00432 -0.00825 0.98946
1.00000 1.00000 1.00000

0.00733 -0.00334 0.09627
0.01930 -0.12368 0.92535 0.35785
1.00000 1.00000 1.00000

-0.00000 0.00000 0.03768
-0.06777 0.04184 -0.04238 0.99592
1.00000 1.00000 1.00000

0.00000 -0.00000 0.02689
-0.17781 -0.01259 -0.01214 0.98391
1.00000 1.00000 1.00000

0.00000 -0.00000 0.08297
-0.36735 -0.36371 0.00000 0.85602
1.00000 1.00000 1.00000

-0.00000 0.00000 0.22946
-0.11681 -0.00000 -0.00000 0.99315
1.00000 1.00000 1.00000

0.00000 -0.00000 0.07395
-0.05030 -0.00000 -0.00000 0.99873
1.00000 1.00000 1.00000

0.00000 0.00000 0.22946
-0.02177 0.81269 -0.11488 0.57084
1.00000 1.00000 1.00000

0.00000 0.00000 0.20646
-0.16173 0.50983 -0.07272 0.84180
1.00000 1.00000 1.00000

0.00000 -0.00000 0.25925
-0.00283 -0.00081 0.00442 0.99999
1.00000 1.00000 1.00000

0.00000 -0.00000 0.24513
-0.16806 0.02018 0.45419 0.87468
1.00000 1.00000 1.00000

0.04602 -0.00223 0.01586
-0.07912 0.23108 -0.50021 0.83074
1.00000 1.00000 1.00000

0.00000 -0.00000 0.05261
0.04058 -0.01245 0.01588 0.99897
1.00000 1.00000 1.00000

0.00000 0.00000 0.03427
0.14913 -0.00250 0.02800 0.98842
1.00000 1.00000 1.00000

0.02957 0.02510 0.09603
-0.00492 -0.06259 -0.95556 0.28804
1.00000 1.00000 1.00000

-0.00000 0.00000 0.03810
-0.15513 0.00254 -0.01004 0.98784
1.00000 1.00000 1.00000

0.00000 -0.00000 0.03016
-0.14451 0.00432 0.00825 0.98946
1.00000 1.00000 1.00000

-0.00733 -0.00334 0.09627
0.01930 0.12368 -0.92535 0.35785
1.00000 1.00000 1.00000

0.00000 0.00000 0.03768
-0.06777 -0.04184 0.04238 0.99592
1.00000 1.00000 1.00000

-0.00000 -0.00000 0.02689
-0.17781 0.01259 0.01214 0.98391
1.00000 1.00000 1.00000

-0.00000 0.00000 0.08297
-0.36735 0.36371 -0.00000 0.85602
1.00000 1.00000 1.00000

0.09216 -0.02718 0.03270
-0.99675 0.00748 -0.06874 0.04124
1.00000 1.00000 1.00000

0.00000 -0.00000 0.41053
-0.09580 -0.02972 -0.00733 0.99493
1.00000 1.00000 1.00000

0.00000 -0.00000 0.42180
-0.02523 0.56102 -0.82557 0.05524
1.00000 1.00000 1.00000

0.00000 -0.00000 0.16057
-0.16901 -0.00454 0.03362 0.98503
1.00000 1.00000 1.00000

KEYFRAME: 39
TIMESTAMP: 1.30000
0.00000 0.89046 -0.02564
-0.00000 0.70711 0.70711 0.00000
1.00000 1.00000 1.00000

-0.09216 -0.02718 0.03270
-0.99675 -0.00748 0.06874 0.04124
1.00000 1.00000 1.00000

-0.00000 -0.00000 0.41053
-0.09580 0.02972 0.00733 0.99493
1.00000 1.00000 1.00000

0.00000 0.00000 0.42180
-0.02523 -0.56102 0.82557 0.05524
1.00000 1.00000 1.00000

-0.00000 -0.00000 0.16057
-0.16901 0.00454 -0.03362 0.98503
1.00000 1.00000 1.00000

0.00000 -0.00000 0.17913
0.06525 0.00000 0.00000 0.99787
1.00000 1.00000 1.00000

0.00000 -0.00000 0.23445
0.01813 0.00000 0.00000 0.99984
1.00000 1.00000 1.00000

-0.00000 0.00000 0.22946
-0.02169 -0.81309 0.11489 0.57028
1.00000 1.00000 1.00000

-0.00000 0.00000 0.20646
-0.16685 -0.48525 0.06020 0.85619
1.00000 1.00000 1.00000

0.00000 -0.00000 0.25925
-0.00277 0.00079 -0.00442 0.99999
1.00000 1.00000 1.00000

-0.00000 -0.00000 0.24513
-0.14336 -0.06083 -0.46006 0.87412
1.00000 1.00000 1.00000

-0.04602 -0.00223 0.01586
-0.07912 -0.23108 0.50021 0.83074
1.00000 1.00000 1.00000

0.00000 0.00000 0.05261
0.04058 0.01245 -0.01588 0.99897
1.00000 1.00000 1.00000

-0.00000 -0.00000 0.03427
0.14913 0.00250 -0.02800 0.98842
1.00000 1.00000 1.00000

-0.02957 0.02510 0.09603
-0.00492 0.06259 0.95556 0.28804
1.00000 1.00000 1.00000

0.00000 -0.00000 0.03810
-0.15513 -0.00254 0.01004 0.98784
1.00000 1.00000 1.00000

-0.00000 -0.00000 0.03016
-0.14451 -0.00432 -0.00825 0.98946
1.00000 1.00000 1.00000

0.00733 -0.00334 0.09627
0.01930 -0.12368 0.92535 0.35785
1.00000 1.00000 1.00000

-0.00000 0.00000 0.03768
-0.06777 0.04184 -0.04238 0.99592
1.00000 1.00000 1.00000

0.00000 -0.00000 0.02689
-0.17781 -0.01259 -0.01214 0.98391
1.00000 1.00000 1.00000

-0.00000 0.00000 0.08296
-0.36735 -0.36371 0.00000 0.85602
1.00000 1.00000 1.00000

-0.00000 0.00000 0.22946
-0.11681 -0.00000 -0.00000 0.99315
1.00000 1.00000 1.00000

0.00000 -0.00000 0.07395
-0.05030 -0.00000 -0.00000 0.99873
1.00000 1.00000 1.00000

0.00000 0.00000 0.22946
-0.02169 0.81310 -0.11489 0.57027
1.00000 1.00000 1.00000

-0.00000 0.00000 0.20646
-0.16193 0.50912 -0.07269 0.84220
1.00000 1.00000 1.00000

-0.00000 0.00000 0.25925
-0.00283 -0.00081 0.00442 0.99999
1.00000 1.00000 1.00000

0.00000 -0.00000 0.24513
-0.16809 0.02028 0.45426 0.87464
1.00000 1.00000 1.00000

0.04602 -0.00223 0.01586
-0.07912 0.23108 -0.50021 0.83074
1.00000 1.00000 1.00000

0.00000 0.00000 0.05261
0.04058 -0.01245 0.01588 0.99897
1.00000 1.00000 1.00000

-0.00000 0.00000 0.03427
0.14913 -0.00250 0.02800 0.98842
1.00000 1.00000 1.00000

0.02957 0.02510 0.09603
-0.00492 -0.06259 -0.95556 0.28804
1.00000 1.00000 1.00000

0.00000 0.00000 0.03810
-0.15513 0.00254 -0.01004 0.98784
1.00000 1.00000 1.00000

-0.00000 -0.00000 0.03016
-0.14451 0.00432 0.00825 0.98946
1.00000 1.00000 1.00000

-0.00733 -0.00334 0.09627
0.01930 0.12368 -0.92535 0.35785
1.00000 1.00000 1.00000

0.00000 0.00000 0.03768
-0.06777 -0.04184 0.04238 0.99592
1.00000 1.00000 1.00000

-0.00000 -0.00000 0.02689
-0.17781 0.01259 0.01214 0.98391
1.00000 1.00000 1.00000

0.00000 0.00000 0.08297
-0.36735 0.36371 -0.00000 0.85602
1.00000 1.00000 1.00000

0.09216 -0.02718 0.03270
-0.99675 0.00748 -0.06874 0.04124
1.00000 1.00000 1.00000

0.00000 -0.00000 0.41053
-0.09580 -0.02972 -0.00733 0.99493
1.00000 1.00000 1.00000

0.00000 -0.00000 0.42180
-0.02523 0.56102 -0.82557 0.05524
1.00000 1.00000 1.00000

0.00000 -0.00000 0.16057
-0.16901 -0.00454 0.03362 0.98503
1.00000 1.00000 1.00000

KEYFRAME: 40
TIMESTAMP: 1.33333
0.00000 0.89046 -0.02564
-0.00000 0.70711 0.70711 0.00000
1.00000 1.00000 1.00000

-0.09216 -0.02718 0.03270
-0.99675 -0.00748 0.06874 0.04124
1.00000 1.00000 1.00000

-0.00000 -0.00000 0.41053
-0.09580 0.02972 0.00733 0.99493
1.00000 1.00000 1.00000

0.00000 0.00000 0.42180
-0.02523 -0.56102 0.82557 0.05524
1.00000 1.00000 1.00000

-0.00000 -0.00000 0.16057
-0.16901 0.00454 -0.03362 0.98503
1.00000 1.00000 1.00000

0.00000 -0.00000 0.17913
0.06525 0.00000 0.00000 0.99787
1.00000 1.00000 1.00000

0.00000 -0.00000 0.23445
0.01775 0.00000 0.00000 0.99984
1.00000 1.00000 1.00000

-0.00000 0.00000 0.22946
-0.02160 -0.81352 0.11491 0.56967
1.00000 1.00000 1.00000

-0.00000 0.00000 0.20646
-0.16705 -0.48445 0.06017 0.85661
1.00000 1.00000 1.00000

0.00000 0.00000 0.25925
-0.00277 0.00079 -0.00442 0.99999
1.00000 1.00000 1.00000

-0.00000 -0.00000 0.24513
-0.14339 -0.06096 -0.46014 0.87407
1.00000 1.00000 1.00000

-0.04602 -0.00223 0.01586
-0.07912 -0.23108 0.50021 0.83074
1.00000 1.00000 1.00000

-0.00000 -0.00000 0.05261
0.04058 0.01245 -0.01588 0.99897
1.00000 1.00000 1.00000

0.00000 0.00000 0.03427
0.14913 0.00250 -0.02800 0.98842
1.00000 1.00000 1.00000

-0.02957 0.02510 0.09603
-0.00492 0.06259 0.95556 0.28804
1.00000 1.00000 1.00000

-0.00000 -0.00000 0.03810
-0.15513 -0.00254 0.01004 0.98784
1.00000 1.00000 1.00000

0.00000 0.00000 0.03016
-0.14451 -0.00432 -0.00825 0.98946
1.00000 1.00000 1.00000

0.00733 -0.00334 0.09627
0.01930 -0.12368 0.92535 0.35785
1.00000 1.00000 1.00000

-0.00000 -0.00000 0.03768
-0.06777 0.04184 -0.04238 0.99592
1.00000 1.00000 1.00000

0.00000 -0.00000 0.02689
-0.17781 -0.01259 -0.01214 0.98391
1.00000 1.00000 1.00000

0.00000 -0.00000 0.08297
-0.36735 -0.36371 0.00000 0.85602
1.00000 1.00000 1.00000

-0.00000 0.00000 0.22946
-0.11681 -0.00000 -0.00000 0.99315
1.00000 1.00000 1.00000

0.00000 -0.00000 0.07395
-0.05030 -0.00000 -0.00000 0.99873
1.00000 1.00000 1.00000

0.00000 0.00000 0.22946
-0.02160 0.81353 -0.11491 0.56965
1.00000 1.00000 1.00000

0.00000 0.00000 0.20646
-0.16214 0.50835 -0.07266 0.84262
1.00000 1.00000 1.00000

-0.00000 0.00000 0.25925
-0.00283 -0.00081 0.00442 0.99999
1.00000 1.00000 1.00000

0.00000 -0.00000 0.24513
-0.16812 0.02038 0.45433 0.87459
1.00000 1.00000 1.00000

0.04602 -0.00223 0.01586
-0.07912 0.23108 -0.50021 0.83074
1.00000 1.00000 1.00000

-0.00000 -0.00000 0.05261
0.04058 -0.01245 0.01588 0.99897
1.00000 1.00000 1.00000

0.00000 0.00000 0.03427
0.14913 -0.00250 0.02800 0.98842
1.00000 1.00000 1.00000

0.02957 0.02510 0.09603
-0.00492 -0.06259 -0.95556 0.28804
1.00000 1.00000 1.00000

0.00000 0.00000 0.03810
-0.15513 0.00254 -0.01004 0.98784
1.00000 1.00000 1.00000

0.00000 0.00000 0.03016
-0.14451 0.00432 0.00825 0.98946
1.00000 1.00000 1.00000

-0.00733 -0.00334 0.09627
0.01930 0.12368 -0.92535 0.35785
1.00000 1.00000 1.00000

0.00000 0.00000 0.03768
-0.06777 -0.04184 0.04238 0.99592
1.00000 1.00000 1.00000

-0.00000 -0.00000 0.02689
-0.17781 0.01259 0.01214 0.98391
1.00000 1.00000 1.00000

0.00000 -0.00000 0.08297
-0.36735 0.36371 -0.00000 0.85602
1.00000 1.00000 1.00000

0.09216 -0.02718 0.03270
-0.99675 0.00748 -0.06874 0.04124
1.00000 1.00000 1.00000

0.00000 -0.00000 0.41053
-0.09580 -0.02972 -0.00733 0.99493
1.00000 1.00000 1.00000

0.00000 -0.00000 0.42180
-0.02523 0.56102 -0.82557 0.05524
1.00000 1.00000 1.00000

0.00000 -0.00000 0.16057
-0.16901 -0.00454 0.03362 0.98503
1.00000 1.00000 1.00000

KEYFRAME: 41
TIMESTAMP: 1.36667
0.00000 0.89046 -0.02564
-0.00000 0.70711 0.70711 0.00000
1.00000 1.00000 1.00000

-0.09216 -0.02718 0.03270
-0.99675 -0.00748 0.06874 0.04124
1.00000 1.00000 1.00000

-0.00000 -0.00000 0.41053
-0.09580 0.02972 0.00733 0.99493
1.00000 1.00000 1.00000

0.00000 0.00000 0.42180
-0.02523 -0.56102 0.82557 0.05524
1.00000 1.00000 1.00000

-0.00000 -0.00000 0.16057
-0.16901 0.00454 -0.03362 0.98503
1.00000 1.00000 1.00000

0.00000 -0.00000 0.17913
0.06525 0.00000 0.00000 0.99787
1.00000 1.00000 1.00000

0.00000 -0.00000 0.23445
0.01735 0.00000 0.00000 0.99985
1.00000 1.00000 1.00000

-0.00000 0.00000 0.22946
-0.02151 -0.81397 0.11492 0.56902
1.00000 1.00000 1.00000

-0.00000 -0.00000 0.20646
-0.16727 -0.48360 0.06014 0.85705
1.00000 1.00000 1.00000

-0.00000 0.00000 0.25925
-0.00277 0.00079 -0.00442 0.99999
1.00000 1.00000 1.00000

-0.00000 -0.00000 0.24513
-0.14342 -0.06111 -0.46022 0.87401
1.00000 1.00000 1.00000

-0.04602 -0.00223 0.01586
-0.07912 -0.23108 0.50021 0.83074
1.00000 1.00000 1.00000

0.00000 -0.00000 0.05261
0.04058 0.01245 -0.01588 0.99897
1.00000 1.00000 1.00000

-0.00000 0.00000 0.03427
0.14913 0.00250 -0.02800 0.98842
1.00000 1.00000 1.00000

-0.02957 0.02510 0.09603
-0.00492 0.06259 0.95556 0.28804
1.00000 1.00000 1.00000

0.00000 -0.00000 0.03810
-0.15513 -0.00254 0.01004 0.98784
1.00000 1.00000 1.00000

-0.00000 0.00000 0.03016
-0.14451 -0.00432 -0.00825 0.98946
1.00000 1.00000 1.00000

0.00733 -0.00334 0.09627
0.01930 -0.12368 0.92535 0.35785
1.00000 1.00000 1.00000

-0.00000 -0.00000 0.03768
-0.06777 0.04184 -0.04238 0.99592
1.00000 1.00000 1.00000

0.00000 -0.00000 0.02689
-0.17781 -0.01259 -0.01214 0.98391
1.00000 1.00000 1.00000

-0.00000 -0.00000 0.08297
-0.36735 -0.36371 0.00000 0.85602
1.00000 1.00000 1.00000

-0.00000 0.00000 0.22946
-0.11681 -0.00000 -0.00000 0.99315
1.00000 1.00000 1.00000

0.00000 -0.00000 0.07395
-0.05030 -0.00000 -0.00000 0.99873
1.00000 1.00000 1.00000

0.00000 0.00000 0.22946
-0.02151 0.81398 -0.11492 0.56901
1.00000 1.00000 1.00000

0.00000 -0.00000 0.20646
-0.16237 0.50755 -0.07263 0.84307
1.00000 1.00000 1.00000

0.00000 0.00000 0.25925
-0.00283 -0.00081 0.00442 0.99999
1.00000 1.00000 1.00000

0.00000 -0.00000 0.24513
-0.16815 0.02049 0.45441 0.87454
1.00000 1.00000 1.00000

0.04602 -0.00223 0.01586
-0.07912 0.23108 -0.50021 0.83074
1.00000 1.00000 1.00000

-0.00000 0.00000 0.05261
0.04058 -0.01245 0.01588 0.99897
1.00000 1.00000 1.00000

0.00000 -0.00000 0.03427
0.14913 -0.00250 0.02800 0.98842
1.00000 1.00000 1.00000

0.02957 0.02510 0.09603
-0.00492 -0.06259 -0.95556 0.28804
1.00000 1.00000 1.00000

0.00000 0.00000 0.03810
-0.15513 0.00254 -0.01004 0.98784
1.00000 1.00000 1.00000

-0.00000 -0.00000 0.03016
-0.14451 0.00432 0.00825 0.98946
1.00000 1.00000 1.00000

-0.00733 -0.00334 0.09627
0.01930 0.12368 -0.92535 0.35785
1.00000 1.00000 1.00000

0.00000 -0.00000 0.03768
-0.06777 -0.04184 0.04238 0.99592
1.00000 1.00000 1.00000

-0.00000 -0.00000 0.02689
-0.17781 0.01259 0.01214 0.98391
1.00000 1.00000 1.00000

0.00000 0.00000 0.08297
-0.36735 0.36371 -0.00000 0.85602
1.00000 1.00000 1.00000

0.09216 -0.02718 0.03270
-0.99675 0.00748 -0.06874 0.04124
1.00000 1.00000 1.00000

0.00000 -0.00000 0.41053
-0.09580 -0.02972 -0.00733 0.99493
1.00000 1.00000 1.00000

0.00000 -0.00000 0.42180
-0.02523 0.56102 -0.82557 0.05524
1.00000 1.00000 1.00000

0.00000 -0.00000 0.16057
-0.16901 -0.00454 0.03362 0.98503
1.00000 1.00000 1.00000

KEYFRAME: 42
TIMESTAMP: 1.40000
0.00000 0.89046 -0.02564
-0.00000 0.70711 0.70711 0.00000
1.00000 1.00000 1.00000

-0.09216 -0.02718 0.03270
-0.99675 -0.00748 0.06874 0.04124
1.00000 1.00000 1.00000

-0.00000 -0.00000 0.41053
-0.09580 0.02972 0.00733 0.99493
1.00000 1.00000 1.00000

0.00000 0.00000 0.42180
-0.02523 -0.56102 0.82557 0.05524
1.00000 1.00000 1.00000

-0.00000 -0.00000 0.16057
-0.16901 0.00454 -0.03362 0.98503
1.00000 1.00000 1.00000

0.00000 -0.00000 0.17913
0.06525 0.00000 0.00000 0.99787
1.00000 1.00000 1.00000

0.00000 -0.00000 0.23445
0.01694 0.00000 0.00000 0.99986
1.00000 1.00000 1.00000

-0.00000 0.00000 0.22946
-0.02142 -0.81444 0.11494 0.56835
1.00000 1.00000 1.00000

0.00000 0.00000 0.20646
-0.16750 -0.48272 0.06011 0.85750
1.00000 1.00000 1.00000

-0.00000 0.00000 0.25925
-0.00277 0.00079 -0.00442 0.99999
1.00000 1.00000 1.00000

-0.00000 -0.00000 0.24513
-0.14345 -0.06125 -0.46031 0.87395
1.00000 1.00000 1.00000

-0.04602 -0.00223 0.01586
-0.07912 -0.23108 0.50021 0.83074
1.00000 1.00000 1.00000

0.00000 -0.00000 0.05261
0.04058 0.01245 -0.01588 0.99897
1.00000 1.00000 1.00000

0.00000 -0.00000 0.03427
0.14913 0.00250 -0.02800 0.98842
1.00000 1.00000 1.00000

-0.02957 0.02510 0.09603
-0.00492 0.06259 0.95556 0.28804
1.00000 1.00000 1.00000

0.00000 -0.00000 0.03810
-0.15513 -0.00254 0.01004 0.98784
1.00000 1.00000 1.00000

0.00000 0.00000 0.03016
-0.14451 -0.00432 -0.00825 0.98946
1.00000 1.00000 1.00000

0.00733 -0.00334 0.09627
0.01930 -0.12368 0.92535 0.35785
1.00000 1.00000 1.00000

-0.00000 0.00000 0.03768
-0.06777 0.04184 -0.04238 0.99592
1.00000 1.00000 1.00000

0.00000 -0.00000 0.02689
-0.17781 -0.01259 -0.01214 0.98391
1.00000 1.00000 1.00000

-0.00000 0.00000 0.08296
-0.36735 -0.36371 0.00000 0.85602
1.00000 1.00000 1.00000

-0.00000 0.00000 0.22946
-0.11681 -0.00000 -0.00000 0.99315
1.00000 1.00000 1.00000

0.00000 -0.00000 0.07395
-0.05030 -0.00000 -0.00000 0.99873
1.00000 1.00000 1.00000

0.00000 0.00000 0.22946
-0.02142 0.81445 -0.11494 0.56834
1.00000 1.00000 1.00000

-0.00000 0.00000 0.20646
-0.16260 0.50671 -0.07260 0.84353
1.00000 1.00000 1.00000

-0.00000 -0.00000 0.25925
-0.00283 -0.00081 0.00442 0.99999
1.00000 1.00000 1.00000

0.00000 -0.00000 0.24513
-0.16818 0.02061 0.45449 0.87449
1.00000 1.00000 1.00000

0.04602 -0.00223 0.01586
-0.07912 0.23108 -0.50021 0.83074
1.00000 1.00000 1.00000

-0.00000 0.00000 0.05261
0.04058 -0.01245 0.01588 0.99897
1.00000 1.00000 1.00000

-0.00000 0.00000 0.03427
0.14913 -0.00250 0.02800 0.98842
1.00000 1.00000 1.00000

0.02957 0.02510 0.09603
-0.00492 -0.06259 -0.95556 0.28804
1.00000 1.00000 1.00000

0.00000 0.00000 0.03810
-0.15513 0.00254 -0.01004 0.98784
1.00000 1.00000 1.00000

-0.00000 -0.00000 0.03016
-0.14451 0.00432 0.00825 0.98946
1.00000 1.00000 1.00000

-0.00733 -0.00334 0.09627
0.01930 0.12368 -0.92535 0.35785
1.00000 1.00000 1.00000

0.00000 -0.00000 0.03768
-0.06777 -0.04184 0.04238 0.99592
1.00000 1.00000 1.00000

-0.00000 -0.00000 0.02689
-0.17781 0.01259 0.01214 0.98391
1.00000 1.00000 1.00000

-0.00000 0.00000 0.08297
-0.36735 0.36371 -0.00000 0.85602
1.00000 1.00000 1.00000

0.09216 -0.02718 0.03270
-0.99675 0.00748 -0.06874 0.04124
1.00000 1.00000 1.00000

0.00000 -0.00000 0.41053
-0.09580 -0.02972 -0.00733 0.99493
1.00000 1.00000 1.00000

0.00000 -0.00000 0.42180
-0.02523 0.56102 -0.82557 0.05524
1.00000 1.00000 1.00000

0.00000 -0.00000 0.16057
-0.16901 -0.00454 0.03362 0.98503
1.00000 1.00000 1.00000

KEYFRAME: 43
TIMESTAMP: 1.43333
0.00000 0.89046 -0.02564
-0.00000 0.70711 0.70711 0.00000
1.00000 1.00000 1.00000

-0.09216 -0.02718 0.03270
-0.99675 -0.00748 0.06874 0.04124
1.00000 1.00000 1.00000

-0.00000 -0.00000 0.41053
-0.09580 0.02972 0.00733 0.99493
1.00000 1.00000 1.00000

0.00000 0.00000 0.42180
-0.02523 -0.56102 0.82557 0.05524
1.00000 1.00000 1.00000

-0.00000 -0.00000 0.16057
-0.16901 0.00454 -0.03362 0.98503
1.00000 1.00000 1.00000

0.00000 -0.00000 0.17913
0.06525 0.00000 0.00000 0.99787
1.00000 1.00000 1.00000

0.00000 -0.00000 0.23445
0.01652 0.00000 0.00000 0.99986
1.00000 1.00000 1.00000

-0.00000 0.00000 0.22946
-0.02132 -0.81492 0.11496 0.56766
1.00000 1.00000 1.00000

-0.00000 0.00000 0.20646
-0.16774 -0.48181 0.06008 0.85797
1.00000 1.00000 1.00000

-0.00000 0.00000 0.25925
-0.00277 0.00079 -0.00442 0.99999
1.00000 1.00000 1.00000

-0.00000 -0.00000 0.24513
-0.14348 -0.06141 -0.46040 0.87388
1.00000 1.00000 1.00000

-0.04602 -0.00223 0.01586
-0.07912 -0.23108 0.50021 0.83074
1.00000 1.00000 1.00000

-0.00000 -0.00000 0.05261
0.04058 0.01245 -0.01588 0.99897
1.00000 1.00000 1.00000

0.00000 -0.00000 0.03427
0.14913 0.00250 -0.02800 0.98842
1.00000 1.00000 1.00000

-0.02957 0.02510 0.09603
-0.00492 0.06259 0.95556 0.28804
1.00000 1.00000 1.00000

-0.00000 0.00000 0.03810
-0.15513 -0.00254 0.01004 0.98784
1.00000 1.00000 1.00000

-0.00000 0.00000 0.03016
-0.14451 -0.00432 -0.00825 0.98946
1.00000 1.00000 1.00000

0.00733 -0.00334 0.09627
0.01930 -0.12368 0.92535 0.35785
1.00000 1.00000 1.00000

-0.00000 -0.00000 0.03768
-0.06777 0.04184 -0.04238 0.99592
1.00000 1.00000 1.00000

0.00000 -0.00000 0.02689
-0.17781 -0.01259 -0.01214 0.98391
1.00000 1.00000 1.00000

0.00000 -0.00000 0.08297
-0.36735 -0.36371 0.00000 0.85602
1.00000 1.00000 1.00000

-0.00000 0.00000 0.22946
-0.11681 -0.00000 -0.00000 0.99315
1.00000 1.00000 1.00000

0.00000 -0.00000 0.07395
-0.05030 -0.00000 -0.00000 0.99873
1.00000 1.00000 1.00000

0.00000 0.00000 0.22946
-0.02132 0.81493 -0.11496 0.56765
1.00000 1.00000 1.00000

0.00000 -0.00000 0.20646
-0.16284 0.50584 -0.07257 0.84400
1.00000 1.00000 1.00000

0.00000 0.00000 0.25925
-0.00283 -0.00081 0.00442 0.99999
1.00000 1.00000 1.00000

0.00000 -0.00000 0.24513
-0.16822 0.02073 0.45458 0.87443
1.00000 1.00000 1.00000

0.04602 -0.00223 0.01586
-0.07912 0.23108 -0.50021 0.83074
1.00000 1.00000 1.00000

-0.00000 -0.00000 0.05261
0.04058 -0.01245 0.01588 0.99897
1.00000 1.00000 1.00000

0.00000 -0.00000 0.03427
0.14913 -0.00250 0.02800 0.98842
1.00000 1.00000 1.00000

0.02957 0.02510 0.09603
-0.00492 -0.06259 -0.95556 0.28804
1.00000 1.00000 1.00000

0.00000 0.00000 0.03810
-0.15513 0.00254 -0.01004 0.98784
1.00000 1.00000 1.00000

-0.00000 -0.00000 0.03016
-0.14451 0.00432 0.00825 0.98946
1.00000 1.00000 1.00000

-0.00733 -0.00334 0.09627
0.01930 0.12368 -0.92535 0.35785
1.00000 1.00000 1.00000

0.00000 -0.00000 0.03768
-0.06777 -0.04184 0.04238 0.99592
1.00000 1.00000 1.00000

-0.00000 -0.00000 0.02689
-0.17781 0.01259 0.01214 0.98391
1.00000 1.00000 1.00000

0.00000 -0.00000 0.08297
-0.36735 0.36371 -0.00000 0.85602
1.00000 1.00000 1.00000

0.09216 -0.02718 0.03270
-0.99675 0.00748 -0.06874 0.04124
1.00000 1.00000 1.00000

0.00000 -0.00000 0.41053
-0.09580 -0.02972 -0.00733 0.99493
1.00000 1.00000 1.00000

0.00000 -0.00000 0.42180
-0.02523 0.56102 -0.82557 0.05524
1.00000 1.00000 1.00000

0.00000 -0.00000 0.16057
-0.16901 -0.00454 0.03362 0.98503
1.00000 1.00000 1.00000

KEYFRAME: 44
TIMESTAMP: 1.46667
0.00000 0.89046 -0.02564
-0.00000 0.70711 0.70711 0.00000
1.00000 1.00000 1.00000

-0.09216 -0.02718 0.03270
-0.99675 -0.00748 0.06874 0.04124
1.00000 1.00000 1.00000

-0.00000 -0.00000 0.41053
-0.09580 0.02972 0.00733 0.99493
1.00000 1.00000 1.00000

0.00000 0.00000 0.42180
-0.02523 -0.56102 0.82557 0.05524
1.00000 1.00000 1.00000

-0.00000 -0.00000 0.16057
-0.16901 0.00454 -0.03362 0.98503
1.00000 1.00000 1.00000

0.00000 -0.00000 0.17913
0.06525 0.00000 0.00000 0.99787
1.00000 1.00000 1.00000

0.00000 -0.00000 0.23445
0.01608 0.00000 0.00000 0.99987
1.00000 1.00000 1.00000

-0.00000 0.00000 0.22946
-0.02122 -0.81541 0.11498 0.56695
1.00000 1.00000 1.00000

-0.00000 -0.00000 0.20646
-0.16797 -0.48089 0.06005 0.85844
1.00000 1.00000 1.00000

-0.00000 0.00000 0.25925
-0.00277 0.00079 -0.00442 0.99999
1.00000 1.00000 1.00000

-0.00000 -0.00000 0.24513
-0.14351 -0.06156 -0.46049 0.87382
1.00000 1.00000 1.00000

-0.04602 -0.00223 0.01586
-0.07912 -0.23108 0.50021 0.83074
1.00000 1.00000 1.00000

-0.00000 -0.00000 0.05261
0.04058 0.01245 -0.01588 0.99897
1.00000 1.00000 1.00000

0.00000 0.00000 0.03427
0.14913 0.00250 -0.02800 0.98842
1.00000 1.00000 1.00000

-0.02957 0.02510 0.09603
-0.00492 0.06259 0.95556 0.28804
1.00000 1.00000 1.00000

-0.00000 0.00000 0.03810
-0.15513 -0.00254 0.01004 0.98784
1.00000 1.00000 1.00000

-0.00000 0.00000 0.03016
-0.14451 -0.00432 -0.00825 0.98946
1.00000 1.00000 1.00000

0.00733 -0.00334 0.09627
0.01930 -0.12368 0.92535 0.35785
1.00000 1.00000 1.00000

-0.00000 0.00000 0.03768
-0.06777 0.04184 -0.04238 0.99592
1.00000 1.00000 1.00000

0.00000 -0.00000 0.02689
-0.17781 -0.01259 -0.01214 0.98391
1.00000 1.00000 1.00000

0.00000 -0.00000 0.08297
-0.36735 -0.36371 0.00000 0.85602
1.00000 1.00000 1.00000

-0.00000 0.00000 0.22946
-0.11681 -0.00000 -0.00000 0.99315
1.00000 1.00000 1.00000

0.00000 -0.00000 0.07396
-0.05030 -0.00000 -0.00000 0.99873
1.00000 1.00000 1.00000

0.00000 0.00000 0.22946
-0.02122 0.81542 -0.11498 0.56694
1.00000 1.00000 1.00000

0.00000 -0.00000 0.20646
-0.16308 0.50496 -0.07254 0.84448
1.00000 1.00000 1.00000

0.00000 0.00000 0.25925
-0.00283 -0.00081 0.00442 0.99999
1.00000 1.00000 1.00000

0.00000 -0.00000 0.24513
-0.16825 0.02085 0.45466 0.87438
1.00000 1.00000 1.00000

0.04602 -0.00223 0.01586
-0.07912 0.23108 -0.50021 0.83074
1.00000 1.00000 1.00000

-0.00000 -0.00000 0.05261
0.04058 -0.01245 0.01588 0.99897
1.00000 1.00000 1.00000

0.00000 0.00000 0.03427
0.14913 -0.00250 0.02800 0.98842
1.00000 1.00000 1.00000

0.02957 0.02510 0.09603
-0.00492 -0.06259 -0.95556 0.28804
1.00000 1.00000 1.00000

-0.00000 -0.00000 0.03810
-0.15513 0.00254 -0.01004 0.98784
1.00000 1.00000 1.00000

0.00000 -0.00000 0.03016
-0.14451 0.00432 0.00825 0.98946
1.00000 1.00000 1.00000

-0.00733 -0.00334 0.09627
0.01930 0.12368 -0.92535 0.35785
1.00000 1.00000 1.00000

0.00000 -0.00000 0.03768
-0.06777 -0.04184 0.04238 0.99592
1.00000 1.00000 1.00000

-0.00000 -0.00000 0.02689
-0.17781 0.01259 0.01214 0.98391
1.00000 1.00000 1.00000

-0.00000 -0.00000 0.08297
-0.36735 0.36371 -0.00000 0.85602
1.00000 1.00000 1.00000

0.09216 -0.02718 0.03270
-0.99675 0.00748 -0.06874 0.04124
1.00000 1.00000 1.00000

0.00000 -0.00000 0.41053
-0.09580 -0.02972 -0.00733 0.99493
1.00000 1.00000 1.00000

0.00000 -0.00000 0.42180
-0.02523 0.56102 -0.82557 0.05524
1.00000 1.00000 1.00000

0.00000 -0.00000 0.16057
-0.16901 -0.00454 0.03362 0.98503
1.00000 1.00000 1.00000

KEYFRAME: 45
TIMESTAMP: 1.50000
0.00000 0.89046 -0.02564
-0.00000 0.70711 0.70711 0.00000
1.00000 1.00000 1.00000

-0.09216 -0.02718 0.03270
-0.99675 -0.00748 0.06874 0.04124
1.00000 1.00000 1.00000

-0.00000 -0.00000 0.41053
-0.09580 0.02972 0.00733 0.99493
1.00000 1.00000 1.00000

0.00000 0.00000 0.42180
-0.02523 -0.56102 0.82557 0.05524
1.00000 1.00000 1.00000

-0.00000 -0.00000 0.16057
-0.16901 0.00454 -0.03362 0.98503
1.00000 1.00000 1.00000

0.00000 -0.00000 0.17913
0.06525 0.00000 0.00000 0.99787
1.00000 1.00000 1.00000

0.00000 -0.00000 0.23445
0.01565 0.00000 0.00000 0.99988
1.00000 1.00000 1.00000

-0.00000 0.00000 0.22946
-0.02112 -0.81590 0.11500 0.56624
1.00000 1.00000 1.00000

-0.00000 0.00000 0.20646
-0.16822 -0.47995 0.06002 0.85892
1.00000 1.00000 1.00000

0.00000 -0.00000 0.25925
-0.00277 0.00079 -0.00442 0.99999
1.00000 1.00000 1.00000

-0.00000 -0.00000 0.24513
-0.14353 -0.06172 -0.46059 0.87375
1.00000 1.00000 1.00000

-0.04602 -0.00223 0.01586
-0.07912 -0.23108 0.50021 0.83074
1.00000 1.00000 1.00000

-0.00000 0.00000 0.05261
0.04058 0.01245 -0.01588 0.99897
1.00000 1.00000 1.00000

0.00000 -0.00000 0.03427
0.14913 0.00250 -0.02800 0.98842
1.00000 1.00000 1.00000

-0.02957 0.02510 0.09603
-0.00492 0.06259 0.95556 0.28804
1.00000 1.00000 1.00000

0.00000 -0.00000 0.03810
-0.15513 -0.00254 0.01004 0.98784
1.00000 1.00000 1.00000

-0.00000 0.00000 0.03016
-0.14451 -0.00432 -0.00825 0.98946
1.00000 1.00000 1.00000

0.00733 -0.00334 0.09627
0.01930 -0.12368 0.92535 0.35785
1.00000 1.00000 1.00000

-0.00000 0.00000 0.03768
-0.06777 0.04184 -0.04238 0.99592
1.00000 1.00000 1.00000

0.00000 -0.00000 0.02689
-0.17781 -0.01259 -0.01214 0.98391
1.00000 1.00000 1.00000

-0.00000 -0.00000 0.08297
-0.36735 -0.36371 0.00000 0.85602
1.00000 1.00000 1.00000

-0.00000 0.00000 0.22946
-0.11681 -0.00000 -0.00000 0.99315
1.00000 1.00000 1.00000

0.00000 -0.00000 0.07396
-0.05030 -0.00000 -0.00000 0.99873
1.00000 1.00000 1.00000

0.00000 0.00000 0.22946
-0.02112 0.81591 -0.11500 0.56623
1.00000 1.00000 1.00000

0.00000 0.00000 0.20646
-0.16333 0.50408 -0.07251 0.84497
1.00000 1.00000 1.00000

-0.00000 -0.00000 0.25925
-0.00283 -0.00081 0.00442 0.99999
1.00000 1.00000 1.00000

0.00000 -0.00000 0.24513
-0.16828 0.02097 0.45475 0.87432
1.00000 1.00000 1.00000

0.04602 -0.00223 0.01586
-0.07912 0.23108 -0.50021 0.83074
1.00000 1.00000 1.00000

-0.00000 0.00000 0.05261
0.04058 -0.01245 0.01588 0.99897
1.00000 1.00000 1.00000

0.00000 0.00000 0.03427
0.14913 -0.00250 0.02800 0.98842
1.00000 1.00000 1.00000

0.02957 0.02510 0.09603
-0.00492 -0.06259 -0.95556 0.28804
1.00000 1.00000 1.00000

0.00000 -0.00000 0.03810
-0.15513 0.00254 -0.01004 0.98784
1.00000 1.00000 1.00000

0.00000 -0.00000 0.03016
-0.14451 0.00432 0.00825 0.98946
1.00000 1.00000 1.00000

-0.00733 -0.00334 0.09627
0.01930 0.12368 -0.92535 0.35785
1.00000 1.00000 1.00000

0.00000 0.00000 0.03768
-0.06777 -0.04184 0.04238 0.99592
1.00000 1.00000 1.00000

-0.00000 -0.00000 0.02689
-0.17781 0.01259 0.01214 0.98391
1.00000 1.00000 1.00000

0.00000 -0.00000 0.08297
-0.36735 0.36371 -0.00000 0.85602
1.00000 1.00000 1.00000

0.09216 -0.02718 0.03270
-0.99675 0.00748 -0.06874 0.04124
1.00000 1.00000 1.00000

0.00000 -0.00000 0.41053
-0.09580 -0.02972 -0.00733 0.99493
1.00000 1.00000 1.00000

0.00000 -0.00000 0.42180
-0.02523 0.56102 -0.82557 0.05524
1.00000 1.00000 1.00000

0.00000 -0.00000 0.16057
-0.16901 -0.00454 0.03362 0.98503
1.00000 1.00000 1.00000

KEYFRAME: 46
TIMESTAMP: 1.53333
0.00000 0.89046 -0.02564
-0.00000 0.70711 0.70711 0.00000
1.00000 1.00000 1.00000

-0.09216 -0.02718 0.03270
-0.99675 -0.00748 0.06874 0.04124
1.00000 1.00000 1.00000

-0.00000 -0.00000 0.41053
-0.09580 0.02972 0.00733 0.99493
1.00000 1.00000 1.00000

0.00000 0.00000 0.42180
-0.02523 -0.56102 0.82557 0.05524
1.00000 1.00000 1.00000

-0.00000 -0.00000 0.16057
-0.16901 0.00454 -0.03362 0.98503
1.00000 1.00000 1.00000

0.00000 -0.00000 0.17913
0.06525 0.00000 0.00000 0.99787
1.00000 1.00000 1.00000

0.00000 -0.00000 0.23445
0.01521 0.00000 0.00000 0.99988
1.00000 1.00000 1.00000

-0.00000 0.00000 0.22946
-0.02102 -0.81640 0.11502 0.56553
1.00000 1.00000 1.00000

0.00000 0.00000 0.20646
-0.16846 -0.47902 0.05999 0.85940
1.00000 1.00000 1.00000

0.00000 -0.00000 0.25925
-0.00277 0.00079 -0.00442 0.99999
1.00000 1.00000 1.00000

-0.00000 -0.00000 0.24513
-0.14356 -0.06188 -0.46068 0.87369
1.00000 1.00000 1.00000

-0.04602 -0.00223 0.01586
-0.07912 -0.23108 0.50021 0.83074
1.00000 1.00000 1.00000

0.00000 -0.00000 0.05261
0.04058 0.01245 -0.01588 0.99897
1.00000 1.00000 1.00000

-0.00000 -0.00000 0.03427
0.14913 0.00250 -0.02800 0.98842
1.00000 1.00000 1.00000

-0.02957 0.02510 0.09603
-0.00492 0.06259 0.95556 0.28804
1.00000 1.00000 1.00000

0.00000 0.00000 0.03810
-0.15513 -0.00254 0.01004 0.98784
1.00000 1.00000 1.00000

0.00000 0.00000 0.03016
-0.14451 -0.00432 -0.00825 0.98946
1.00000 1.00000 1.00000

0.00733 -0.00334 0.09627
0.01930 -0.12368 0.92535 0.35785
1.00000 1.00000 1.00000

-0.00000 -0.00000 0.03768
-0.06777 0.04184 -0.04238 0.99592
1.00000 1.00000 1.00000

0.00000 -0.00000 0.02689
-0.17781 -0.01259 -0.01214 0.98391
1.00000 1.00000 1.00000

0.00000 -0.00000 0.08297
-0.36735 -0.36371 0.00000 0.85602
1.00000 1.00000 1.00000

-0.00000 0.00000 0.22946
-0.11681 -0.00000 -0.00000 0.99315
1.00000 1.00000 1.00000

0.00000 -0.00000 0.07396
-0.05030 -0.00000 -0.00000 0.99873
1.00000 1.00000 1.00000

0.00000 0.00000 0.22946
-0.02102 0.81640 -0.11502 0.56552
1.00000 1.00000 1.00000

-0.00000 0.00000 0.20646
-0.16358 0.50318 -0.07248 0.84546
1.00000 1.00000 1.00000

0.00000 0.00000 0.25925
-0.00283 -0.00081 0.00442 0.99999
1.00000 1.00000 1.00000

0.00000 -0.00000 0.24513
-0.16832 0.02109 0.45484 0.87427
1.00000 1.00000 1.00000

0.04602 -0.00223 0.01586
-0.07912 0.23108 -0.50021 0.83074
1.00000 1.00000 1.00000

0.00000 0.00000 0.05261
0.04058 -0.01245 0.01588 0.99897
1.00000 1.00000 1.00000

0.00000 0.00000 0.03427
0.14913 -0.00250 0.02800 0.98842
1.00000 1.00000 1.00000

0.02957 0.02510 0.09603
-0.00492 -0.06259 -0.95556 0.28804
1.00000 1.00000 1.00000

0.00000 0.00000 0.03810
-0.15513 0.00254 -0.01004 0.98784
1.00000 1.00000 1.00000

-0.00000 -0.00000 0.03016
-0.14451 0.00432 0.00825 0.98946
1.00000 1.00000 1.00000

-0.00733 -0.00334 0.09627
0.01930 0.12368 -0.92535 0.35785
1.00000 1.00000 1.00000

0.00000 -0.00000 0.03768
-0.06777 -0.04184 0.04238 0.99592
1.00000 1.00000 1.00000

-0.00000 -0.00000 0.02689
-0.17781 0.01259 0.01214 0.98391
1.00000 1.00000 1.00000

-0.00000 -0.00000 0.08296
-0.36735 0.36371 -0.00000 0.85602
1.00000 1.00000 1.00000

0.09216 -0.02718 0.03270
-0.99675 0.00748 -0.06874 0.04124
1.00000 1.00000 1.00000

0.00000 -0.00000 0.41053
-0.09580 -0.02972 -0.00733 0.99493
1.00000 1.00000 1.00000

0.00000 -0.00000 0.42180
-0.02523 0.56102 -0.82557 0.05524
1.00000 1.00000 1.00000

0.00000 -0.00000 0.16057
-0.16901 -0.00454 0.03362 0.98503
1.00000 1.00000 1.00000

KEYFRAME: 47
TIMESTAMP: 1.56667
0.00000 0.89046 -0.02564
-0.00000 0.70711 0.70711 0.00000
1.00000 1.00000 1.00000

-0.09216 -0.02718 0.03270
-0.99675 -0.00748 0.06874 0.04124
1.00000 1.00000 1.00000

-0.00000 -0.00000 0.41053
-0.09580 0.02972 0.00733 0.99493
1.00000 1.00000 1.00000

0.00000 0.00000 0.42180
-0.02523 -0.56102 0.82557 0.05524
1.00000 1.00000 1.00000

-0.00000 -0.00000 0.16057
-0.16901 0.00454 -0.03362 0.98503
1.00000 1.00000 1.00000

0.00000 -0.00000 0.17913
0.06525 0.00000 0.00000 0.99787
1.00000 1.00000 1.00000

0.00000 -0.00000 0.23445
0.01478 0.00000 0.00000 0.99989
1.00000 1.00000 1.00000

-0.00000 0.00000 0.22946
-0.02092 -0.81689 0.11503 0.56482
1.00000 1.00000 1.00000

-0.00000 0.00000 0.20646
-0.16870 -0.47809 0.05996 0.85987
1.00000 1.00000 1.00000

-0.00000 -0.00000 0.25925
-0.00277 0.00079 -0.00442 0.99999
1.00000 1.00000 1.00000

-0.00000 -0.00000 0.24513
-0.14359 -0.06204 -0.46078 0.87362
1.00000 1.00000 1.00000

-0.04602 -0.00223 0.01586
-0.07912 -0.23108 0.50021 0.83074
1.00000 1.00000 1.00000

-0.00000 0.00000 0.05261
0.04058 0.01245 -0.01588 0.99897
1.00000 1.00000 1.00000

0.00000 -0.00000 0.03427
0.14913 0.00250 -0.02800 0.98842
1.00000 1.00000 1.00000

-0.02957 0.02510 0.09603
-0.00492 0.06259 0.95556 0.28804
1.00000 1.00000 1.00000

-0.00000 -0.00000 0.03810
-0.15513 -0.00254 0.01004 0.98784
1.00000 1.00000 1.00000

0.00000 0.00000 0.03016
-0.14451 -0.00432 -0.00825 0.98946
1.00000 1.00000 1.00000

0.00733 -0.00334 0.09627
0.01930 -0.12368 0.92535 0.35785
1.00000 1.00000 1.00000

-0.00000 0.00000 0.03768
-0.06777 0.04184 -0.04238 0.99592
1.00000 1.00000 1.00000

0.00000 -0.00000 0.02689
-0.17781 -0.01259 -0.01214 0.98391
1.00000 1.00000 1.00000

-0.00000 0.00000 0.08297
-0.36735 -0.36371 0.00000 0.85602
1.00000 1.00000 1.00000

-0.00000 0.00000 0.22946
-0.11681 -0.00000 -0.00000 0.99315
1.00000 1.00000 1.00000

0.00000 -0.00000 0.07396
-0.05030 -0.00000 -0.00000 0.99873
1.00000 1.00000 1.00000

0.00000 0.00000 0.22946
-0.02092 0.81689 -0.11503 0.56482
1.00000 1.00000 1.00000

-0.00000 -0.00000 0.20646
-0.16382 0.50230 -0.07245 0.84594
1.00000 1.00000 1.00000

0.00000 0.00000 0.25925
-0.00283 -0.00081 0.00442 0.99999
1.00000 1.00000 1.00000

0.00000 -0.00000 0.24513
-0.16835 0.02122 0.45493 0.87421
1.00000 1.00000 1.00000

0.04602 -0.00223 0.01586
-0.07912 0.23108 -0.50021 0.83074
1.00000 1.00000 1.00000

-0.00000 -0.00000 0.05261
0.04058 -0.01245 0.01588 0.99897
1.00000 1.00000 1.00000

0.00000 -0.00000 0.03427
0.14913 -0.00250 0.02800 0.98842
1.00000 1.00000 1.00000

0.02957 0.02510 0.09603
-0.00492 -0.06259 -0.95556 0.28804
1.00000 1.00000 1.00000

-0.00000 -0.00000 0.03810
-0.15513 0.00254 -0.01004 0.98784
1.00000 1.00000 1.00000

0.00000 -0.00000 0.03016
-0.14451 0.00432 0.00825 0.98946
1.00000 1.00000 1.00000

-0.00733 -0.00334 0.09627
0.01930 0.12368 -0.92535 0.35785
1.00000 1.00000 1.00000

0.00000 0.00000 0.03768
-0.06777 -0.04184 0.04238 0.99592
1.00000 1.00000 1.00000

-0.00000 -0.00000 0.02689
-0.17781 0.01259 0.01214 0.98391
1.00000 1.00000 1.00000

0.00000 -0.00000 0.08297
-0.36735 0.36371 -0.00000 0.85602
1.00000 1.00000 1.00000

0.09216 -0.02718 0.03270
-0.99675 0.00748 -0.06874 0.04124
1.00000 1.00000 1.00000

0.00000 -0.00000 0.41053
-0.09580 -0.02972 -0.00733 0.99493
1.00000 1.00000 1.00000

0.00000 -0.00000 0.42180
-0.02523 0.56102 -0.82557 0.05524
1.00000 1.00000 1.00000

0.00000 -0.00000 0.16057
-0.16901 -0.00454 0.03362 0.98503
1.00000 1.00000 1.00000

KEYFRAME: 48
TIMESTAMP: 1.60000
0.00000 0.89046 -0.02564
-0.00000 0.70711 0.70711 0.00000
1.00000 1.00000 1.00000

-0.09216 -0.02718 0.03270
-0.99675 -0.00748 0.06874 0.04124
1.00000 1.00000 1.00000

-0.00000 -0.00000 0.41053
-0.09580 0.02972 0.00733 0.99493
1.00000 1.00000 1.00000

0.00000 0.00000 0.42180
-0.02523 -0.56102 0.82557 0.05524
1.00000 1.00000 1.00000

-0.00000 -0.00000 0.16057
-0.16901 0.00454 -0.03362 0.98503
1.00000 1.00000 1.00000

0.00000 -0.00000 0.17913
0.06525 0.00000 0.00000 0.99787
1.00000 1.00000 1.00000

0.00000 -0.00000 0.23445
0.01435 0.00000 0.00000 0.99990
1.00000 1.00000 1.00000

-0.00000 0.00000 0.22946
-0.02082 -0.81737 0.11505 0.56413
1.00000 1.00000 1.00000

0.00000 0.00000 0.20646
-0.16894 -0.47718 0.05993 0.86033
1.00000 1.00000 1.00000

-0.00000 0.00000 0.25925
-0.00277 0.00079 -0.00442 0.99999
1.00000 1.00000 1.00000

-0.00000 -0.00000 0.24513
-0.14362 -0.06220 -0.46087 0.87356
1.00000 1.00000 1.00000

-0.04602 -0.00223 0.01586
-0.07912 -0.23108 0.50021 0.83074
1.00000 1.00000 1.00000

0.00000 0.00000 0.05261
0.04058 0.01245 -0.01588 0.99897
1.00000 1.00000 1.00000

0.00000 0.00000 0.03427
0.14913 0.00250 -0.02800 0.98842
1.00000 1.00000 1.00000

-0.02957 0.02510 0.09603
-0.00492 0.06259 0.95556 0.28804
1.00000 1.00000 1.00000

-0.00000 -0.00000 0.03810
-0.15513 -0.00254 0.01004 0.98784
1.00000 1.00000 1.00000

-0.00000 0.00000 0.03016
-0.14451 -0.00432 -0.00825 0.98946
1.00000 1.00000 1.00000

0.00733 -0.00334 0.09627
0.01930 -0.12368 0.92535 0.35785
1.00000 1.00000 1.00000

-0.00000 0.00000 0.03768
-0.06777 0.04184 -0.04238 0.99592
1.00000 1.00000 1.00000

0.00000 -0.00000 0.02689
-0.17781 -0.01259 -0.01214 0.98391
1.00000 1.00000 1.00000

-0.00000 -0.00000 0.08297
-0.36735 -0.36371 0.00000 0.85602
1.00000 1.00000 1.00000

-0.00000 0.00000 0.22946
-0.11681 -0.00000 -0.00000 0.99315
1.00000 1.00000 1.00000

0.00000 -0.00000 0.07396
-0.05030 -0.00000 -0.00000 0.99873
1.00000 1.00000 1.00000

0.00000 0.00000 0.22946
-0.02082 0.81737 -0.11505 0.56412
1.00000 1.00000 1.00000

-0.00000 0.00000 0.20646
-0.16406 0.50143 -0.07242 0.84641
1.00000 1.00000 1.00000

-0.00000 -0.00000 0.25925
-0.00283 -0.00081 0.00442 0.99999
1.00000 1.00000 1.00000

0.00000 -0.00000 0.24513
-0.16838 0.02134 0.45501 0.87416
1.00000 1.00000 1.00000

0.04602 -0.00223 0.01586
-0.07912 0.23108 -0.50021 0.83074
1.00000 1.00000 1.00000

-0.00000 0.00000 0.05261
0.04058 -0.01245 0.01588 0.99897
1.00000 1.00000 1.00000

-0.00000 0.00000 0.03427
0.14913 -0.00250 0.02800 0.98842
1.00000 1.00000 1.00000

0.02957 0.02510 0.09603
-0.00492 -0.06259 -0.95556 0.28804
1.00000 1.00000 1.00000

0.00000 -0.00000 0.03810
-0.15513 0.00254 -0.01004 0.98784
1.00000 1.00000 1.00000

0.00000 0.00000 0.03016
-0.14451 0.00432 0.00825 0.98946
1.00000 1.00000 1.00000

-0.00733 -0.00334 0.09627
0.01930 0.12368 -0.92535 0.35785
1.00000 1.00000 1.00000

0.00000 0.00000 0.03768
-0.06777 -0.04184 0.04238 0.99592
1.00000 1.00000 1.00000

-0.00000 -0.00000 0.02689
-0.17781 0.01259 0.01214 0.98391
1.00000 1.00000 1.00000

0.00000 -0.00000 0.08297
-0.36735 0.36371 -0.00000 0.85602
1.00000 1.00000 1.00000

0.09216 -0.02718 0.03270
-0.99675 0.00748 -0.06874 0.04124
1.00000 1.00000 1.00000

0.00000 -0.00000 0.41053
-0.09580 -0.02972 -0.00733 0.99493
1.00000 1.00000 1.00000

0.00000 -0.00000 0.42180
-0.02523 0.56102 -0.82557 0.05524
1.00000 1.00000 1.00000

0.00000 -0.00000 0.16057
-0.16901 -0.00454 0.03362 0.98503
1.00000 1.00000 1.00000

KEYFRAME: 49
TIMESTAMP: 1.63333
0.00000 0.89046 -0.02564
-0.00000 0.70711 0.70711 0.00000
1.00000 1.00000 1.00000

-0.09216 -0.02718 0.03270
-0.99675 -0.00748 0.06874 0.04124
1.00000 1.00000 1.00000

-0.00000 -0.00000 0.41053
-0.09580 0.02972 0.00733 0.99493
1.00000 1.00000 1.00000

0.00000 0.00000 0.42180
-0.02523 -0.56102 0.82557 0.05524
1.00000 1.00000 1.00000

-0.00000 -0.00000 0.16057
-0.16901 0.00454 -0.03362 0.98503
1.00000 1.00000 1.00000

0.00000 -0.00000 0.17913
0.06525 0.00000 0.00000 0.99787
1.00000 1.00000 1.00000

0.00000 -0.00000 0.23445
0.01394 0.00000 0.00000 0.99990
1.00000 1.00000 1.00000

-0.00000 0.00000 0.22946
-0.02073 -0.81783 0.11507 0.56346
1.00000 1.00000 1.00000

-0.00000 -0.00000 0.20646
-0.16917 -0.47629 0.05991 0.86078
1.00000 1.00000 1.00000

-0.00000 -0.00000 0.25925
-0.00277 0.00079 -0.00442 0.99999
1.00000 1.00000 1.00000

-0.00000 -0.00000 0.24513
-0.14365 -0.06235 -0.46096 0.87350
1.00000 1.00000 1.00000

-0.04602 -0.00223 0.01586
-0.07912 -0.23108 0.50021 0.83074
1.00000 1.00000 1.00000

-0.00000 0.00000 0.05261
0.04058 0.01245 -0.01588 0.99897
1.00000 1.00000 1.00000

-0.00000 -0.00000 0.03427
0.14913 0.00250 -0.02800 0.98842
1.00000 1.00000 1.00000

-0.02957 0.02510 0.09603
-0.00492 0.06259 0.95556 0.28804
1.00000 1.00000 1.00000

-0.00000 -0.00000 0.03810
-0.15513 -0.00254 0.01004 0.98784
1.00000 1.00000 1.00000

-0.00000 0.00000 0.03016
-0.14451 -0.00432 -0.00825 0.98946
1.00000 1.00000 1.00000

0.00733 -0.00334 0.09627
0.01930 -0.12368 0.92535 0.35785
1.00000 1.00000 1.00000

-0.00000 -0.00000 0.03768
-0.06777 0.04184 -0.04238 0.99592
1.00000 1.00000 1.00000

0.00000 -0.00000 0.02689
-0.17781 -0.01259 -0.01214 0.98391
1.00000 1.00000 1.00000

0.00000 0.00000 0.08297
-0.36735 -0.36371 0.00000 0.85602
1.00000 1.00000 1.00000

-0.00000 0.00000 0.22946
-0.11681 -0.00000 -0.00000 0.99315
1.00000 1.00000 1.00000

0.00000 -0.00000 0.07396
-0.05030 -0.00000 -0.00000 0.99873
1.00000 1.00000 1.00000

0.00000 0.00000 0.22946
-0.02073 0.81783 -0.11507 0.56345
1.00000 1.00000 1.00000

0.00000 0.00000 0.20646
-0.16430 0.50059 -0.07239 0.84686
1.00000 1.00000 1.00000

0.00000 -0.00000 0.25925
-0.00283 -0.00081 0.00442 0.99999
1.00000 1.00000 1.00000

0.00000 -0.00000 0.24513
-0.16841 0.02145 0.45510 0.87411
1.00000 1.00000 1.00000

0.04602 -0.00223 0.01586
-0.07912 0.23108 -0.50021 0.83074
1.00000 1.00000 1.00000

-0.00000 0.00000 0.05261
0.04058 -0.01245 0.01588 0.99897
1.00000 1.00000 1.00000

0.00000 -0.00000 0.03427
0.14913 -0.00250 0.02800 0.98842
1.00000 1.00000 1.00000

0.02957 0.02510 0.09603
-0.00492 -0.06259 -0.95556 0.28804
1.00000 1.00000 1.00000

0.00000 0.00000 0.03810
-0.15513 0.00254 -0.01004 0.98784
1.00000 1.00000 1.00000

-0.00000 -0.00000 0.03016
-0.14451 0.00432 0.00825 0.98946
1.00000 1.00000 1.00000

-0.00733 -0.00334 0.09627
0.01930 0.12368 -0.92535 0.35785
1.00000 1.00000 1.00000

0.00000 -0.00000 0.03768
-0.06777 -0.04184 0.04238 0.99592
1.00000 1.00000 1.00000

-0.00000 -0.00000 0.02689
-0.17781 0.01259 0.01214 0.98391
1.00000 1.00000 1.00000

0.00000 0.00000 0.08296
-0.36735 0.36371 -0.00000 0.85602
1.00000 1.00000 1.00000

0.09216 -0.02718 0.03270
-0.99675 0.00748 -0.06874 0.04124
1.00000 1.00000 1.00000

0.00000 -0.00000 0.41053
-0.09580 -0.02972 -0.00733 0.99493
1.00000 1.00000 1.00000

0.00000 -0.00000 0.42180
-0.02523 0.56102 -0.82557 0.05524
1.00000 1.00000 1.00000

0.00000 -0.00000 0.16057
-0.16901 -0.00454 0.03362 0.98503
1.00000 1.00000 1.00000

KEYFRAME: 50
TIMESTAMP: 1.66667
0.00000 0.89046 -0.02564
-0.00000 0.70711 0.70711 0.00000
1.00000 1.00000 1.00000

-0.09216 -0.02718 0.03270
-0.99675 -0.00748 0.06874 0.04124
1.00000 1.00000 1.00000

-0.00000 -0.00000 0.41053
-0.09580 0.02972 0.00733 0.99493
1.00000 1.00000 1.00000

0.00000 0.00000 0.42180
-0.02523 -0.56102 0.82557 0.05524
1.00000 1.00000 1.00000

-0.00000 -0.00000 0.16057
-0.16901 0.00454 -0.03362 0.98503
1.00000 1.00000 1.00000

0.00000 -0.00000 0.17913
0.06525 0.00000 0.00000 0.99787
1.00000 1.00000 1.00000

0.00000 -0.00000 0.23445
0.01354 0.00000 0.00000 0.99991
1.00000 1.00000 1.00000

-0.00000 0.00000 0.22946
-0.02064 -0.81828 0.11508 0.56281
1.00000 1.00000 1.00000

0.00000 0.00000 0.20646
-0.16939 -0.47543 0.05988 0.86121
1.00000 1.00000 1.00000

-0.00000 0.00000 0.25925
-0.00277 0.00079 -0.00442 0.99999
1.00000 1.00000 1.00000

-0.00000 -0.00000 0.24513
-0.14367 -0.06249 -0.46105 0.87344
1.00000 1.00000 1.00000

-0.04602 -0.00223 0.01586
-0.07912 -0.23108 0.50021 0.83074
1.00000 1.00000 1.00000

-0.00000 -0.00000 0.05261
0.04058 0.01245 -0.01588 0.99897
1.00000 1.00000 1.00000

0.00000 -0.00000 0.03427
0.14913 0.00250 -0.02800 0.98842
1.00000 1.00000 1.00000

-0.02957 0.02510 0.09603
-0.00492 0.06259 0.95556 0.28804
1.00000 1.00000 1.00000

0.00000 -0.00000 0.03810
-0.15513 -0.00254 0.01004 0.98784
1.00000 1.00000 1.00000

-0.00000 0.00000 0.03016
-0.14451 -0.00432 -0.00825 0.98946
1.00000 1.00000 1.00000

0.00733 -0.00334 0.09627
0.01930 -0.12368 0.92535 0.35785
1.00000 1.00000 1.00000

-0.00000 -0.00000 0.03768
-0.06777 0.04184 -0.04238 0.99592
1.00000 1.00000 1.00000

0.00000 -0.00000 0.02689
-0.17781 -0.01259 -0.01214 0.98391
1.00000 1.00000 1.00000

-0.00000 -0.00000 0.08297
-0.36735 -0.36371 0.00000 0.85602
1.00000 1.00000 1.00000

-0.00000 0.00000 0.22946
-0.11681 -0.00000 -0.00000 0.99315
1.00000 1.00000 1.00000

0.00000 -0.00000 0.07395
-0.05030 -0.00000 -0.00000 0.99873
1.00000 1.00000 1.00000

0.00000 0.00000 0.22946
-0.02064 0.81828 -0.11508 0.56280
1.00000 1.00000 1.00000

0.00000 0.00000 0.20646
-0.16453 0.49977 -0.07236 0.84730
1.00000 1.00000 1.00000

-0.00000 0.00000 0.25925
-0.00283 -0.00081 0.00442 0.99999
1.00000 1.00000 1.00000

0.00000 -0.00000 0.24513
-0.16844 0.02157 0.45518 0.87406
1.00000 1.00000 1.00000

0.04602 -0.00223 0.01586
-0.07912 0.23108 -0.50021 0.83074
1.00000 1.00000 1.00000

-0.00000 0.00000 0.05261
0.04058 -0.01245 0.01588 0.99897
1.00000 1.00000 1.00000

-0.00000 0.00000 0.03427
0.14913 -0.00250 0.02800 0.98842
1.00000 1.00000 1.00000

0.02957 0.02510 0.09603
-0.00492 -0.06259 -0.95556 0.28804
1.00000 1.00000 1.00000

0.00000 -0.00000 0.03810
-0.15513 0.00254 -0.01004 0.98784
1.00000 1.00000 1.00000

-0.00000 0.00000 0.03016
-0.14451 0.00432 0.00825 0.98946
1.00000 1.00000 1.00000

-0.00733 -0.00334 0.09627
0.01930 0.12368 -0.92535 0.35785
1.00000 1.00000 1.00000

0.00000 0.00000 0.03768
-0.06777 -0.04184 0.04238 0.99592
1.00000 1.00000 1.00000

-0.00000 -0.00000 0.02689
-0.17781 0.01259 0.01214 0.98391
1.00000 1.00000 1.00000

0.00000 -0.00000 0.08297
-0.36735 0.36371 -0.00000 0.85602
1.00000 1.00000 1.00000

0.09216 -0.02718 0.03270
-0.99675 0.00748 -0.06874 0.04124
1.00000 1.00000 1.00000

0.00000 -0.00000 0.41053
-0.09580 -0.02972 -0.00733 0.99493
1.00000 1.00000 1.00000

0.00000 -0.00000 0.42180
-0.02523 0.56102 -0.82557 0.05524
1.00000 1.00000 1.00000

0.00000 -0.00000 0.16057
-0.16901 -0.00454 0.03362 0.98503
1.00000 1.00000 1.00000

KEYFRAME: 51
TIMESTAMP: 1.70000
0.00000 0.89046 -0.02564
-0.00000 0.70711 0.70711 0.00000
1.00000 1.00000 1.00000

-0.09216 -0.02718 0.03270
-0.99675 -0.00748 0.06874 0.04124
1.00000 1.00000 1.00000

-0.00000 -0.00000 0.41053
-0.09580 0.02972 0.00733 0.99493
1.00000 1.00000 1.00000

0.00000 0.00000 0.42180
-0.02523 -0.56102 0.82557 0.05524
1.00000 1.00000 1.00000

-0.00000 -0.00000 0.16057
-0.16901 0.00454 -0.03362 0.98503
1.00000 1.00000 1.00000

0.00000 -0.00000 0.17913
0.06525 0.00000 0.00000 0.99787
1.00000 1.00000 1.00000

0.00000 -0.00000 0.23445
0.01316 0.00000 0.00000 0.99991
1.00000 1.00000 1.00000

-0.00000 0.00000 0.22946
-0.02055 -0.81870 0.11510 0.56219
1.00000 1.00000 1.00000

-0.00000 -0.00000 0.20646
-0.16960 -0.47462 0.05986 0.86162
1.00000 1.00000 1.00000

-0.00000 -0.00000 0.25925
-0.00277 0.00079 -0.00442 0.99999
1.00000 1.00000 1.00000

-0.00000 -0.00000 0.24513
-0.14370 -0.06263 -0.46113 0.87338
1.00000 1.00000 1.00000

-0.04602 -0.00223 0.01586
-0.07912 -0.23108 0.50021 0.83074
1.00000 1.00000 1.00000

0.00000 -0.00000 0.05261
0.04058 0.01245 -0.01588 0.99897
1.00000 1.00000 1.00000

0.00000 -0.00000 0.03427
0.14913 0.00250 -0.02800 0.98842
1.00000 1.00000 1.00000

-0.02957 0.02510 0.09603
-0.00492 0.06259 0.95556 0.28804
1.00000 1.00000 1.00000

-0.00000 -0.00000 0.03810
-0.15513 -0.00254 0.01004 0.98784
1.00000 1.00000 1.00000

-0.00000 0.00000 0.03016
-0.14451 -0.00432 -0.00825 0.98946
1.00000 1.00000 1.00000

0.00733 -0.00334 0.09627
0.01930 -0.12368 0.92535 0.35785
1.00000 1.00000 1.00000

-0.00000 -0.00000 0.03768
-0.06777 0.04184 -0.04238 0.99592
1.00000 1.00000 1.00000

0.00000 -0.00000 0.02689
-0.17781 -0.01259 -0.01214 0.98391
1.00000 1.00000 1.00000

0.00000 -0.00000 0.08297
-0.36735 -0.36371 0.00000 0.85602
1.00000 1.00000 1.00000

-0.00000 0.00000 0.22946
-0.11681 -0.00000 -0.00000 0.99315
1.00000 1.00000 1.00000

0.00000 -0.00000 0.07395
-0.05030 -0.00000 -0.00000 0.99873
1.00000 1.00000 1.00000

0.00000 0.00000 0.22946
-0.02055 0.81871 -0.11510 0.56218
1.00000 1.00000 1.00000

0.00000 0.00000 0.20646
-0.16474 0.49900 -0.07234 0.84772
1.00000 1.00000 1.00000

0.00000 0.00000 0.25925
-0.00283 -0.00081 0.00442 0.99999
1.00000 1.00000 1.00000

0.00000 -0.00000 0.24513
-0.16846 0.02168 0.45526 0.87401
1.00000 1.00000 1.00000

0.04602 -0.00223 0.01586
-0.07912 0.23108 -0.50021 0.83074
1.00000 1.00000 1.00000

-0.00000 0.00000 0.05261
0.04058 -0.01245 0.01588 0.99897
1.00000 1.00000 1.00000

-0.00000 0.00000 0.03427
0.14913 -0.00250 0.02800 0.98842
1.00000 1.00000 1.00000

0.02957 0.02510 0.09603
-0.00492 -0.06259 -0.95556 0.28804
1.00000 1.00000 1.00000

0.00000 0.00000 0.03810
-0.15513 0.00254 -0.01004 0.98784
1.00000 1.00000 1.00000

0.00000 -0.00000 0.03016
-0.14451 0.00432 0.00825 0.98946
1.00000 1.00000 1.00000

-0.00733 -0.00334 0.09627
0.01930 0.12368 -0.92535 0.35785
1.00000 1.00000 1.00000

0.00000 0.00000 0.03768
-0.06777 -0.04184 0.04238 0.99592
1.00000 1.00000 1.00000

-0.00000 -0.00000 0.02689
-0.17781 0.01259 0.01214 0.98391
1.00000 1.00000 1.00000

0.00000 -0.00000 0.08296
-0.36735 0.36371 -0.00000 0.85602
1.00000 1.00000 1.00000

0.09216 -0.02718 0.03270
-0.99675 0.00748 -0.06874 0.04124
1.00000 1.00000 1.00000

0.00000 -0.00000 0.41053
-0.09580 -0.02972 -0.00733 0.99493
1.00000 1.00000 1.00000

0.00000 -0.00000 0.42180
-0.02523 0.56102 -0.82557 0.05524
1.00000 1.00000 1.00000

0.00000 -0.00000 0.16057
-0.16901 -0.00454 0.03362 0.98503
1.00000 1.00000 1.00000

KEYFRAME: 52
TIMESTAMP: 1.73333
0.00000 0.89046 -0.02564
-0.00000 0.70711 0.70711 0.00000
1.00000 1.00000 1.00000

-0.09216 -0.02718 0.03270
-0.99675 -0.00748 0.06874 0.04124
1.00000 1.00000 1.00000

-0.00000 -0.00000 0.41053
-0.09580 0.02972 0.00733 0.99493
1.00000 1.00000 1.00000

0.00000 0.00000 0.42180
-0.02523 -0.56102 0.82557 0.05524
1.00000 1.00000 1.00000

-0.00000 -0.00000 0.16057
-0.16901 0.00454 -0.03362 0.98503
1.00000 1.00000 1.00000

0.00000 -0.00000 0.17913
0.06525 0.00000 0.00000 0.99787
1.00000 1.00000 1.00000

0.00000 -0.00000 0.23445
0.01280 0.00000 0.00000 0.99992
1.00000 1.00000 1.00000

-0.00000 0.00000 0.22946
-0.02047 -0.81910 0.11512 0.56161
1.00000 1.00000 1.00000

-0.00000 -0.00000 0.20646
-0.16980 -0.47385 0.05983 0.86200
1.00000 1.00000 1.00000

0.00000 0.00000 0.25925
-0.00277 0.00079 -0.00442 0.99999
1.00000 1.00000 1.00000

-0.00000 -0.00000 0.24513
-0.14372 -0.06277 -0.46121 0.87332
1.00000 1.00000 1.00000

-0.04602 -0.00223 0.01586
-0.07912 -0.23108 0.50021 0.83074
1.00000 1.00000 1.00000

0.00000 -0.00000 0.05261
0.04058 0.01245 -0.01588 0.99897
1.00000 1.00000 1.00000

-0.00000 -0.00000 0.03427
0.14913 0.00250 -0.02800 0.98842
1.00000 1.00000 1.00000

-0.02957 0.02510 0.09603
-0.00492 0.06259 0.95556 0.28804
1.00000 1.00000 1.00000

-0.00000 0.00000 0.03810
-0.15513 -0.00254 0.01004 0.98784
1.00000 1.00000 1.00000

-0.00000 0.00000 0.03016
-0.14451 -0.00432 -0.00825 0.98946
1.00000 1.00000 1.00000

0.00733 -0.00334 0.09627
0.01930 -0.12368 0.92535 0.35785
1.00000 1.00000 1.00000

-0.00000 0.00000 0.03768
-0.06777 0.04184 -0.04238 0.99592
1.00000 1.00000 1.00000

0.00000 -0.00000 0.02689
-0.17781 -0.01259 -0.01214 0.98391
1.00000 1.00000 1.00000

0.00000 -0.00000 0.08296
-0.36735 -0.36371 0.00000 0.85602
1.00000 1.00000 1.00000

-0.00000 0.00000 0.22946
-0.11681 -0.00000 -0.00000 0.99315
1.00000 1.00000 1.00000

0.00000 -0.00000 0.07395
-0.05030 -0.00000 -0.00000 0.99873
1.00000 1.00000 1.00000

0.00000 0.00000 0.22946
-0.02047 0.81910 -0.11511 0.56160
1.00000 1.00000 1.00000

-0.00000 0.00000 0.20646
-0.16495 0.49827 -0.07232 0.84811
1.00000 1.00000 1.00000

0.00000 -0.00000 0.25925
-0.00283 -0.00081 0.00442 0.99999
1.00000 1.00000 1.00000

0.00000 -0.00000 0.24513
-0.16849 0.02178 0.45533 0.87396
1.00000 1.00000 1.00000

0.04602 -0.00223 0.01586
-0.07912 0.23108 -0.50021 0.83074
1.00000 1.00000 1.00000

0.00000 -0.00000 0.05261
0.04058 -0.01245 0.01588 0.99897
1.00000 1.00000 1.00000

-0.00000 0.00000 0.03427
0.14913 -0.00250 0.02800 0.98842
1.00000 1.00000 1.00000

0.02957 0.02510 0.09603
-0.00492 -0.06259 -0.95556 0.28804
1.00000 1.00000 1.00000

-0.00000 0.00000 0.03810
-0.15513 0.00254 -0.01004 0.98784
1.00000 1.00000 1.00000

-0.00000 -0.00000 0.03016
-0.14451 0.00432 0.00825 0.98946
1.00000 1.00000 1.00000

-0.00733 -0.00334 0.09627
0.01930 0.12368 -0.92535 0.35785
1.00000 1.00000 1.00000

0.00000 -0.00000 0.03768
-0.06777 -0.04184 0.04238 0.99592
1.00000 1.00000 1.00000

-0.00000 -0.00000 0.02689
-0.17781 0.01259 0.01214 0.98391
1.00000 1.00000 1.00000

-0.00000 -0.00000 0.08297
-0.36735 0.36371 -0.00000 0.85602
1.00000 1.00000 1.00000

0.09216 -0.02718 0.03270
-0.99675 0.00748 -0.06874 0.04124
1.00000 1.00000 1.00000

0.00000 -0.00000 0.41053
-0.09580 -0.02972 -0.00733 0.99493
1.00000 1.00000 1.00000

0.00000 -0.00000 0.42180
-0.02523 0.56102 -0.82557 0.05524
1.00000 1.00000 1.00000

0.00000 -0.00000 0.16057
-0.16901 -0.00454 0.03362 0.98503
1.00000 1.00000 1.00000

KEYFRAME: 53
TIMESTAMP: 1.76667
0.00000 0.89046 -0.02564
-0.00000 0.70711 0.70711 0.00000
1.00000 1.00000 1.00000

-0.09216 -0.02718 0.03270
-0.99675 -0.00748 0.06874 0.04124
1.00000 1.00000 1.00000

-0.00000 -0.00000 0.41053
-0.09580 0.02972 0.00733 0.99493
1.00000 1.00000 1.00000

0.00000 0.00000 0.42180
-0.02523 -0.56102 0.82557 0.05524
1.00000 1.00000 1.00000

-0.00000 -0.00000 0.16057
-0.16901 0.00454 -0.03362 0.98503
1.00000 1.00000 1.00000

0.00000 -0.00000 0.17913
0.06525 0.00000 0.00000 0.99787
1.00000 1.00000 1.00000

0.00000 -0.00000 0.23445
0.01248 0.00000 0.00000 0.99992
1.00000 1.00000 1.00000

-0.00000 0.00000 0.22946
-0.02039 -0.81947 0.11513 0.56107
1.00000 1.00000 1.00000

-0.00000 0.00000 0.20646
-0.16998 -0.47315 0.05981 0.86236
1.00000 1.00000 1.00000

-0.00000 -0.00000 0.25925
-0.00277 0.00079 -0.00442 0.99999
1.00000 1.00000 1.00000

-0.00000 -0.00000 0.24513
-0.14374 -0.06289 -0.46128 0.87327
1.00000 1.00000 1.00000

-0.04602 -0.00223 0.01586
-0.07912 -0.23108 0.50021 0.83074
1.00000 1.00000 1.00000

-0.00000 -0.00000 0.05261
0.04058 0.01245 -0.01588 0.99897
1.00000 1.00000 1.00000

0.00000 0.00000 0.03427
0.14913 0.00250 -0.02800 0.98842
1.00000 1.00000 1.00000

-0.02957 0.02510 0.09603
-0.00492 0.06259 0.95556 0.28804
1.00000 1.00000 1.00000

0.00000 -0.00000 0.03810
-0.15513 -0.00254 0.01004 0.98784
1.00000 1.00000 1.00000

0.00000 -0.00000 0.03016
-0.14451 -0.00432 -0.00825 0.98946
1.00000 1.00000 1.00000

0.00733 -0.00334 0.09627
0.01930 -0.12368 0.92535 0.35785
1.00000 1.00000 1.00000

-0.00000 -0.00000 0.03768
-0.06777 0.04184 -0.04238 0.99592
1.00000 1.00000 1.00000

0.00000 -0.00000 0.02689
-0.17781 -0.01259 -0.01214 0.98391
1.00000 1.00000 1.00000

0.00000 -0.00000 0.08297
-0.36735 -0.36371 0.00000 0.85602
1.00000 1.00000 1.00000

-0.00000 0.00000 0.22946
-0.11681 -0.00000 -0.00000 0.99315
1.00000 1.00000 1.00000

0.00000 -0.00000 0.07395
-0.05030 -0.00000 -0.00000 0.99873
1.00000 1.00000 1.00000

0.00000 0.00000 0.22946
-0.02039 0.81947 -0.11513 0.56107
1.00000 1.00000 1.00000

-0.00000 0.00000 0.20646
-0.16513 0.49759 -0.07230 0.84847
1.00000 1.00000 1.00000

-0.00000 -0.00000 0.25925
-0.00283 -0.00081 0.00442 0.99999
1.00000 1.00000 1.00000

0.00000 -0.00000 0.24513
-0.16851 0.02187 0.45540 0.87392
1.00000 1.00000 1.00000

0.04602 -0.00223 0.01586
-0.07912 0.23108 -0.50021 0.83074
1.00000 1.00000 1.00000

0.00000 -0.00000 0.05261
0.04058 -0.01245 0.01588 0.99897
1.00000 1.00000 1.00000

0.00000 0.00000 0.03427
0.14913 -0.00250 0.02800 0.98842
1.00000 1.00000 1.00000

0.02957 0.02510 0.09603
-0.00492 -0.06259 -0.95556 0.28804
1.00000 1.00000 1.00000

-0.00000 -0.00000 0.03810
-0.15513 0.00254 -0.01004 0.98784
1.00000 1.00000 1.00000

-0.00000 -0.00000 0.03016
-0.14451 0.00432 0.00825 0.98946
1.00000 1.00000 1.00000

-0.00733 -0.00334 0.09627
0.01930 0.12368 -0.92535 0.35785
1.00000 1.00000 1.00000

0.00000 -0.00000 0.03768
-0.06777 -0.04184 0.04238 0.99592
1.00000 1.00000 1.00000

-0.00000 -0.00000 0.02689
-0.17781 0.01259 0.01214 0.98391
1.00000 1.00000 1.00000

0.00000 0.00000 0.08296
-0.36735 0.36371 -0.00000 0.85602
1.00000 1.00000 1.00000

0.09216 -0.02718 0.03270
-0.99675 0.00748 -0.06874 0.04124
1.00000 1.00000 1.00000

0.00000 -0.00000 0.41053
-0.09580 -0.02972 -0.00733 0.99493
1.00000 1.00000 1.00000

0.00000 -0.00000 0.42180
-0.02523 0.56102 -0.82557 0.05524
1.00000 1.00000 1.00000

0.00000 -0.00000 0.16057
-0.16901 -0.00454 0.03362 0.98503
1.00000 1.00000 1.00000

KEYFRAME: 54
TIMESTAMP: 1.80000
0.00000 0.89046 -0.02564
-0.00000 0.70711 0.70711 0.00000
1.00000 1.00000 1.00000

-0.09216 -0.02718 0.03270
-0.99675 -0.00748 0.06874 0.04124
1.00000 1.00000 1.00000

-0.00000 -0.00000 0.41053
-0.09580 0.02972 0.00733 0.99493
1.00000 1.00000 1.00000

0.00000 0.00000 0.42180
-0.02523 -0.56102 0.82557 0.05524
1.00000 1.00000 1.00000

-0.00000 -0.00000 0.16057
-0.16901 0.00454 -0.03362 0.98503
1.00000 1.00000 1.00000

0.00000 -0.00000 0.17913
0.06525 0.00000 0.00000 0.99787
1.00000 1.00000 1.00000

0.00000 -0.00000 0.23445
0.01218 0.00000 0.00000 0.99993
1.00000 1.00000 1.00000

-0.00000 0.00000 0.22946
-0.02032 -0.81980 0.11514 0.56059
1.00000 1.00000 1.00000

-0.00000 0.00000 0.20646
-0.17015 -0.47250 0.05980 0.86268
1.00000 1.00000 1.00000

-0.00000 -0.00000 0.25925
-0.00277 0.00079 -0.00442 0.99999
1.00000 1.00000 1.00000

-0.00000 -0.00000 0.24513
-0.14375 -0.06300 -0.46135 0.87323
1.00000 1.00000 1.00000

-0.04602 -0.00223 0.01586
-0.07912 -0.23108 0.50021 0.83074
1.00000 1.00000 1.00000

-0.00000 -0.00000 0.05261
0.04058 0.01245 -0.01588 0.99897
1.00000 1.00000 1.00000

-0.00000 0.00000 0.03427
0.14913 0.00250 -0.02800 0.98842
1.00000 1.00000 1.00000

-0.02957 0.02510 0.09603
-0.00492 0.06259 0.95556 0.28804
1.00000 1.00000 1.00000

-0.00000 -0.00000 0.03810
-0.15513 -0.00254 0.01004 0.98784
1.00000 1.00000 1.00000

-0.00000 0.00000 0.03016
-0.14451 -0.00432 -0.00825 0.98946
1.00000 1.00000 1.00000

0.00733 -0.00334 0.09627
0.01930 -0.12368 0.92535 0.35785
1.00000 1.00000 1.00000

-0.00000 -0.00000 0.03768
-0.06777 0.04184 -0.04238 0.99592
1.00000 1.00000 1.00000

0.00000 -0.00000 0.02689
-0.17781 -0.01259 -0.01214 0.98391
1.00000 1.00000 1.00000

-0.00000 0.00000 0.08297
-0.36735 -0.36371 0.00000 0.85602
1.00000 1.00000 1.00000

-0.00000 0.00000 0.22946
-0.11681 -0.00000 -0.00000 0.99315
1.00000 1.00000 1.00000

0.00000 -0.00000 0.07395
-0.05030 -0.00000 -0.00000 0.99873
1.00000 1.00000 1.00000

0.00000 0.00000 0.22946
-0.02032 0.81980 -0.11514 0.56058
1.00000 1.00000 1.00000

0.00000 -0.00000 0.20646
-0.16530 0.49698 -0.07228 0.84880
1.00000 1.00000 1.00000

0.00000 0.00000 0.25925
-0.00283 -0.00081 0.00442 0.99999
1.00000 1.00000 1.00000

0.00000 -0.00000 0.24513
-0.16853 0.02196 0.45547 0.87388
1.00000 1.00000 1.00000

0.04602 -0.00223 0.01586
-0.07912 0.23108 -0.50021 0.83074
1.00000 1.00000 1.00000

-0.00000 0.00000 0.05261
0.04058 -0.01245 0.01588 0.99897
1.00000 1.00000 1.00000

-0.00000 0.00000 0.03427
0.14913 -0.00250 0.02800 0.98842
1.00000 1.00000 1.00000

0.02957 0.02510 0.09603
-0.00492 -0.06259 -0.95556 0.28804
1.00000 1.00000 1.00000

-0.00000 0.00000 0.03810
-0.15513 0.00254 -0.01004 0.98784
1.00000 1.00000 1.00000

-0.00000 -0.00000 0.03016
-0.14451 0.00432 0.00825 0.98946
1.00000 1.00000 1.00000

-0.00733 -0.00334 0.09627
0.01930 0.12368 -0.92535 0.35785
1.00000 1.00000 1.00000

0.00000 0.00000 0.03768
-0.06777 -0.04184 0.04238 0.99592
1.00000 1.00000 1.00000

-0.00000 -0.00000 0.02689
-0.17781 0.01259 0.01214 0.98391
1.00000 1.00000 1.00000

-0.00000 0.00000 0.08297
-0.36735 0.36371 -0.00000 0.85602
1.00000 1.00000 1.00000

0.09216 -0.02718 0.03270
-0.99675 0.00748 -0.06874 0.04124
1.00000 1.00000 1.00000

0.00000 -0.00000 0.41053
-0.09580 -0.02972 -0.00733 0.99493
1.00000 1.00000 1.00000

0.00000 -0.00000 0.42180
-0.02523 0.56102 -0.82557 0.05524
1.00000 1.00000 1.00000

0.00000 -0.00000 0.16057
-0.16901 -0.00454 0.03362 0.98503
1.00000 1.00000 1.00000

KEYFRAME: 55
TIMESTAMP: 1.83333
0.00000 0.89046 -0.02564
-0.00000 0.70711 0.70711 0.00000
1.00000 1.00000 1.00000

-0.09216 -0.02718 0.03270
-0.99675 -0.00748 0.06874 0.04124
1.00000 1.00000 1.00000

-0.00000 -0.00000 0.41053
-0.09580 0.02972 0.00733 0.99493
1.00000 1.00000 1.00000

0.00000 0.00000 0.42180
-0.02523 -0.56102 0.82557 0.05524
1.00000 1.00000 1.00000

-0.00000 -0.00000 0.16057
-0.16901 0.00454 -0.03362 0.98503
1.00000 1.00000 1.00000

0.00000 -0.00000 0.17913
0.06525 0.00000 0.00000 0.99787
1.00000 1.00000 1.00000

0.00000 -0.00000 0.23445
0.01192 0.00000 0.00000 0.99993
1.00000 1.00000 1.00000

-0.00000 0.00000 0.22946
-0.02026 -0.82009 0.11515 0.56016
1.00000 1.00000 1.00000

0.00000 0.00000 0.20646
-0.17030 -0.47194 0.05978 0.86296
1.00000 1.00000 1.00000

-0.00000 0.00000 0.25925
-0.00277 0.00079 -0.00442 0.99999
1.00000 1.00000 1.00000

-0.00000 -0.00000 0.24513
-0.14377 -0.06310 -0.46141 0.87319
1.00000 1.00000 1.00000

-0.04602 -0.00223 0.01586
-0.07912 -0.23108 0.50021 0.83074
1.00000 1.00000 1.00000

-0.00000 -0.00000 0.05261
0.04058 0.01245 -0.01588 0.99897
1.00000 1.00000 1.00000

0.00000 -0.00000 0.03427
0.14913 0.00250 -0.02800 0.98842
1.00000 1.00000 1.00000

-0.02957 0.02510 0.09603
-0.00492 0.06259 0.95556 0.28804
1.00000 1.00000 1.00000

-0.00000 0.00000 0.03810
-0.15513 -0.00254 0.01004 0.98784
1.00000 1.00000 1.00000

0.00000 0.00000 0.03016
-0.14451 -0.00432 -0.00825 0.98946
1.00000 1.00000 1.00000

0.00733 -0.00334 0.09627
0.01930 -0.12368 0.92535 0.35785
1.00000 1.00000 1.00000

-0.00000 -0.00000 0.03768
-0.06777 0.04184 -0.04238 0.99592
1.00000 1.00000 1.00000

0.00000 -0.00000 0.02689
-0.17781 -0.01259 -0.01214 0.98391
1.00000 1.00000 1.00000

-0.00000 0.00000 0.08297
-0.36735 -0.36371 0.00000 0.85602
1.00000 1.00000 1.00000

-0.00000 0.00000 0.22946
-0.11681 -0.00000 -0.00000 0.99315
1.00000 1.00000 1.00000

0.00000 -0.00000 0.07395
-0.05030 -0.00000 -0.00000 0.99873
1.00000 1.00000 1.00000

0.00000 0.00000 0.22946
-0.02026 0.82009 -0.11515 0.56016
1.00000 1.00000 1.00000

-0.00000 0.00000 0.20646
-0.16545 0.49645 -0.07227 0.84908
1.00000 1.00000 1.00000

-0.00000 0.00000 0.25925
-0.00283 -0.00081 0.00442 0.99999
1.00000 1.00000 1.00000

0.00000 -0.00000 0.24513
-0.16855 0.02203 0.45552 0.87385
1.00000 1.00000 1.00000

0.04602 -0.00223 0.01586
-0.07912 0.23108 -0.50021 0.83074
1.00000 1.00000 1.00000

-0.00000 0.00000 0.05261
0.04058 -0.01245 0.01588 0.99897
1.00000 1.00000 1.00000

-0.00000 0.00000 0.03427
0.14913 -0.00250 0.02800 0.98842
1.00000 1.00000 1.00000

0.02957 0.02510 0.09603
-0.00492 -0.06259 -0.95556 0.28804
1.00000 1.00000 1.00000

-0.00000 -0.00000 0.03810
-0.15513 0.00254 -0.01004 0.98784
1.00000 1.00000 1.00000

0.00000 0.00000 0.03016
-0.14451 0.00432 0.00825 0.98946
1.00000 1.00000 1.00000

-0.00733 -0.00334 0.09627
0.01930 0.12368 -0.92535 0.35785
1.00000 1.00000 1.00000

0.00000 -0.00000 0.03768
-0.06777 -0.04184 0.04238 0.99592
1.00000 1.00000 1.00000

-0.00000 -0.00000 0.02689
-0.17781 0.01259 0.01214 0.98391
1.00000 1.00000 1.00000

-0.00000 -0.00000 0.08297
-0.36735 0.36371 -0.00000 0.85602
1.00000 1.00000 1.00000

0.09216 -0.02718 0.03270
-0.99675 0.00748 -0.06874 0.04124
1.00000 1.00000 1.00000

0.00000 -0.00000 0.41053
-0.09580 -0.02972 -0.00733 0.99493
1.00000 1.00000 1.00000

0.00000 -0.00000 0.42180
-0.02523 0.56102 -0.82557 0.05524
1.00000 1.00000 1.00000

0.00000 -0.00000 0.16057
-0.16901 -0.00454 0.03362 0.98503
1.00000 1.00000 1.00000

KEYFRAME: 56
TIMESTAMP: 1.86667
0.00000 0.89046 -0.02564
-0.00000 0.70711 0.70711 0.00000
1.00000 1.00000 1.00000

-0.09216 -0.02718 0.03270
-0.99675 -0.00748 0.06874 0.04124
1.00000 1.00000 1.00000

-0.00000 -0.00000 0.41053
-0.09580 0.02972 0.00733 0.99493
1.00000 1.00000 1.00000

0.00000 0.00000 0.42180
-0.02523 -0.56102 0.82557 0.05524
1.00000 1.00000 1.00000

-0.00000 -0.00000 0.16057
-0.16901 0.00454 -0.03362 0.98503
1.00000 1.00000 1.00000

0.00000 -0.00000 0.17913
0.06525 0.00000 0.00000 0.99787
1.00000 1.00000 1.00000

0.00000 -0.00000 0.23445
0.01169 0.00000 0.00000 0.99993
1.00000 1.00000 1.00000

-0.00000 0.00000 0.22946
-0.02021 -0.82034 0.11516 0.55979
1.00000 1.00000 1.00000

0.00000 0.00000 0.20646
-0.17042 -0.47146 0.05977 0.86320
1.00000 1.00000 1.00000

-0.00000 -0.00000 0.25925
-0.00277 0.00079 -0.00442 0.99999
1.00000 1.00000 1.00000

-0.00000 -0.00000 0.24513
-0.14378 -0.06318 -0.46146 0.87315
1.00000 1.00000 1.00000

-0.04602 -0.00223 0.01586
-0.07912 -0.23108 0.50021 0.83074
1.00000 1.00000 1.00000

-0.00000 0.00000 0.05261
0.04058 0.01245 -0.01588 0.99897
1.00000 1.00000 1.00000

0.00000 -0.00000 0.03427
0.14913 0.00250 -0.02800 0.98842
1.00000 1.00000 1.00000

-0.02957 0.02510 0.09603
-0.00492 0.06259 0.95556 0.28804
1.00000 1.00000 1.00000

-0.00000 -0.00000 0.03810
-0.15513 -0.00254 0.01004 0.98784
1.00000 1.00000 1.00000

0.00000 0.00000 0.03016
-0.14451 -0.00432 -0.00825 0.98946
1.00000 1.00000 1.00000

0.00733 -0.00334 0.09627
0.01930 -0.12368 0.92535 0.35785
1.00000 1.00000 1.00000

-0.00000 0.00000 0.03768
-0.06777 0.04184 -0.04238 0.99592
1.00000 1.00000 1.00000

0.00000 -0.00000 0.02689
-0.17781 -0.01259 -0.01214 0.98391
1.00000 1.00000 1.00000

-0.00000 0.00000 0.08297
-0.36735 -0.36371 0.00000 0.85602
1.00000 1.00000 1.00000

-0.00000 0.00000 0.22946
-0.11681 -0.00000 -0.00000 0.99315
1.00000 1.00000 1.00000

0.00000 -0.00000 0.07396
-0.05030 -0.00000 -0.00000 0.99873
1.00000 1.00000 1.00000

0.00000 0.00000 0.22946
-0.02021 0.82034 -0.11516 0.55979
1.00000 1.00000 1.00000

0.00000 0.00000 0.20646
-0.16558 0.49599 -0.07225 0.84933
1.00000 1.00000 1.00000

-0.00000 -0.00000 0.25925
-0.00283 -0.00081 0.00442 0.99999
1.00000 1.00000 1.00000

0.00000 -0.00000 0.24513
-0.16857 0.02210 0.45557 0.87382
1.00000 1.00000 1.00000

0.04602 -0.00223 0.01586
-0.07912 0.23108 -0.50021 0.83074
1.00000 1.00000 1.00000

0.00000 -0.00000 0.05261
0.04058 -0.01245 0.01588 0.99897
1.00000 1.00000 1.00000

0.00000 0.00000 0.03427
0.14913 -0.00250 0.02800 0.98842
1.00000 1.00000 1.00000

0.02957 0.02510 0.09603
-0.00492 -0.06259 -0.95556 0.28804
1.00000 1.00000 1.00000

0.00000 -0.00000 0.03810
-0.15513 0.00254 -0.01004 0.98784
1.00000 1.00000 1.00000

0.00000 -0.00000 0.03016
-0.14451 0.00432 0.00825 0.98946
1.00000 1.00000 1.00000

-0.00733 -0.00334 0.09627
0.01930 0.12368 -0.92535 0.35785
1.00000 1.00000 1.00000

0.00000 -0.00000 0.03768
-0.06777 -0.04184 0.04238 0.99592
1.00000 1.00000 1.00000

-0.00000 -0.00000 0.02689
-0.17781 0.01259 0.01214 0.98391
1.00000 1.00000 1.00000

0.00000 -0.00000 0.08296
-0.36735 0.36371 -0.00000 0.85602
1.00000 1.00000 1.00000

0.09216 -0.02718 0.03270
-0.99675 0.00748 -0.06874 0.04124
1.00000 1.00000 1.00000

0.00000 -0.00000 0.41053
-0.09580 -0.02972 -0.00733 0.99493
1.00000 1.00000 1.00000

0.00000 -0.00000 0.42180
-0.02523 0.56102 -0.82557 0.05524
1.00000 1.00000 1.00000

0.00000 -0.00000 0.16057
-0.16901 -0.00454 0.03362 0.98503
1.00000 1.00000 1.00000

KEYFRAME: 57
TIMESTAMP: 1.90000
0.00000 0.89046 -0.02564
-0.00000 0.70711 0.70711 0.00000
1.00000 1.00000 1.00000

-0.09216 -0.02718 0.03270
-0.99675 -0.00748 0.06874 0.04124
1.00000 1.00000 1.00000

-0.00000 -0.00000 0.41053
-0.09580 0.02972 0.00733 0.99493
1.00000 1.00000 1.00000

0.00000 0.00000 0.42180
-0.02523 -0.56102 0.82557 0.05524
1.00000 1.00000 1.00000

-0.00000 -0.00000 0.16057
-0.16901 0.00454 -0.03362 0.98503
1.00000 1.00000 1.00000

0.00000 -0.00000 0.17913
0.06525 0.00000 0.00000 0.99787
1.00000 1.00000 1.00000

0.00000 -0.00000 0.23445
0.01151 0.00000 0.00000 0.99993
1.00000 1.00000 1.00000

-0.00000 0.00000 0.22946
-0.02017 -0.82054 0.11517 0.55950
1.00000 1.00000 1.00000

-0.00000 0.00000 0.20646
-0.17052 -0.47107 0.05976 0.86339
1.00000 1.00000 1.00000

-0.00000 -0.00000 0.25925
-0.00277 0.00079 -0.00442 0.99999
1.00000 1.00000 1.00000

-0.00000 -0.00000 0.24513
-0.14379 -0.06325 -0.46150 0.87312
1.00000 1.00000 1.00000

-0.04602 -0.00223 0.01586
-0.07912 -0.23108 0.50021 0.83074
1.00000 1.00000 1.00000

-0.00000 0.00000 0.05261
0.04058 0.01245 -0.01588 0.99897
1.00000 1.00000 1.00000

0.00000 0.00000 0.03427
0.14913 0.00250 -0.02800 0.98842
1.00000 1.00000 1.00000

-0.02957 0.02510 0.09603
-0.00492 0.06259 0.95556 0.28804
1.00000 1.00000 1.00000

-0.00000 -0.00000 0.03810
-0.15513 -0.00254 0.01004 0.98784
1.00000 1.00000 1.00000

0.00000 -0.00000 0.03016
-0.14451 -0.00432 -0.00825 0.98946
1.00000 1.00000 1.00000

0.00733 -0.00334 0.09627
0.01930 -0.12368 0.92535 0.35785
1.00000 1.00000 1.00000

-0.00000 -0.00000 0.03768
-0.06777 0.04184 -0.04238 0.99592
1.00000 1.00000 1.00000

0.00000 -0.00000 0.02689
-0.17781 -0.01259 -0.01214 0.98391
1.00000 1.00000 1.00000

0.00000 -0.00000 0.08297
-0.36735 -0.36371 0.00000 0.85602
1.00000 1.00000 1.00000

-0.00000 0.00000 0.22946
-0.11681 -0.00000 -0.00000 0.99315
1.00000 1.00000 1.00000

0.00000 -0.00000 0.07396
-0.05030 -0.00000 -0.00000 0.99873
1.00000 1.00000 1.00000

0.00000 0.00000 0.22946
-0.02017 0.82054 -0.11517 0.55950
1.00000 1.00000 1.00000

0.00000 -0.00000 0.20646
-0.16569 0.49562 -0.07224 0.84953
1.00000 1.00000 1.00000

-0.00000 0.00000 0.25925
-0.00283 -0.00081 0.00442 0.99999
1.00000 1.00000 1.00000

0.00000 -0.00000 0.24513
-0.16858 0.02215 0.45561 0.87379
1.00000 1.00000 1.00000

0.04602 -0.00223 0.01586
-0.07912 0.23108 -0.50021 0.83074
1.00000 1.00000 1.00000

0.00000 0.00000 0.05261
0.04058 -0.01245 0.01588 0.99897
1.00000 1.00000 1.00000

0.00000 -0.00000 0.03427
0.14913 -0.00250 0.02800 0.98842
1.00000 1.00000 1.00000

0.02957 0.02510 0.09603
-0.00492 -0.06259 -0.95556 0.28804
1.00000 1.00000 1.00000

0.00000 0.00000 0.03810
-0.15513 0.00254 -0.01004 0.98784
1.00000 1.00000 1.00000

0.00000 0.00000 0.03016
-0.14451 0.00432 0.00825 0.98946
1.00000 1.00000 1.00000

-0.00733 -0.00334 0.09627
0.01930 0.12368 -0.92535 0.35785
1.00000 1.00000 1.00000

0.00000 -0.00000 0.03768
-0.06777 -0.04184 0.04238 0.99592
1.00000 1.00000 1.00000

-0.00000 -0.00000 0.02689
-0.17781 0.01259 0.01214 0.98391
1.00000 1.00000 1.00000

0.00000 0.00000 0.08297
-0.36735 0.36371 -0.00000 0.85602
1.00000 1.00000 1.00000

0.09216 -0.02718 0.03270
-0.99675 0.00748 -0.06874 0.04124
1.00000 1.00000 1.00000

0.00000 -0.00000 0.41053
-0.09580 -0.02972 -0.00733 0.99493
1.00000 1.00000 1.00000

0.00000 -0.00000 0.42180
-0.02523 0.56102 -0.82557 0.05524
1.00000 1.00000 1.00000

0.00000 -0.00000 0.16057
-0.16901 -0.00454 0.03362 0.98503
1.00000 1.00000 1.00000

KEYFRAME: 58
TIMESTAMP: 1.93333
0.00000 0.89046 -0.02564
-0.00000 0.70711 0.70711 0.00000
1.00000 1.00000 1.00000

-0.09216 -0.02718 0.03270
-0.99675 -0.00748 0.06874 0.04124
1.00000 1.00000 1.00000

-0.00000 -0.00000 0.41053
-0.09580 0.02972 0.00733 0.99493
1.00000 1.00000 1.00000

0.00000 0.00000 0.42180
-0.02523 -0.56102 0.82557 0.05524
1.00000 1.00000 1.00000

-0.00000 -0.00000 0.16057
-0.16901 0.00454 -0.03362 0.98503
1.00000 1.00000 1.00000

0.00000 -0.00000 0.17913
0.06525 0.00000 0.00000 0.99787
1.00000 1.00000 1.00000

0.00000 -0.00000 0.23445
0.01138 0.00000 0.00000 0.99994
1.00000 1.00000 1.00000

-0.00000 0.00000 0.22946
-0.02014 -0.82069 0.11517 0.55928
1.00000 1.00000 1.00000

-0.00000 0.00000 0.20646
-0.17060 -0.47078 0.05975 0.86354
1.00000 1.00000 1.00000

0.00000 0.00000 0.25925
-0.00277 0.00079 -0.00442 0.99999
1.00000 1.00000 1.00000

-0.00000 -0.00000 0.24513
-0.14380 -0.06330 -0.46153 0.87310
1.00000 1.00000 1.00000

-0.04602 -0.00223 0.01586
-0.07912 -0.23108 0.50021 0.83074
1.00000 1.00000 1.00000

-0.00000 -0.00000 0.05261
0.04058 0.01245 -0.01588 0.99897
1.00000 1.00000 1.00000

0.00000 -0.00000 0.03427
0.14913 0.00250 -0.02800 0.98842
1.00000 1.00000 1.00000

-0.02957 0.02510 0.09603
-0.00492 0.06259 0.95556 0.28804
1.00000 1.00000 1.00000

-0.00000 -0.00000 0.03810
-0.15513 -0.00254 0.01004 0.98784
1.00000 1.00000 1.00000

-0.00000 0.00000 0.03016
-0.14451 -0.00432 -0.00825 0.98946
1.00000 1.00000 1.00000

0.00733 -0.00334 0.09627
0.01930 -0.12368 0.92535 0.35785
1.00000 1.00000 1.00000

-0.00000 -0.00000 0.03768
-0.06777 0.04184 -0.04238 0.99592
1.00000 1.00000 1.00000

0.00000 -0.00000 0.02689
-0.17781 -0.01259 -0.01214 0.98391
1.00000 1.00000 1.00000

0.00000 0.00000 0.08297
-0.36735 -0.36371 0.00000 0.85602
1.00000 1.00000 1.00000

-0.00000 0.00000 0.22946
-0.11681 -0.00000 -0.00000 0.99315
1.00000 1.00000 1.00000

0.00000 -0.00000 0.07395
-0.05030 -0.00000 -0.00000 0.99873
1.00000 1.00000 1.00000

0.00000 0.00000 0.22946
-0.02014 0.82069 -0.11517 0.55928
1.00000 1.00000 1.00000

0.00000 -0.00000 0.20646
-0.16576 0.49534 -0.07223 0.84967
1.00000 1.00000 1.00000

0.00000 0.00000 0.25925
-0.00283 -0.00081 0.00442 0.99999
1.00000 1.00000 1.00000

0.00000 -0.00000 0.24513
-0.16859 0.02219 0.45563 0.87378
1.00000 1.00000 1.00000

0.04602 -0.00223 0.01586
-0.07912 0.23108 -0.50021 0.83074
1.00000 1.00000 1.00000

-0.00000 0.00000 0.05261
0.04058 -0.01245 0.01588 0.99897
1.00000 1.00000 1.00000

-0.00000 -0.00000 0.03427
0.14913 -0.00250 0.02800 0.98842
1.00000 1.00000 1.00000

0.02957 0.02510 0.09603
-0.00492 -0.06259 -0.95556 0.28804
1.00000 1.00000 1.00000

0.00000 0.00000 0.03810
-0.15513 0.00254 -0.01004 0.98784
1.00000 1.00000 1.00000

0.00000 -0.00000 0.03016
-0.14451 0.00432 0.00825 0.98946
1.00000 1.00000 1.00000

-0.00733 -0.00334 0.09627
0.01930 0.12368 -0.92535 0.35785
1.00000 1.00000 1.00000

0.00000 -0.00000 0.03768
-0.06777 -0.04184 0.04238 0.99592
1.00000 1.00000 1.00000

-0.00000 -0.00000 0.02689
-0.17781 0.01259 0.01214 0.98391
1.00000 1.00000 1.00000

0.00000 -0.00000 0.08297
-0.36735 0.36371 -0.00000 0.85602
1.00000 1.00000 1.00000

0.09216 -0.02718 0.03270
-0.99675 0.00748 -0.06874 0.04124
1.00000 1.00000 1.00000

0.00000 -0.00000 0.41053
-0.09580 -0.02972 -0.00733 0.99493
1.00000 1.00000 1.00000

0.00000 -0.00000 0.42180
-0.02523 0.56102 -0.82557 0.05524
1.00000 1.00000 1.00000

0.00000 -0.00000 0.16057
-0.16901 -0.00454 0.03362 0.98503
1.00000 1.00000 1.00000

KEYFRAME: 59
TIMESTAMP: 1.96667
0.00000 0.89046 -0.02564
-0.00000 0.70711 0.70711 0.00000
1.00000 1.00000 1.00000

-0.09216 -0.02718 0.03270
-0.99675 -0.00748 0.06874 0.04124
1.00000 1.00000 1.00000

-0.00000 -0.00000 0.41053
-0.09580 0.02972 0.00733 0.99493
1.00000 1.00000 1.00000

0.00000 0.00000 0.42180
-0.02523 -0.56102 0.82557 0.05524
1.00000 1.00000 1.00000

-0.00000 -0.00000 0.16057
-0.16901 0.00454 -0.03362 0.98503
1.00000 1.00000 1.00000

0.00000 -0.00000 0.17913
0.06525 0.00000 0.00000 0.99787
1.00000 1.00000 1.00000

0.00000 -0.00000 0.23445
0.01130 0.00000 0.00000 0.99994
1.00000 1.00000 1.00000

-0.00000 0.00000 0.22946
-0.02012 -0.82079 0.11518 0.55914
1.00000 1.00000 1.00000

-0.00000 -0.00000 0.20646
-0.17065 -0.47060 0.05974 0.86363
1.00000 1.00000 1.00000

-0.00000 0.00000 0.25925
-0.00277 0.00079 -0.00442 0.99999
1.00000 1.00000 1.00000

-0.00000 -0.00000 0.24513
-0.14381 -0.06333 -0.46155 0.87309
1.00000 1.00000 1.00000

-0.04602 -0.00223 0.01586
-0.07912 -0.23108 0.50021 0.83074
1.00000 1.00000 1.00000

-0.00000 -0.00000 0.05261
0.04058 0.01245 -0.01588 0.99897
1.00000 1.00000 1.00000

-0.00000 0.00000 0.03427
0.14913 0.00250 -0.02800 0.98842
1.00000 1.00000 1.00000

-0.02957 0.02510 0.09603
-0.00492 0.06259 0.95556 0.28804
1.00000 1.00000 1.00000

-0.00000 0.00000 0.03810
-0.15513 -0.00254 0.01004 0.98784
1.00000 1.00000 1.00000

-0.00000 0.00000 0.03016
-0.14451 -0.00432 -0.00825 0.98946
1.00000 1.00000 1.00000

0.00733 -0.00334 0.09627
0.01930 -0.12368 0.92535 0.35785
1.00000 1.00000 1.00000

-0.00000 0.00000 0.03768
-0.06777 0.04184 -0.04238 0.99592
1.00000 1.00000 1.00000

0.00000 -0.00000 0.02689
-0.17781 -0.01259 -0.01214 0.98391
1.00000 1.00000 1.00000

0.00000 -0.00000 0.08296
-0.36735 -0.36371 0.00000 0.85602
1.00000 1.00000 1.00000

-0.00000 0.00000 0.22946
-0.11681 -0.00000 -0.00000 0.99315
1.00000 1.00000 1.00000

0.00000 -0.00000 0.07396
-0.05030 -0.00000 -0.00000 0.99873
1.00000 1.00000 1.00000

0.00000 0.00000 0.22946
-0.02012 0.82079 -0.11518 0.55914
1.00000 1.00000 1.00000

0.00000 0.00000 0.20646
-0.16581 0.49517 -0.07223 0.84976
1.00000 1.00000 1.00000

0.00000 0.00000 0.25925
-0.00283 -0.00081 0.00442 0.99999
1.00000 1.00000 1.00000

0.00000 -0.00000 0.24513
-0.16859 0.02221 0.45565 0.87376
1.00000 1.00000 1.00000

0.04602 -0.00223 0.01586
-0.07912 0.23108 -0.50021 0.83074
1.00000 1.00000 1.00000

-0.00000 0.00000 0.05261
0.04058 -0.01245 0.01588 0.99897
1.00000 1.00000 1.00000

-0.00000 0.00000 0.03427
0.14913 -0.00250 0.02800 0.98842
1.00000 1.00000 1.00000

0.02957 0.02510 0.09603
-0.00492 -0.06259 -0.95556 0.28804
1.00000 1.00000 1.00000

-0.00000 -0.00000 0.03810
-0.15513 0.00254 -0.01004 0.98784
1.00000 1.00000 1.00000

-0.00000 -0.00000 0.03016
-0.14451 0.00432 0.00825 0.98946
1.00000 1.00000 1.00000

-0.00733 -0.00334 0.09627
0.01930 0.12368 -0.92535 0.35785
1.00000 1.00000 1.00000

0.00000 -0.00000 0.03768
-0.06777 -0.04184 0.04238 0.99592
1.00000 1.00000 1.00000

-0.00000 -0.00000 0.02689
-0.17781 0.01259 0.01214 0.98391
1.00000 1.00000 1.00000

-0.00000 0.00000 0.08297
-0.36735 0.36371 -0.00000 0.85602
1.00000 1.00000 1.00000

0.09216 -0.02718 0.03270
-0.99675 0.00748 -0.06874 0.04124
1.00000 1.00000 1.00000

0.00000 -0.00000 0.41053
-0.09580 -0.02972 -0.00733 0.99493
1.00000 1.00000 1.00000

0.00000 -0.00000 0.42180
-0.02523 0.56102 -0.82557 0.05524
1.00000 1.00000 1.00000

0.00000 -0.00000 0.16057
-0.16901 -0.00454 0.03362 0.98503
1.00000 1.00000 1.00000

KEYFRAME: 60
TIMESTAMP: 2.00000
0.00000 0.89046 -0.02564
-0.00000 0.70711 0.70711 0.00000
1.00000 1.00000 1.00000

-0.09216 -0.02718 0.03270
-0.99675 -0.00748 0.06874 0.04124
1.00000 1.00000 1.00000

-0.00000 -0.00000 0.41053
-0.09580 0.02972 0.00733 0.99493
1.00000 1.00000 1.00000

0.00000 0.00000 0.42180
-0.02523 -0.56102 0.82557 0.05524
1.00000 1.00000 1.00000

-0.00000 -0.00000 0.16057
-0.16901 0.00454 -0.03362 0.98503
1.00000 1.00000 1.00000

0.00000 -0.00000 0.17913
0.06525 0.00000 0.00000 0.99787
1.00000 1.00000 1.00000

0.00000 -0.00000 0.23445
0.01127 0.00000 0.00000 0.99994
1.00000 1.00000 1.00000

-0.00000 0.00000 0.22946
-0.02012 -0.82082 0.11518 0.55910
1.00000 1.00000 1.00000

-0.00000 -0.00000 0.20646
-0.17066 -0.47053 0.05974 0.86366
1.00000 1.00000 1.00000

-0.00000 -0.00000 0.25925
-0.00277 0.00079 -0.00442 0.99999
1.00000 1.00000 1.00000

-0.00000 -0.00000 0.24513
-0.14381 -0.06334 -0.46155 0.87309
1.00000 1.00000 1.00000

-0.04602 -0.00223 0.01586
-0.07912 -0.23108 0.50021 0.83074
1.00000 1.00000 1.00000

-0.00000 -0.00000 0.05261
0.04058 0.01245 -0.01588 0.99897
1.00000 1.00000 1.00000

0.00000 -0.00000 0.03427
0.14913 0.00250 -0.02800 0.98842
1.00000 1.00000 1.00000

-0.02957 0.02510 0.09603
-0.00492 0.06259 0.95556 0.28804
1.00000 1.00000 1.00000

0.00000 0.00000 0.03810
-0.15513 -0.00254 0.01004 0.98784
1.00000 1.00000 1.00000

-0.00000 0.00000 0.03016
-0.14451 -0.00432 -0.00825 0.98946
1.00000 1.00000 1.00000

0.00733 -0.00334 0.09627
0.01930 -0.12368 0.92535 0.35785
1.00000 1.00000 1.00000

-0.00000 0.00000 0.03768
-0.06777 0.04184 -0.04238 0.99592
1.00000 1.00000 1.00000

0.00000 -0.00000 0.02689
-0.17781 -0.01259 -0.01214 0.98391
1.00000 1.00000 1.00000

0.00000 0.00000 0.08297
-0.36735 -0.36371 0.00000 0.85602
1.00000 1.00000 1.00000

-0.00000 0.00000 0.22946
-0.11681 -0.00000 -0.00000 0.99315
1.00000 1.00000 1.00000

0.00000 -0.00000 0.07396
-0.05030 -0.00000 -0.00000 0.99873
1.00000 1.00000 1.00000

0.00000 0.00000 0.22946
-0.02012 0.82082 -0.11518 0.55910
1.00000 1.00000 1.00000

0.00000 -0.00000 0.20646
-0.16583 0.49511 -0.07223 0.84979
1.00000 1.00000 1.00000

0.00000 -0.00000 0.25925
-0.00283 -0.00081 0.00442 0.99999
1.00000 1.00000 1.00000

0.00000 -0.00000 0.24513
-0.16859 0.02222 0.45566 0.87376
1.00000 1.00000 1.00000

0.04602 -0.00223 0.01586
-0.07912 0.23108 -0.50021 0.83074
1.00000 1.00000 1.00000

0.00000 0.00000 0.05261
0.04058 -0.01245 0.01588 0.99897
1.00000 1.00000 1.00000

0.00000 0.00000 0.03427
0.14913 -0.00250 0.02800 0.98842
1.00000 1.00000 1.00000

0.02957 0.02510 0.09603
-0.00492 -0.06259 -0.95556 0.28804
1.00000 1.00000 1.00000

0.00000 0.00000 0.03810
-0.15513 0.00254 -0.01004 0.98784
1.00000 1.00000 1.00000

-0.00000 -0.00000 0.03016
-0.14451 0.00432 0.00825 0.98946
1.00000 1.00000 1.00000

-0.00733 -0.00334 0.09627
0.01930 0.12368 -0.92535 0.35785
1.00000 1.00000 1.00000

0.00000 -0.00000 0.03768
-0.06777 -0.04184 0.04238 0.99592
1.00000 1.00000 1.00000

-0.00000 -0.00000 0.02689
-0.17781 0.01259 0.01214 0.98391
1.00000 1.00000 1.00000

0.00000 -0.00000 0.08297
-0.36735 0.36371 -0.00000 0.85602
1.00000 1.00000 1.00000

0.09216 -0.02718 0.03270
-0.99675 0.00748 -0.06874 0.04124
1.00000 1.00000 1.00000

0.00000 -0.00000 0.41053
-0.09580 -0.02972 -0.00733 0.99493
1.00000 1.00000 1.00000

0.00000 -0.00000 0.42180
-0.02523 0.56102 -0.82557 0.05524
1.00000 1.00000 1.00000

0.00000 -0.00000 0.16057
-0.16901 -0.00454 0.03362 0.98503
1.00000 1.00000 1.00000


ANIMATION_NAME: Jump
DURATION: 0.83333

KEYFRAME: 0
TIMESTAMP: 0.00000
0.00000 0.89046 -0.02564
-0.00000 0.70711 0.70711 0.00000
1.00000 1.00000 1.00000

-0.09216 -0.02718 0.03270
-0.99675 -0.00748 0.06874 0.04124
1.00000 1.00000 1.00000

-0.00000 -0.00000 0.41053
-0.09580 0.02972 0.00733 0.99493
1.00000 1.00000 1.00000

0.00000 0.00000 0.42180
-0.02523 -0.56102 0.82557 0.05524
1.00000 1.00000 1.00000

-0.00000 -0.00000 0.16057
-0.16901 0.00454 -0.03362 0.98503
1.00000 1.00000 1.00000

0.00000 -0.00000 0.17913
0.06525 0.00000 0.00000 0.99787
1.00000 1.00000 1.00000

0.00000 -0.00000 0.23445
0.01127 0.00000 0.00000 0.99994
1.00000 1.00000 1.00000

-0.00000 0.00000 0.22946
-0.02012 -0.82082 0.11518 0.55910
1.00000 1.00000 1.00000

-0.00000 -0.00000 0.20646
-0.02739 -0.23469 -0.00580 0.97167
1.00000 1.00000 1.00000

-0.00000 0.00000 0.25925
-0.24942 0.07107 -0.00427 0.96577
1.00000 1.00000 1.00000

-0.00000 -0.00000 0.24513
0.00164 -0.05123 -0.36740 0.92865
1.00000 1.00000 1.00000

-0.04602 -0.00223 0.01586
-0.07912 -0.23108 0.50021 0.83074
1.00000 1.00000 1.00000

-0.00000 -0.00000 0.05261
0.04058 0.01245 -0.01588 0.99897
1.00000 1.00000 1.00000

-0.00000 -0.00000 0.03427
0.14913 0.00250 -0.02800 0.98842
1.00000 1.00000 1.00000

-0.02957 0.02510 0.09603
-0.00492 0.06259 0.95556 0.28804
1.00000 1.00000 1.00000

-0.00000 0.00000 0.03810
-0.15513 -0.00254 0.01004 0.98784
1.00000 1.00000 1.00000

0.00000 -0.00000 0.03016
-0.14451 -0.00432 -0.00825 0.98946
1.00000 1.00000 1.00000

0.00733 -0.00334 0.09627
0.01930 -0.12368 0.92535 0.35785
1.00000 1.00000 1.00000

-0.00000 -0.00000 0.03768
-0.06777 0.04184 -0.04238 0.99592
1.00000 1.00000 1.00000

0.00000 -0.00000 0.02689
-0.17781 -0.01259 -0.01214 0.98391
1.00000 1.00000 1.00000

-0.00000 0.00000 0.08297
-0.36735 -0.36371 0.00000 0.85602
1.00000 1.00000 1.00000

-0.00000 0.00000 0.22946
-0.11681 -0.00000 -0.00000 0.99315
1.00000 1.00000 1.00000

0.00000 -0.00000 0.07396
-0.05030 -0.00000 -0.00000 0.99873
1.00000 1.00000 1.00000

0.00000 0.00000 0.22946
-0.02012 0.82082 -0.11518 0.55910
1.00000 1.00000 1.00000

0.00000 -0.00000 0.20646
-0.02739 0.23469 0.00580 0.97167
1.00000 1.00000 1.00000

0.00000 -0.00000 0.25925
-0.24942 -0.07107 0.00427 0.96577
1.00000 1.00000 1.00000

0.00000 -0.00000 0.24513
0.00164 0.05123 0.36740 0.92865
1.00000 1.00000 1.00000

0.04602 -0.00223 0.01586
-0.07912 0.23108 -0.50021 0.83074
1.00000 1.00000 1.00000

-0.00000 -0.00000 0.05261
0.04058 -0.01245 0.01588 0.99897
1.00000 1.00000 1.00000

-0.00000 -0.00000 0.03427
0.14913 -0.00250 0.02800 0.98842
1.00000 1.00000 1.00000

0.02957 0.02510 0.09603
-0.00492 -0.06259 -0.95556 0.28804
1.00000 1.00000 1.00000

0.00000 0.00000 0.03810
-0.15513 0.00254 -0.01004 0.98784
1.00000 1.00000 1.00000

0.00000 0.00000 0.03016
-0.14451 0.00432 0.00825 0.98946
1.00000 1.00000 1.00000

-0.00733 -0.00334 0.09627
0.01930 0.12368 -0.92535 0.35785
1.00000 1.00000 1.00000

0.00000 0.00000 0.03768
-0.06777 -0.04184 0.04238 0.99592
1.00000 1.00000 1.00000

-0.00000 -0.00000 0.02689
-0.17781 0.01259 0.01214 0.98391
1.00000 1.00000 1.00000

-0.00000 -0.00000 0.08297
-0.36735 0.36371 -0.00000 0.85602
1.00000 1.00000 1.00000

0.09216 -0.02718 0.03270
-0.99675 0.00748 -0.06874 0.04124
1.00000 1.00000 1.00000

0.00000 -0.00000 0.41053
-0.09580 -0.02972 -0.00733 0.99493
1.00000 1.00000 1.00000

0.00000 -0.00000 0.42180
-0.02523 0.56102 -0.82557 0.05524
1.00000 1.00000 1.00000

0.00000 -0.00000 0.16057
-0.16901 -0.00454 0.03362 0.98503
1.00000 1.00000 1.00000

KEYFRAME: 1
TIMESTAMP: 0.03333
0.00000 0.89046 -0.02564
-0.00000 0.70711 0.70711 0.00000
1.00000 1.00000 1.00000

-0.09216 -0.02718 0.03270
-0.99675 -0.00748 0.06874 0.04124
1.00000 1.00000 1.00000

-0.00000 -0.00000 0.41053
-0.09580 0.02972 0.00733 0.99493
1.00000 1.00000 1.00000

0.00000 0.00000 0.42180
-0.02523 -0.56102 0.82557 0.05524
1.00000 1.00000 1.00000

-0.00000 -0.00000 0.16057
-0.16901 0.00454 -0.03362 0.98503
1.00000 1.00000 1.00000

0.00000 -0.00000 0.17913
0.06525 0.00000 0.00000 0.99787
1.00000 1.00000 1.00000

0.00000 -0.00000 0.23445
0.01127 0.00000 0.00000 0.99994
1.00000 1.00000 1.00000

-0.00000 0.00000 0.22946
-0.02012 -0.82082 0.11518 0.55910
1.00000 1.00000 1.00000

-0.00000 -0.00000 0.20646
-0.17769 -0.49594 0.06525 0.84747
1.00000 1.00000 1.00000

-0.00000 -0.00000 0.25925
-0.00276 0.00079 -0.00442 0.99999
1.00000 1.00000 1.00000

-0.00000 -0.00000 0.24513
-0.15464 -0.02192 -0.45786 0.87520
1.00000 1.00000 1.00000

-0.04602 -0.00223 0.01586
-0.07912 -0.23108 0.50021 0.83074
1.00000 1.00000 1.00000

-0.00000 0.00000 0.05261
0.04058 0.01245 -0.01588 0.99897
1.00000 1.00000 1.00000

-0.00000 0.00000 0.03427
0.14913 0.00250 -0.02800 0.98842
1.00000 1.00000 1.00000

-0.02957 0.02510 0.09603
-0.00492 0.06259 0.95556 0.28804
1.00000 1.00000 1.00000

-0.00000 -0.00000 0.03810
-0.15513 -0.00254 0.01004 0.98784
1.00000 1.00000 1.00000

-0.00000 0.00000 0.03016
-0.14451 -0.00432 -0.00825 0.98946
1.00000 1.00000 1.00000

0.00733 -0.00334 0.09627
0.01930 -0.12368 0.92535 0.35785
1.00000 1.00000 1.00000

-0.00000 0.00000 0.03768
-0.06777 0.04184 -0.04238 0.99592
1.00000 1.00000 1.00000

0.00000 -0.00000 0.02689
-0.17781 -0.01259 -0.01214 0.98391
1.00000 1.00000 1.00000

-0.00000 -0.00000 0.08296
-0.36735 -0.36371 0.00000 0.85602
1.00000 1.00000 1.00000

-0.00000 0.00000 0.22946
-0.11681 -0.00000 -0.00000 0.99315
1.00000 1.00000 1.00000

0.00000 -0.00000 0.07396
-0.05030 -0.00000 -0.00000 0.99873
1.00000 1.00000 1.00000

0.00000 0.00000 0.22946
-0.02012 0.82082 -0.11518 0.55910
1.00000 1.00000 1.00000

0.00000 -0.00000 0.20646
-0.17860 0.49499 -0.06432 0.84791
1.00000 1.00000 1.00000

0.00000 -0.00000 0.25925
-0.00319 -0.00091 0.00442 0.99998
1.00000 1.00000 1.00000

0.00000 -0.00000 0.24513
-0.14310 0.05458 0.46820 0.87025
1.00000 1.00000 1.00000

0.04602 -0.00223 0.01586
-0.07912 0.23108 -0.50021 0.83074
1.00000 1.00000 1.00000

-0.00000 0.00000 0.05261
0.04058 -0.01245 0.01588 0.99897
1.00000 1.00000 1.00000

-0.00000 0.00000 0.03427
0.14913 -0.00250 0.02800 0.98842
1.00000 1.00000 1.00000

0.02957 0.02510 0.09603
-0.00492 -0.06259 -0.95556 0.28804
1.00000 1.00000 1.00000

-0.00000 0.00000 0.03810
-0.15513 0.00254 -0.01004 0.98784
1.00000 1.00000 1.00000

0.00000 -0.00000 0.03016
-0.14451 0.00432 0.00825 0.98946
1.00000 1.00000 1.00000

-0.00733 -0.00334 0.09627
0.01930 0.12368 -0.92535 0.35785
1.00000 1.00000 1.00000

0.00000 -0.00000 0.03768
-0.06777 -0.04184 0.04238 0.99592
1.00000 1.00000 1.00000

-0.00000 -0.00000 0.02689
-0.17781 0.01259 0.01214 0.98391
1.00000 1.00000 1.00000

-0.00000 -0.00000 0.08296
-0.36735 0.36371 -0.00000 0.85602
1.00000 1.00000 1.00000

0.09216 -0.02718 0.03270
-0.99675 0.00748 -0.06874 0.04124
1.00000 1.00000 1.00000

0.00000 -0.00000 0.41053
-0.09580 -0.02972 -0.00733 0.99493
1.00000 1.00000 1.00000

0.00000 -0.00000 0.42180
-0.02523 0.56102 -0.82557 0.05524
1.00000 1.00000 1.00000

0.00000 -0.00000 0.16057
-0.16901 -0.00454 0.03362 0.98503
1.00000 1.00000 1.00000

KEYFRAME: 2
TIMESTAMP: 0.06667
0.00000 0.86834 -0.02564
-0.00000 0.70711 0.70711 0.00000
1.00000 1.00000 1.00000

-0.09216 -0.02718 0.03270
-0.98916 -0.00407 0.09272 0.11377
1.00000 1.00000 1.00000

-0.00000 -0.00000 0.41053
-0.23771 0.07375 0.00713 0.96851
1.00000 1.00000 1.00000

-0.00000 0.00000 0.42180
-0.03814 -0.61933 0.78297 0.04398
1.00000 1.00000 1.00000

-0.00000 -0.00000 0.16057
-0.16901 0.00454 -0.03362 0.98503
1.00000 1.00000 1.00000

0.00000 -0.00000 0.17913
0.03803 0.00000 0.00000 0.99928
1.00000 1.00000 1.00000

0.00000 -0.00000 0.23445
0.01127 0.00000 0.00000 0.99994
1.00000 1.00000 1.00000

-0.00000 0.00000 0.22946
-0.02012 -0.82082 0.11518 0.55910
1.00000 1.00000 1.00000

0.00000 0.00000 0.20646
-0.05972 -0.53270 0.14513 0.83163
1.00000 1.00000 1.00000

-0.00000 -0.00000 0.25925
-0.26044 0.07421 -0.00426 0.96262
1.00000 1.00000 1.00000

-0.00000 -0.00000 0.24513
-0.08092 -0.02043 -0.45755 0.88526
1.00000 1.00000 1.00000

-0.04602 -0.00223 0.01586
-0.07912 -0.23108 0.50021 0.83074
1.00000 1.00000 1.00000

0.00000 -0.00000 0.05261
0.04058 0.01245 -0.01588 0.99897
1.00000 1.00000 1.00000

0.00000 -0.00000 0.03427
0.14913 0.00250 -0.02800 0.98842
1.00000 1.00000 1.00000

-0.02957 0.02510 0.09603
-0.00492 0.06259 0.95556 0.28804
1.00000 1.00000 1.00000

0.00000 -0.00000 0.03810
-0.15513 -0.00254 0.01004 0.98784
1.00000 1.00000 1.00000

-0.00000 0.00000 0.03016
-0.14451 -0.00432 -0.00825 0.98946
1.00000 1.00000 1.00000

0.00733 -0.00334 0.09627
0.01930 -0.12368 0.92535 0.35785
1.00000 1.00000 1.00000

-0.00000 0.00000 0.03768
-0.06777 0.04184 -0.04238 0.99592
1.00000 1.00000 1.00000

0.00000 -0.00000 0.02689
-0.17781 -0.01259 -0.01214 0.98391
1.00000 1.00000 1.00000

-0.00000 -0.00000 0.08297
-0.36735 -0.36371 0.00000 0.85602
1.00000 1.00000 1.00000

-0.00000 0.00000 0.22946
-0.11681 -0.00000 -0.00000 0.99315
1.00000 1.00000 1.00000

0.00000 -0.00000 0.07396
-0.05030 -0.00000 -0.00000 0.99873
1.00000 1.00000 1.00000

0.00000 0.00000 0.22946
-0.02012 0.82082 -0.11518 0.55910
1.00000 1.00000 1.00000

-0.00000 0.00000 0.20646
-0.02723 0.53702 -0.16637 0.82655
1.00000 1.00000 1.00000

0.00000 0.00000 0.25925
-0.33100 -0.09431 0.00415 0.93890
1.00000 1.00000 1.00000

0.00000 -0.00000 0.24513
-0.03454 0.04192 0.47068 0.88063
1.00000 1.00000 1.00000

0.04602 -0.00223 0.01586
-0.07912 0.23108 -0.50021 0.83074
1.00000 1.00000 1.00000

0.00000 0.00000 0.05261
0.04058 -0.01245 0.01588 0.99897
1.00000 1.00000 1.00000

-0.00000 -0.00000 0.03427
0.14913 -0.00250 0.02800 0.98842
1.00000 1.00000 1.00000

0.02957 0.02510 0.09603
-0.00492 -0.06259 -0.95556 0.28804
1.00000 1.00000 1.00000

0.00000 -0.00000 0.03810
-0.15513 0.00254 -0.01004 0.98784
1.00000 1.00000 1.00000

-0.00000 -0.00000 0.03016
-0.14451 0.00432 0.00825 0.98946
1.00000 1.00000 1.00000

-0.00733 -0.00334 0.09627
0.01930 0.12368 -0.92535 0.35785
1.00000 1.00000 1.00000

0.00000 0.00000 0.03768
-0.06777 -0.04184 0.04238 0.99592
1.00000 1.00000 1.00000

0.00000 -0.00000 0.02689
-0.17781 0.01259 0.01214 0.98391
1.00000 1.00000 1.00000

0.00000 0.00000 0.08296
-0.36735 0.36371 -0.00000 0.85602
1.00000 1.00000 1.00000

0.09216 -0.02718 0.03270
-0.98916 0.00407 -0.09272 0.11377
1.00000 1.00000 1.00000

-0.00000 -0.00000 0.41053
-0.23771 -0.07375 -0.00713 0.96851
1.00000 1.00000 1.00000

-0.00000 -0.00000 0.42180
-0.03814 0.61933 -0.78297 0.04398
1.00000 1.00000 1.00000

0.00000 -0.00000 0.16057
-0.16901 -0.00454 0.03362 0.98503
1.00000 1.00000 1.00000

KEYFRAME: 3
TIMESTAMP: 0.10000
0.00000 0.81967 -0.02564
-0.00000 0.70711 0.70711 0.00000
1.00000 1.00000 1.00000

-0.09216 -0.02718 0.03270
-0.97286 -0.00054 0.12198 0.19665
1.00000 1.00000 1.00000

-0.00000 0.00000 0.41053
-0.39505 0.12256 0.00670 0.91042
1.00000 1.00000 1.00000

-0.00000 -0.00000 0.42180
-0.05072 -0.68255 0.72847 0.02988
1.00000 1.00000 1.00000

-0.00000 -0.00000 0.16057
-0.16901 0.00454 -0.03362 0.98503
1.00000 1.00000 1.00000

0.00000 -0.00000 0.17913
-0.02219 0.00000 0.00000 0.99975
1.00000 1.00000 1.00000

0.00000 -0.00000 0.23445
0.01127 0.00000 0.00000 0.99994
1.00000 1.00000 1.00000

-0.00000 0.00000 0.22946
-0.02012 -0.82082 0.11518 0.55910
1.00000 1.00000 1.00000

-0.00000 0.00000 0.20646
0.04507 -0.53903 0.19990 0.81698
1.00000 1.00000 1.00000

0.00000 0.00000 0.25925
-0.47369 0.13497 -0.00385 0.87028
1.00000 1.00000 1.00000

-0.00000 -0.00000 0.24513
-0.03370 -0.03252 -0.45846 0.88748
1.00000 1.00000 1.00000

-0.04602 -0.00223 0.01586
-0.07912 -0.23108 0.50021 0.83074
1.00000 1.00000 1.00000

0.00000 0.00000 0.05261
0.04058 0.01245 -0.01588 0.99897
1.00000 1.00000 1.00000

-0.00000 0.00000 0.03427
0.14913 0.00250 -0.02800 0.98842
1.00000 1.00000 1.00000

-0.02957 0.02510 0.09603
-0.00492 0.06259 0.95556 0.28804
1.00000 1.00000 1.00000

0.00000 -0.00000 0.03810
-0.15513 -0.00254 0.01004 0.98784
1.00000 1.00000 1.00000

0.00000 0.00000 0.03016
-0.14451 -0.00432 -0.00825 0.98946
1.00000 1.00000 1.00000

0.00733 -0.00334 0.09627
0.01930 -0.12368 0.92535 0.35785
1.00000 1.00000 1.00000

-0.00000 0.00000 0.03768
-0.06777 0.04184 -0.04238 0.99592
1.00000 1.00000 1.00000

0.00000 -0.00000 0.02689
-0.17781 -0.01259 -0.01214 0.98391
1.00000 1.00000 1.00000

-0.00000 -0.00000 0.08296
-0.36735 -0.36371 0.00000 0.85602
1.00000 1.00000 1.00000

-0.00000 0.00000 0.22946
-0.11681 -0.00000 -0.00000 0.99315
1.00000 1.00000 1.00000

0.00000 -0.00000 0.07395
-0.05030 -0.00000 -0.00000 0.99873
1.00000 1.00000 1.00000

0.00000 0.00000 0.22946
-0.02012 0.82082 -0.11518 0.55910
1.00000 1.00000 1.00000

0.00000 0.00000 0.20646
0.06615 0.54015 -0.21351 0.81134
1.00000 1.00000 1.00000

0.00000 -0.00000 0.25925
-0.50772 -0.14467 0.00375 0.84928
1.00000 1.00000 1.00000

0.00000 -0.00000 0.24513
-0.00809 0.05858 0.47111 0.88009
1.00000 1.00000 1.00000

0.04602 -0.00223 0.01586
-0.07912 0.23108 -0.50021 0.83074
1.00000 1.00000 1.00000

-0.00000 0.00000 0.05261
0.04058 -0.01245 0.01588 0.99897
1.00000 1.00000 1.00000

-0.00000 0.00000 0.03427
0.14913 -0.00250 0.02800 0.98842
1.00000 1.00000 1.00000

0.02957 0.02510 0.09603
-0.00492 -0.06259 -0.95556 0.28804
1.00000 1.00000 1.00000

0.00000 -0.00000 0.03810
-0.15513 0.00254 -0.01004 0.98784
1.00000 1.00000 1.00000

0.00000 -0.00000 0.03016
-0.14451 0.00432 0.00825 0.98946
1.00000 1.00000 1.00000

-0.00733 -0.00334 0.09627
0.01930 0.12368 -0.92535 0.35785
1.00000 1.00000 1.00000

0.00000 0.00000 0.03768
-0.06777 -0.04184 0.04238 0.99592
1.00000 1.00000 1.00000

-0.00000 -0.00000 0.02689
-0.17781 0.01259 0.01214 0.98391
1.00000 1.00000 1.00000

0.00000 -0.00000 0.08297
-0.36735 0.36371 -0.00000 0.85602
1.00000 1.00000 1.00000

0.09216 -0.02718 0.03270
-0.97286 0.00054 -0.12198 0.19665
1.00000 1.00000 1.00000

0.00000 0.00000 0.41053
-0.39505 -0.12256 -0.00670 0.91042
1.00000 1.00000 1.00000

-0.00000 0.00000 0.42180
-0.05072 0.68255 -0.72847 0.02988
1.00000 1.00000 1.00000

0.00000 -0.00000 0.16057
-0.16901 -0.00454 0.03362 0.98503
1.00000 1.00000 1.00000

KEYFRAME: 4
TIMESTAMP: 0.13333
0.00000 0.77099 -0.02564
-0.00000 0.70711 0.70711 0.00000
1.00000 1.00000 1.00000

-0.09216 -0.02718 0.03270
-0.95636 0.00188 0.14400 0.25422
1.00000 1.00000 1.00000

0.00000 0.00000 0.41053
-0.49940 0.15494 0.00628 0.85238
1.00000 1.00000 1.00000

0.00000 0.00000 0.42180
-0.05773 -0.72421 0.68690 0.01886
1.00000 1.00000 1.00000

-0.00000 -0.00000 0.16057
-0.16901 0.00454 -0.03362 0.98503
1.00000 1.00000 1.00000

0.00000 -0.00000 0.17913
-0.08232 0.00000 0.00000 0.99661
1.00000 1.00000 1.00000

-0.00000 -0.00000 0.23445
0.01127 0.00000 0.00000 0.99994
1.00000 1.00000 1.00000

-0.00000 0.00000 0.22946
-0.02012 -0.82082 0.11518 0.55910
1.00000 1.00000 1.00000

0.00000 0.00000 0.20646
0.11344 -0.52951 0.21733 0.81211
1.00000 1.00000 1.00000

-0.00000 0.00000 0.25925
-0.58796 0.16753 -0.00350 0.79135
1.00000 1.00000 1.00000

-0.00000 -0.00000 0.24513
-0.02969 -0.05632 -0.46541 0.88280
1.00000 1.00000 1.00000

-0.04602 -0.00223 0.01586
-0.07912 -0.23108 0.50021 0.83074
1.00000 1.00000 1.00000

0.00000 -0.00000 0.05261
0.04058 0.01245 -0.01588 0.99897
1.00000 1.00000 1.00000

0.00000 0.00000 0.03427
0.14913 0.00250 -0.02800 0.98842
1.00000 1.00000 1.00000

-0.02957 0.02510 0.09603
-0.00492 0.06259 0.95556 0.28804
1.00000 1.00000 1.00000

0.00000 0.00000 0.03810
-0.15513 -0.00254 0.01004 0.98784
1.00000 1.00000 1.00000

-0.00000 0.00000 0.03016
-0.14451 -0.00432 -0.00825 0.98946
1.00000 1.00000 1.00000

0.00733 -0.00334 0.09627
0.01930 -0.12368 0.92535 0.35785
1.00000 1.00000 1.00000

-0.00000 0.00000 0.03768
-0.06777 0.04184 -0.04238 0.99592
1.00000 1.00000 1.00000

0.00000 -0.00000 0.02689
-0.17781 -0.01259 -0.01214 0.98391
1.00000 1.00000 1.00000

0.00000 -0.00000 0.08296
-0.36735 -0.36371 0.00000 0.85602
1.00000 1.00000 1.00000

-0.00000 0.00000 0.22946
-0.11681 -0.00000 -0.00000 0.99315
1.00000 1.00000 1.00000

0.00000 -0.00000 0.07395
-0.05030 -0.00000 -0.00000 0.99873
1.00000 1.00000 1.00000

0.00000 0.00000 0.22946
-0.02012 0.82082 -0.11518 0.55910
1.00000 1.00000 1.00000

-0.00000 -0.00000 0.20646
0.13237 0.52843 -0.22751 0.80714
1.00000 1.00000 1.00000

0.00000 0.00000 0.25925
-0.60926 -0.17360 0.00342 0.77373
1.00000 1.00000 1.00000

0.00000 -0.00000 0.24513
-0.01233 0.08629 0.47833 0.87385
1.00000 1.00000 1.00000

0.04602 -0.00223 0.01586
-0.07912 0.23108 -0.50021 0.83074
1.00000 1.00000 1.00000

0.00000 0.00000 0.05261
0.04058 -0.01245 0.01588 0.99897
1.00000 1.00000 1.00000

0.00000 0.00000 0.03427
0.14913 -0.00250 0.02800 0.98842
1.00000 1.00000 1.00000

0.02957 0.02510 0.09603
-0.00492 -0.06259 -0.95556 0.28804
1.00000 1.00000 1.00000

0.00000 0.00000 0.03810
-0.15513 0.00254 -0.01004 0.98784
1.00000 1.00000 1.00000

-0.00000 -0.00000 0.03016
-0.14451 0.00432 0.00825 0.98946
1.00000 1.00000 1.00000

-0.00733 -0.00334 0.09627
0.01930 0.12368 -0.92535 0.35785
1.00000 1.00000 1.00000

0.00000 0.00000 0.03768
-0.06777 -0.04184 0.04238 0.99592
1.00000 1.00000 1.00000

-0.00000 -0.00000 0.02689
-0.17781 0.01259 0.01214 0.98391
1.00000 1.00000 1.00000

-0.00000 -0.00000 0.08297
-0.36735 0.36371 -0.00000 0.85602
1.00000 1.00000 1.00000

0.09216 -0.02718 0.03270
-0.95636 -0.00188 -0.14400 0.25422
1.00000 1.00000 1.00000

0.00000 -0.00000 0.41053
-0.49940 -0.15494 -0.00628 0.85238
1.00000 1.00000 1.00000

0.00000 0.00000 0.42180
-0.05773 0.72421 -0.68690 0.01886
1.00000 1.00000 1.00000

0.00000 -0.00000 0.16057
-0.16901 -0.00454 0.03362 0.98503
1.00000 1.00000 1.00000

KEYFRAME: 5
TIMESTAMP: 0.16667
0.00000 0.74887 -0.02564
-0.00000 0.70711 0.70711 0.00000
1.00000 1.00000 1.00000

-0.09216 -0.02718 0.03270
-0.94875 0.00285 0.15303 0.27648
1.00000 1.00000 1.00000

-0.00000 -0.00000 0.41053
-0.53831 0.16701 0.00608 0.82601
1.00000 1.00000 1.00000

-0.00000 0.00000 0.42180
-0.05996 -0.73980 0.67000 0.01423
1.00000 1.00000 1.00000

-0.00000 -0.00000 0.16057
-0.16901 0.00454 -0.03362 0.98503
1.00000 1.00000 1.00000

0.00000 -0.00000 0.17913
-0.10946 -0.00000 0.00000 0.99399
1.00000 1.00000 1.00000

0.00000 -0.00000 0.23445
0.01127 0.00000 0.00000 0.99994
1.00000 1.00000 1.00000

-0.00000 0.00000 0.22946
-0.02012 -0.82082 0.11518 0.55910
1.00000 1.00000 1.00000

0.00000 0.00000 0.20646
0.15597 -0.51888 0.21951 0.81133
1.00000 1.00000 1.00000

0.00000 0.00000 0.25925
-0.66141 0.18846 -0.00321 0.72595
1.00000 1.00000 1.00000

-0.00000 -0.00000 0.24513
-0.01128 -0.06778 -0.47567 0.87694
1.00000 1.00000 1.00000

-0.04602 -0.00223 0.01586
-0.07912 -0.23108 0.50021 0.83074
1.00000 1.00000 1.00000

-0.00000 -0.00000 0.05261
0.04058 0.01245 -0.01588 0.99897
1.00000 1.00000 1.00000

-0.00000 -0.00000 0.03427
0.14913 0.00250 -0.02800 0.98842
1.00000 1.00000 1.00000

-0.02957 0.02510 0.09603
-0.00492 0.06259 0.95556 0.28804
1.00000 1.00000 1.00000

-0.00000 0.00000 0.03810
-0.15513 -0.00254 0.01004 0.98784
1.00000 1.00000 1.00000

0.00000 0.00000 0.03016
-0.14451 -0.00432 -0.00825 0.98946
1.00000 1.00000 1.00000

0.00733 -0.00334 0.09627
0.01930 -0.12368 0.92535 0.35785
1.00000 1.00000 1.00000

-0.00000 0.00000 0.03768
-0.06777 0.04184 -0.04238 0.99592
1.00000 1.00000 1.00000

0.00000 -0.00000 0.02689
-0.17781 -0.01259 -0.01214 0.98391
1.00000 1.00000 1.00000

-0.00000 0.00000 0.08297
-0.36735 -0.36371 0.00000 0.85602
1.00000 1.00000 1.00000

-0.00000 0.00000 0.22946
-0.11681 -0.00000 -0.00000 0.99315
1.00000 1.00000 1.00000

0.00000 -0.00000 0.07395
-0.05030 -0.00000 -0.00000 0.99873
1.00000 1.00000 1.00000

0.00000 0.00000 0.22946
-0.02012 0.82082 -0.11518 0.55910
1.00000 1.00000 1.00000

0.00000 0.00000 0.20646
0.17771 0.51656 -0.22902 0.80569
1.00000 1.00000 1.00000

-0.00000 -0.00000 0.25925
-0.68302 -0.19462 0.00311 0.70399
1.00000 1.00000 1.00000

0.00000 -0.00000 0.24513
0.00573 0.09909 0.49017 0.86596
1.00000 1.00000 1.00000

0.04602 -0.00223 0.01586
-0.07912 0.23108 -0.50021 0.83074
1.00000 1.00000 1.00000

-0.00000 0.00000 0.05261
0.04058 -0.01245 0.01588 0.99897
1.00000 1.00000 1.00000

0.00000 -0.00000 0.03427
0.14913 -0.00250 0.02800 0.98842
1.00000 1.00000 1.00000

0.02957 0.02510 0.09603
-0.00492 -0.06259 -0.95556 0.28804
1.00000 1.00000 1.00000

-0.00000 0.00000 0.03810
-0.15513 0.00254 -0.01004 0.98784
1.00000 1.00000 1.00000

-0.00000 -0.00000 0.03016
-0.14451 0.00432 0.00825 0.98946
1.00000 1.00000 1.00000

-0.00733 -0.00334 0.09627
0.01930 0.12368 -0.92535 0.35785
1.00000 1.00000 1.00000

0.00000 -0.00000 0.03768
-0.06777 -0.04184 0.04238 0.99592
1.00000 1.00000 1.00000

-0.00000 -0.00000 0.02689
-0.17781 0.01259 0.01214 0.98391
1.00000 1.00000 1.00000

-0.00000 0.00000 0.08296
-0.36735 0.36371 -0.00000 0.85602
1.00000 1.00000 1.00000

0.09216 -0.02718 0.03270
-0.94875 -0.00285 -0.15304 0.27648
1.00000 1.00000 1.00000

0.00000 -0.00000 0.41053
-0.53831 -0.16701 -0.00608 0.82601
1.00000 1.00000 1.00000

0.00000 0.00000 0.42180
-0.05996 0.73980 -0.67000 0.01423
1.00000 1.00000 1.00000

0.00000 -0.00000 0.16057
-0.16901 -0.00454 0.03362 0.98503
1.00000 1.00000 1.00000

KEYFRAME: 6
TIMESTAMP: 0.20000
0.00000 0.76360 -0.02564
-0.00000 0.70711 0.70711 0.00000
1.00000 1.00000 1.00000

-0.09216 -0.02718 0.03270
-0.95383 0.00221 0.14707 0.26187
1.00000 1.00000 1.00000

0.00000 0.00000 0.41053
-0.51286 0.15911 0.00621 0.84357
1.00000 1.00000 1.00000

-0.00000 -0.00000 0.42180
-0.06176 -0.70354 0.70780 0.01569
1.00000 1.00000 1.00000

-0.00000 -0.00000 0.16057
-0.16901 0.00454 -0.03362 0.98503
1.00000 1.00000 1.00000

0.00000 -0.00000 0.17913
-0.10461 -0.00000 0.00000 0.99451
1.00000 1.00000 1.00000

0.00000 -0.00000 0.23445
0.01127 0.00000 0.00000 0.99994
1.00000 1.00000 1.00000

0.00000 0.00000 0.22946
-0.02012 -0.82082 0.11518 0.55910
1.00000 1.00000 1.00000

0.00000 0.00000 0.20646
0.17381 -0.51262 0.21654 0.81248
1.00000 1.00000 1.00000

0.00000 -0.00000 0.25925
-0.71189 0.20284 -0.00297 0.67236
1.00000 1.00000 1.00000

-0.00000 -0.00000 0.24513
0.02606 -0.06498 -0.48349 0.87255
1.00000 1.00000 1.00000

-0.04602 -0.00223 0.01586
-0.07912 -0.23108 0.50021 0.83074
1.00000 1.00000 1.00000

-0.00000 0.00000 0.05261
0.04058 0.01245 -0.01588 0.99897
1.00000 1.00000 1.00000

-0.00000 -0.00000 0.03427
0.14913 0.00250 -0.02800 0.98842
1.00000 1.00000 1.00000

-0.02957 0.02510 0.09603
-0.00492 0.06259 0.95556 0.28804
1.00000 1.00000 1.00000

0.00000 0.00000 0.03810
-0.15513 -0.00254 0.01004 0.98784
1.00000 1.00000 1.00000

0.00000 0.00000 0.03016
-0.14451 -0.00432 -0.00825 0.98946
1.00000 1.00000 1.00000

0.00733 -0.00334 0.09627
0.01930 -0.12368 0.92535 0.35785
1.00000 1.00000 1.00000

-0.00000 -0.00000 0.03768
-0.06777 0.04184 -0.04238 0.99592
1.00000 1.00000 1.00000

0.00000 -0.00000 0.02689
-0.17781 -0.01259 -0.01214 0.98391
1.00000 1.00000 1.00000

-0.00000 -0.00000 0.08296
-0.36735 -0.36371 0.00000 0.85602
1.00000 1.00000 1.00000

0.00000 0.00000 0.22946
-0.11681 -0.00000 -0.00000 0.99315
1.00000 1.00000 1.00000

0.00000 -0.00000 0.07396
-0.05030 -0.00000 -0.00000 0.99873
1.00000 1.00000 1.00000

0.00000 0.00000 0.22946
-0.02012 0.82082 -0.11518 0.55910
1.00000 1.00000 1.00000

0.00000 -0.00000 0.20646
0.20131 0.50948 -0.22701 0.80521
1.00000 1.00000 1.00000

0.00000 -0.00000 0.25925
-0.74023 -0.21092 0.00282 0.63841
1.00000 1.00000 1.00000

0.00000 -0.00000 0.24513
0.04682 0.09576 0.50098 0.85887
1.00000 1.00000 1.00000

0.04602 -0.00223 0.01586
-0.07912 0.23108 -0.50021 0.83074
1.00000 1.00000 1.00000

-0.00000 0.00000 0.05261
0.04058 -0.01245 0.01588 0.99897
1.00000 1.00000 1.00000

0.00000 0.00000 0.03427
0.14913 -0.00250 0.02800 0.98842
1.00000 1.00000 1.00000

0.02957 0.02510 0.09603
-0.00492 -0.06259 -0.95556 0.28804
1.00000 1.00000 1.00000

-0.00000 -0.00000 0.03810
-0.15513 0.00254 -0.01004 0.98784
1.00000 1.00000 1.00000

0.00000 -0.00000 0.03016
-0.14451 0.00432 0.00825 0.98946
1.00000 1.00000 1.00000

-0.00733 -0.00334 0.09627
0.01930 0.12368 -0.92535 0.35785
1.00000 1.00000 1.00000

0.00000 0.00000 0.03768
-0.06777 -0.04184 0.04238 0.99592
1.00000 1.00000 1.00000

-0.00000 -0.00000 0.02689
-0.17781 0.01259 0.01214 0.98391
1.00000 1.00000 1.00000

-0.00000 0.00000 0.08297
-0.36735 0.36371 -0.00000 0.85602
1.00000 1.00000 1.00000

0.09216 -0.02718 0.03270
-0.93009 -0.00787 -0.16406 0.32857
1.00000 1.00000 1.00000

0.00000 0.00000 0.41053
-0.59125 -0.18343 -0.00578 0.78533
1.00000 1.00000 1.00000

-0.00000 0.00000 0.42180
-0.06955 0.72340 -0.68680 0.01281
1.00000 1.00000 1.00000

0.00000 -0.00000 0.16057
-0.16901 -0.00454 0.03362 0.98503
1.00000 1.00000 1.00000

KEYFRAME: 7
TIMESTAMP: 0.23333
0.00000 0.79871 -0.02564
-0.00000 0.70711 0.70711 0.00000
1.00000 1.00000 1.00000

-0.09216 -0.02718 0.03270
-0.96579 0.00057 0.13194 0.22325
1.00000 1.00000 1.00000

0.00000 -0.00000 0.41053
-0.44386 0.13771 0.00652 0.88543
1.00000 1.00000 1.00000

0.00000 -0.00000 0.42180
-0.06358 -0.60336 0.79472 0.01805
1.00000 1.00000 1.00000

-0.00000 -0.00000 0.16057
-0.16901 0.00454 -0.03362 0.98503
1.00000 1.00000 1.00000

0.00000 -0.00000 0.17913
-0.09142 -0.00000 0.00000 0.99581
1.00000 1.00000 1.00000

0.00000 -0.00000 0.23445
0.01127 0.00000 0.00000 0.99994
1.00000 1.00000 1.00000

-0.00000 0.00000 0.22946
-0.02012 -0.82082 0.11518 0.55910
1.00000 1.00000 1.00000

0.00000 -0.00000 0.20646
0.18046 -0.50807 0.20849 0.81598
1.00000 1.00000 1.00000

-0.00000 0.00000 0.25925
-0.74784 0.21309 -0.00278 0.62874
1.00000 1.00000 1.00000

-0.00000 -0.00000 0.24513
0.05812 -0.06268 -0.49060 0.86718
1.00000 1.00000 1.00000

-0.04602 -0.00223 0.01586
-0.07912 -0.23108 0.50021 0.83074
1.00000 1.00000 1.00000

-0.00000 -0.00000 0.05261
0.04058 0.01245 -0.01588 0.99897
1.00000 1.00000 1.00000

-0.00000 0.00000 0.03427
0.14913 0.00250 -0.02800 0.98842
1.00000 1.00000 1.00000

-0.02957 0.02510 0.09603
-0.00492 0.06259 0.95556 0.28804
1.00000 1.00000 1.00000

-0.00000 0.00000 0.03810
-0.15513 -0.00254 0.01004 0.98784
1.00000 1.00000 1.00000

0.00000 0.00000 0.03016
-0.14451 -0.00432 -0.00825 0.98946
1.00000 1.00000 1.00000

0.00733 -0.00334 0.09627
0.01930 -0.12368 0.92535 0.35785
1.00000 1.00000 1.00000

-0.00000 -0.00000 0.03768
-0.06777 0.04184 -0.04238 0.99592
1.00000 1.00000 1.00000

0.00000 -0.00000 0.02689
-0.17781 -0.01259 -0.01214 0.98391
1.00000 1.00000 1.00000

0.00000 -0.00000 0.08297
-0.36735 -0.36371 0.00000 0.85602
1.00000 1.00000 1.00000

-0.00000 0.00000 0.22946
-0.11681 -0.00000 -0.00000 0.99315
1.00000 1.00000 1.00000

0.00000 -0.00000 0.07395
-0.05030 -0.00000 -0.00000 0.99873
1.00000 1.00000 1.00000

0.00000 0.00000 0.22946
-0.02012 0.82082 -0.11518 0.55910
1.00000 1.00000 1.00000

-0.00000 -0.00000 0.20646
0.21335 0.50354 -0.21813 0.80830
1.00000 1.00000 1.00000

0.00000 0.00000 0.25925
-0.78212 -0.22286 0.00257 0.58191
1.00000 1.00000 1.00000

0.00000 -0.00000 0.24513
0.08201 0.09387 0.51217 0.84979
1.00000 1.00000 1.00000

0.04602 -0.00223 0.01586
-0.07912 0.23108 -0.50021 0.83074
1.00000 1.00000 1.00000

0.00000 -0.00000 0.05261
0.04058 -0.01245 0.01588 0.99897
1.00000 1.00000 1.00000

-0.00000 0.00000 0.03427
0.14913 -0.00250 0.02800 0.98842
1.00000 1.00000 1.00000

0.02957 0.02510 0.09603
-0.00492 -0.06259 -0.95556 0.28804
1.00000 1.00000 1.00000

-0.00000 -0.00000 0.03810
-0.15513 0.00254 -0.01004 0.98784
1.00000 1.00000 1.00000

0.00000 -0.00000 0.03016
-0.14451 0.00432 0.00825 0.98946
1.00000 1.00000 1.00000

-0.00733 -0.00334 0.09627
0.01930 0.12368 -0.92535 0.35785
1.00000 1.00000 1.00000

0.00000 -0.00000 0.03768
-0.06777 -0.04184 0.04238 0.99592
1.00000 1.00000 1.00000

-0.00000 -0.00000 0.02689
-0.17781 0.01259 0.01214 0.98391
1.00000 1.00000 1.00000

0.00000 0.00000 0.08296
-0.36735 0.36371 -0.00000 0.85602
1.00000 1.00000 1.00000

0.09216 -0.02718 0.03270
-0.87628 -0.02026 -0.18487 0.44446
1.00000 1.00000 1.00000

0.00000 -0.00000 0.41053
-0.68626 -0.21291 -0.00512 0.69548
1.00000 1.00000 1.00000

0.00000 0.00000 0.42180
-0.08756 0.66436 -0.74205 0.01794
1.00000 1.00000 1.00000

0.00000 -0.00000 0.16057
-0.16901 -0.00454 0.03362 0.98503
1.00000 1.00000 1.00000

KEYFRAME: 8
TIMESTAMP: 0.26667
0.00000 0.84062 -0.02564
-0.00000 0.70711 0.70711 0.00000
1.00000 1.00000 1.00000

-0.09216 -0.02718 0.03270
-0.97989 -0.00182 0.11085 0.16590
1.00000 1.00000 1.00000

-0.00000 -0.00000 0.41053
-0.33750 0.10471 0.00689 0.93546
1.00000 1.00000 1.00000

0.00000 -0.00000 0.42180
-0.05957 -0.45378 0.88893 0.01821
1.00000 1.00000 1.00000

-0.00000 -0.00000 0.16057
-0.16901 0.00454 -0.03362 0.98503
1.00000 1.00000 1.00000

0.00000 -0.00000 0.17913
-0.07191 -0.00000 0.00000 0.99741
1.00000 1.00000 1.00000

0.00000 -0.00000 0.23445
0.01127 0.00000 0.00000 0.99994
1.00000 1.00000 1.00000

0.00000 0.00000 0.22946
-0.02012 -0.82082 0.11518 0.55910
1.00000 1.00000 1.00000

-0.00000 0.00000 0.20646
0.17552 -0.50505 0.19707 0.82175
1.00000 1.00000 1.00000

0.00000 0.00000 0.25925
-0.77211 0.22000 -0.00264 0.59619
1.00000 1.00000 1.00000

-0.00000 -0.00000 0.24513
0.08469 -0.05951 -0.49702 0.86155
1.00000 1.00000 1.00000

-0.04602 -0.00223 0.01586
-0.07912 -0.23108 0.50021 0.83074
1.00000 1.00000 1.00000

0.00000 -0.00000 0.05261
0.04058 0.01245 -0.01588 0.99897
1.00000 1.00000 1.00000

0.00000 -0.00000 0.03427
0.14913 0.00250 -0.02800 0.98842
1.00000 1.00000 1.00000

-0.02957 0.02510 0.09603
-0.00492 0.06259 0.95556 0.28804
1.00000 1.00000 1.00000

-0.00000 -0.00000 0.03810
-0.15513 -0.00254 0.01004 0.98784
1.00000 1.00000 1.00000

0.00000 0.00000 0.03016
-0.14451 -0.00432 -0.00825 0.98946
1.00000 1.00000 1.00000

0.00733 -0.00334 0.09627
0.01930 -0.12368 0.92535 0.35785
1.00000 1.00000 1.00000

-0.00000 0.00000 0.03768
-0.06777 0.04184 -0.04238 0.99592
1.00000 1.00000 1.00000

0.00000 -0.00000 0.02689
-0.17781 -0.01259 -0.01214 0.98391
1.00000 1.00000 1.00000

0.00000 -0.00000 0.08297
-0.36735 -0.36371 0.00000 0.85602
1.00000 1.00000 1.00000

0.00000 0.00000 0.22946
-0.11681 -0.00000 -0.00000 0.99315
1.00000 1.00000 1.00000

0.00000 -0.00000 0.07395
-0.05030 -0.00000 -0.00000 0.99873
1.00000 1.00000 1.00000

0.00000 0.00000 0.22946
-0.02012 0.82082 -0.11518 0.55910
1.00000 1.00000 1.00000

0.00000 0.00000 0.20646
0.21226 0.49869 -0.20381 0.81530
1.00000 1.00000 1.00000

0.00000 0.00000 0.25925
-0.81204 -0.23138 0.00237 0.53577
1.00000 1.00000 1.00000

0.00000 -0.00000 0.24513
0.11245 0.09111 0.52390 0.83939
1.00000 1.00000 1.00000

0.04602 -0.00223 0.01586
-0.07912 0.23108 -0.50021 0.83074
1.00000 1.00000 1.00000

-0.00000 0.00000 0.05261
0.04058 -0.01245 0.01588 0.99897
1.00000 1.00000 1.00000

0.00000 0.00000 0.03427
0.14913 -0.00250 0.02800 0.98842
1.00000 1.00000 1.00000

0.02957 0.02510 0.09603
-0.00492 -0.06259 -0.95556 0.28804
1.00000 1.00000 1.00000

0.00000 -0.00000 0.03810
-0.15513 0.00254 -0.01004 0.98784
1.00000 1.00000 1.00000

0.00000 0.00000 0.03016
-0.14451 0.00432 0.00825 0.98946
1.00000 1.00000 1.00000

-0.00733 -0.00334 0.09627
0.01930 0.12368 -0.92535 0.35785
1.00000 1.00000 1.00000

0.00000 -0.00000 0.03768
-0.06777 -0.04184 0.04238 0.99592
1.00000 1.00000 1.00000

-0.00000 -0.00000 0.02689
-0.17781 0.01259 0.01214 0.98391
1.00000 1.00000 1.00000

-0.00000 0.00000 0.08297
-0.36735 0.36371 -0.00000 0.85602
1.00000 1.00000 1.00000

0.09216 -0.02718 0.03270
-0.79242 -0.04141 -0.20084 0.57448
1.00000 1.00000 1.00000

0.00000 0.00000 0.41053
-0.75950 -0.23563 -0.00446 0.60632
1.00000 1.00000 1.00000

0.00000 0.00000 0.42180
-0.09405 0.55456 -0.82581 0.04064
1.00000 1.00000 1.00000

0.00000 -0.00000 0.16057
-0.16901 -0.00454 0.03362 0.98503
1.00000 1.00000 1.00000

KEYFRAME: 9
TIMESTAMP: 0.30000
0.00000 0.87574 -0.02564
-0.00000 0.70711 0.70711 0.00000
1.00000 1.00000 1.00000

-0.09216 -0.02718 0.03270
-0.99166 -0.00490 0.08653 0.09541
1.00000 1.00000 1.00000

-0.00000 0.00000 0.41053
-0.20205 0.06269 0.00720 0.97734
1.00000 1.00000 1.00000

-0.00000 -0.00000 0.42180
-0.04683 -0.28479 0.95733 0.01468
1.00000 1.00000 1.00000

-0.00000 -0.00000 0.16057
-0.16901 0.00454 -0.03362 0.98503
1.00000 1.00000 1.00000

0.00000 -0.00000 0.17913
-0.04813 -0.00000 0.00000 0.99884
1.00000 1.00000 1.00000

0.00000 -0.00000 0.23445
0.01127 0.00000 0.00000 0.99994
1.00000 1.00000 1.00000

-0.00000 0.00000 0.22946
-0.02012 -0.82082 0.11518 0.55910
1.00000 1.00000 1.00000

0.00000 -0.00000 0.20646
0.15984 -0.50237 0.18510 0.82935
1.00000 1.00000 1.00000

0.00000 0.00000 0.25925
-0.78685 0.22420 -0.00254 0.57497
1.00000 1.00000 1.00000

-0.00000 -0.00000 0.24513
0.10392 -0.05386 -0.50348 0.85604
1.00000 1.00000 1.00000

-0.04602 -0.00223 0.01586
-0.07912 -0.23108 0.50021 0.83074
1.00000 1.00000 1.00000

-0.00000 -0.00000 0.05261
0.04058 0.01245 -0.01588 0.99897
1.00000 1.00000 1.00000

-0.00000 -0.00000 0.03427
0.14913 0.00250 -0.02800 0.98842
1.00000 1.00000 1.00000

-0.02957 0.02510 0.09603
-0.00492 0.06259 0.95556 0.28804
1.00000 1.00000 1.00000

-0.00000 0.00000 0.03810
-0.15513 -0.00254 0.01004 0.98784
1.00000 1.00000 1.00000

0.00000 0.00000 0.03016
-0.14451 -0.00432 -0.00825 0.98946
1.00000 1.00000 1.00000

0.00733 -0.00334 0.09627
0.01930 -0.12368 0.92535 0.35785
1.00000 1.00000 1.00000

-0.00000 -0.00000 0.03768
-0.06777 0.04184 -0.04238 0.99592
1.00000 1.00000 1.00000

0.00000 -0.00000 0.02689
-0.17781 -0.01259 -0.01214 0.98391
1.00000 1.00000 1.00000

-0.00000 0.00000 0.08297
-0.36735 -0.36371 0.00000 0.85602
1.00000 1.00000 1.00000

-0.00000 0.00000 0.22946
-0.11681 -0.00000 -0.00000 0.99315
1.00000 1.00000 1.00000

0.00000 -0.00000 0.07396
-0.05030 -0.00000 -0.00000 0.99873
1.00000 1.00000 1.00000

0.00000 0.00000 0.22946
-0.02012 0.82082 -0.11518 0.55910
1.00000 1.00000 1.00000

0.00000 -0.00000 0.20646
0.19709 0.49352 -0.18700 0.82621
1.00000 1.00000 1.00000

0.00000 -0.00000 0.25925
-0.83206 -0.23709 0.00222 0.50145
1.00000 1.00000 1.00000

0.00000 -0.00000 0.24513
0.13673 0.08456 0.53667 0.82834
1.00000 1.00000 1.00000

0.04602 -0.00223 0.01586
-0.07912 0.23108 -0.50021 0.83074
1.00000 1.00000 1.00000

-0.00000 -0.00000 0.05261
0.04058 -0.01245 0.01588 0.99897
1.00000 1.00000 1.00000

0.00000 -0.00000 0.03427
0.14913 -0.00250 0.02800 0.98842
1.00000 1.00000 1.00000

0.02957 0.02510 0.09603
-0.00492 -0.06259 -0.95556 0.28804
1.00000 1.00000 1.00000

-0.00000 -0.00000 0.03810
-0.15513 0.00254 -0.01004 0.98784
1.00000 1.00000 1.00000

0.00000 0.00000 0.03016
-0.14451 0.00432 0.00825 0.98946
1.00000 1.00000 1.00000

-0.00733 -0.00334 0.09627
0.01930 0.12368 -0.92535 0.35785
1.00000 1.00000 1.00000

-0.00000 0.00000 0.03768
-0.06777 -0.04184 0.04238 0.99592
1.00000 1.00000 1.00000

-0.00000 -0.00000 0.02689
-0.17781 0.01259 0.01214 0.98391
1.00000 1.00000 1.00000

0.00000 -0.00000 0.08297
-0.36735 0.36371 -0.00000 0.85602
1.00000 1.00000 1.00000

0.09216 -0.02718 0.03270
-0.70355 -0.08018 -0.20558 0.67552
1.00000 1.00000 1.00000

0.00000 -0.00000 0.41053
-0.79555 -0.24682 -0.00407 0.55332
1.00000 1.00000 1.00000

0.00000 -0.00000 0.42180
-0.07157 0.42615 -0.89819 0.08079
1.00000 1.00000 1.00000

0.00000 -0.00000 0.16057
-0.16901 -0.00454 0.03362 0.98503
1.00000 1.00000 1.00000

KEYFRAME: 10
TIMESTAMP: 0.33333
0.00000 0.89046 -0.02564
-0.00000 0.70711 0.70711 0.00000
1.00000 1.00000 1.00000

-0.09216 -0.02718 0.03270
-0.99675 -0.00748 0.06874 0.04124
1.00000 1.00000 1.00000

-0.00000 -0.00000 0.41053
-0.09580 0.02972 0.00733 0.99493
1.00000 1.00000 1.00000

0.00000 0.00000 0.42180
-0.03346 -0.15906 0.98666 0.00904
1.00000 1.00000 1.00000

-0.00000 -0.00000 0.16057
-0.16901 0.00454 -0.03362 0.98503
1.00000 1.00000 1.00000

0.00000 -0.00000 0.17913
-0.02219 -0.00000 0.00000 0.99975
1.00000 1.00000 1.00000

0.00000 -0.00000 0.23445
0.01127 0.00000 0.00000 0.99994
1.00000 1.00000 1.00000

-0.00000 0.00000 0.22946
-0.02012 -0.82082 0.11518 0.55910
1.00000 1.00000 1.00000

-0.00000 0.00000 0.20646
0.13559 -0.49797 0.17590 0.83828
1.00000 1.00000 1.00000

0.00000 -0.00000 0.25925
-0.79382 0.22619 -0.00250 0.56453
1.00000 1.00000 1.00000

-0.00000 -0.00000 0.24513
0.11307 -0.04421 -0.51140 0.85072
1.00000 1.00000 1.00000

-0.04602 -0.00223 0.01586
-0.07912 -0.23108 0.50021 0.83074
1.00000 1.00000 1.00000

-0.00000 -0.00000 0.05261
0.04058 0.01245 -0.01588 0.99897
1.00000 1.00000 1.00000

0.00000 -0.00000 0.03427
0.14913 0.00250 -0.02800 0.98842
1.00000 1.00000 1.00000

-0.02957 0.02510 0.09603
-0.00492 0.06259 0.95556 0.28804
1.00000 1.00000 1.00000

0.00000 -0.00000 0.03810
-0.15513 -0.00254 0.01004 0.98784
1.00000 1.00000 1.00000

0.00000 -0.00000 0.03016
-0.14451 -0.00432 -0.00825 0.98946
1.00000 1.00000 1.00000

0.00733 -0.00334 0.09627
0.01930 -0.12368 0.92535 0.35785
1.00000 1.00000 1.00000

-0.00000 -0.00000 0.03768
-0.06777 0.04184 -0.04238 0.99592
1.00000 1.00000 1.00000

0.00000 -0.00000 0.02689
-0.17781 -0.01259 -0.01214 0.98391
1.00000 1.00000 1.00000

0.00000 -0.00000 0.08297
-0.36735 -0.36371 0.00000 0.85602
1.00000 1.00000 1.00000

-0.00000 0.00000 0.22946
-0.11681 -0.00000 -0.00000 0.99315
1.00000 1.00000 1.00000

0.00000 -0.00000 0.07395
-0.05030 -0.00000 -0.00000 0.99873
1.00000 1.00000 1.00000

0.00000 0.00000 0.22946
-0.02012 0.82082 -0.11518 0.55910
1.00000 1.00000 1.00000

-0.00000 0.00000 0.20646
0.16928 0.48526 -0.17200 0.84040
1.00000 1.00000 1.00000

-0.00000 0.00000 0.25925
-0.84404 -0.24050 0.00212 0.47933
1.00000 1.00000 1.00000

0.00000 -0.00000 0.24513
0.15147 0.07130 0.55139 0.81728
1.00000 1.00000 1.00000

0.04602 -0.00223 0.01586
-0.07912 0.23108 -0.50021 0.83074
1.00000 1.00000 1.00000

0.00000 0.00000 0.05261
0.04058 -0.01245 0.01588 0.99897
1.00000 1.00000 1.00000

0.00000 -0.00000 0.03427
0.14913 -0.00250 0.02800 0.98842
1.00000 1.00000 1.00000

0.02957 0.02510 0.09603
-0.00492 -0.06259 -0.95556 0.28804
1.00000 1.00000 1.00000

0.00000 -0.00000 0.03810
-0.15513 0.00254 -0.01004 0.98784
1.00000 1.00000 1.00000

-0.00000 0.00000 0.03016
-0.14451 0.00432 0.00825 0.98946
1.00000 1.00000 1.00000

-0.00733 -0.00334 0.09627
0.01930 0.12368 -0.92535 0.35785
1.00000 1.00000 1.00000

-0.00000 0.00000 0.03768
-0.06777 -0.04184 0.04238 0.99592
1.00000 1.00000 1.00000

0.00000 -0.00000 0.02689
-0.17781 0.01259 0.01214 0.98391
1.00000 1.00000 1.00000

0.00000 -0.00000 0.08297
-0.36735 0.36371 -0.00000 0.85602
1.00000 1.00000 1.00000

0.09216 -0.02718 0.03270
-0.66078 -0.11371 -0.20445 0.71318
1.00000 1.00000 1.00000

-0.00000 0.00000 0.41053
-0.80469 -0.24965 -0.00397 0.53864
1.00000 1.00000 1.00000

-0.00000 0.00000 0.42180
-0.04479 0.36358 -0.92402 0.10949
1.00000 1.00000 1.00000

0.00000 -0.00000 0.16057
-0.16901 -0.00454 0.03362 0.98503
1.00000 1.00000 1.00000

KEYFRAME: 11
TIMESTAMP: 0.36667
0.00000 0.89046 -0.02564
-0.00000 0.70711 0.70711 0.00000
1.00000 1.00000 1.00000

-0.09216 -0.02718 0.03270
-0.98499 -0.00077 0.09848 0.14178
1.00000 1.00000 1.00000

0.00000 0.00000 0.41053
-0.27306 0.08471 0.00706 0.95824
1.00000 1.00000 1.00000

-0.00000 0.00000 0.42180
-0.05946 -0.19709 0.97857 0.00535
1.00000 1.00000 1.00000

-0.00000 -0.00000 0.16057
-0.16901 0.00454 -0.03362 0.98503
1.00000 1.00000 1.00000

0.00000 -0.00000 0.17913
0.00377 -0.00000 0.00000 0.99999
1.00000 1.00000 1.00000

0.00000 -0.00000 0.23445
0.01127 0.00000 0.00000 0.99994
1.00000 1.00000 1.00000

-0.00000 0.00000 0.22946
-0.02012 -0.82082 0.11518 0.55910
1.00000 1.00000 1.00000

0.00000 0.00000 0.20646
0.10679 -0.49182 0.16991 0.84725
1.00000 1.00000 1.00000

-0.00000 -0.00000 0.25925
-0.79472 0.22644 -0.00249 0.56315
1.00000 1.00000 1.00000

-0.00000 0.00000 0.24513
0.11072 -0.03212 -0.52047 0.84606
1.00000 1.00000 1.00000

-0.04602 -0.00223 0.01586
-0.07912 -0.23108 0.50021 0.83074
1.00000 1.00000 1.00000

0.00000 -0.00000 0.05261
0.04058 0.01245 -0.01588 0.99897
1.00000 1.00000 1.00000

0.00000 0.00000 0.03427
0.14913 0.00250 -0.02800 0.98842
1.00000 1.00000 1.00000

-0.02957 0.02510 0.09603
-0.00492 0.06259 0.95556 0.28804
1.00000 1.00000 1.00000

-0.00000 -0.00000 0.03810
-0.15513 -0.00254 0.01004 0.98784
1.00000 1.00000 1.00000

-0.00000 0.00000 0.03016
-0.14451 -0.00432 -0.00825 0.98946
1.00000 1.00000 1.00000

0.00733 -0.00334 0.09627
0.01930 -0.12368 0.92535 0.35785
1.00000 1.00000 1.00000

-0.00000 0.00000 0.03768
-0.06777 0.04184 -0.04238 0.99592
1.00000 1.00000 1.00000

-0.00000 -0.00000 0.02689
-0.17781 -0.01259 -0.01214 0.98391
1.00000 1.00000 1.00000

0.00000 0.00000 0.08297
-0.36735 -0.36371 0.00000 0.85602
1.00000 1.00000 1.00000

-0.00000 0.00000 0.22946
-0.11681 -0.00000 -0.00000 0.99315
1.00000 1.00000 1.00000

-0.00000 -0.00000 0.07395
-0.05030 -0.00000 -0.00000 0.99873
1.00000 1.00000 1.00000

0.00000 0.00000 0.22946
-0.02012 0.82082 -0.11518 0.55910
1.00000 1.00000 1.00000

0.00000 -0.00000 0.20646
0.13349 0.47340 -0.16025 0.85580
1.00000 1.00000 1.00000

0.00000 0.00000 0.25925
-0.84970 -0.24211 0.00207 0.46840
1.00000 1.00000 1.00000

0.00000 -0.00000 0.24513
0.15402 0.05262 0.56711 0.80740
1.00000 1.00000 1.00000

0.04602 -0.00223 0.01586
-0.07912 0.23108 -0.50021 0.83074
1.00000 1.00000 1.00000

-0.00000 -0.00000 0.05261
0.04058 -0.01245 0.01588 0.99897
1.00000 1.00000 1.00000

0.00000 -0.00000 0.03427
0.14913 -0.00250 0.02800 0.98842
1.00000 1.00000 1.00000

0.02957 0.02510 0.09603
-0.00492 -0.06259 -0.95556 0.28804
1.00000 1.00000 1.00000

0.00000 -0.00000 0.03810
-0.15513 0.00254 -0.01004 0.98784
1.00000 1.00000 1.00000

-0.00000 -0.00000 0.03016
-0.14451 0.00432 0.00825 0.98946
1.00000 1.00000 1.00000

-0.00733 -0.00334 0.09627
0.01930 0.12368 -0.92535 0.35785
1.00000 1.00000 1.00000

0.00000 -0.00000 0.03768
-0.06777 -0.04184 0.04238 0.99592
1.00000 1.00000 1.00000

-0.00000 -0.00000 0.02689
-0.17781 0.01259 0.01214 0.98391
1.00000 1.00000 1.00000

-0.00000 -0.00000 0.08297
-0.36735 0.36371 -0.00000 0.85602
1.00000 1.00000 1.00000

0.09216 -0.02718 0.03270
-0.69794 -0.08780 -0.20358 0.68097
1.00000 1.00000 1.00000

0.00000 -0.00000 0.41053
-0.79400 -0.24634 -0.00409 0.55575
1.00000 1.00000 1.00000

0.00000 0.00000 0.42180
-0.06623 0.40449 -0.90788 0.08802
1.00000 1.00000 1.00000

0.00000 -0.00000 0.16057
-0.16901 -0.00454 0.03362 0.98503
1.00000 1.00000 1.00000

KEYFRAME: 12
TIMESTAMP: 0.40000
0.00000 0.89046 -0.02564
-0.00000 0.70711 0.70711 0.00000
1.00000 1.00000 1.00000

-0.09216 -0.02718 0.03270
-0.95308 0.00930 0.13383 0.27136
1.00000 1.00000 1.00000

-0.00000 0.00000 0.41053
-0.46677 0.14481 0.00642 0.87242
1.00000 1.00000 1.00000

0.00000 0.00000 0.42180
-0.08571 -0.24666 0.96528 0.00739
1.00000 1.00000 1.00000

-0.00000 -0.00000 0.16057
-0.16901 0.00454 -0.03362 0.98503
1.00000 1.00000 1.00000

0.00000 -0.00000 0.17913
0.02759 -0.00000 0.00000 0.99962
1.00000 1.00000 1.00000

0.00000 -0.00000 0.23445
0.01127 0.00000 0.00000 0.99994
1.00000 1.00000 1.00000

-0.00000 0.00000 0.22946
-0.02012 -0.82082 0.11518 0.55910
1.00000 1.00000 1.00000

0.00000 -0.00000 0.20646
0.07802 -0.48601 0.16545 0.85459
1.00000 1.00000 1.00000

0.00000 -0.00000 0.25925
-0.79144 0.22551 -0.00251 0.56812
1.00000 1.00000 1.00000

-0.00000 -0.00000 0.24513
0.09749 -0.02122 -0.52888 0.84281
1.00000 1.00000 1.00000

-0.04602 -0.00223 0.01586
-0.07912 -0.23108 0.50021 0.83074
1.00000 1.00000 1.00000

0.00000 -0.00000 0.05261
0.04058 0.01245 -0.01588 0.99897
1.00000 1.00000 1.00000

0.00000 -0.00000 0.03427
0.14913 0.00250 -0.02800 0.98842
1.00000 1.00000 1.00000

-0.02957 0.02510 0.09603
-0.00492 0.06259 0.95556 0.28804
1.00000 1.00000 1.00000

-0.00000 -0.00000 0.03810
-0.15513 -0.00254 0.01004 0.98784
1.00000 1.00000 1.00000

-0.00000 0.00000 0.03016
-0.14451 -0.00432 -0.00825 0.98946
1.00000 1.00000 1.00000

0.00733 -0.00334 0.09627
0.01930 -0.12368 0.92535 0.35785
1.00000 1.00000 1.00000

-0.00000 0.00000 0.03768
-0.06777 0.04184 -0.04238 0.99592
1.00000 1.00000 1.00000

-0.00000 -0.00000 0.02689
-0.17781 -0.01259 -0.01214 0.98391
1.00000 1.00000 1.00000

0.00000 -0.00000 0.08297
-0.36735 -0.36371 0.00000 0.85602
1.00000 1.00000 1.00000

-0.00000 0.00000 0.22946
-0.11681 -0.00000 -0.00000 0.99315
1.00000 1.00000 1.00000

0.00000 -0.00000 0.07395
-0.05030 -0.00000 -0.00000 0.99873
1.00000 1.00000 1.00000

0.00000 0.00000 0.22946
-0.02012 0.82082 -0.11518 0.55910
1.00000 1.00000 1.00000

0.00000 -0.00000 0.20646
0.09584 0.46058 -0.15059 0.86949
1.00000 1.00000 1.00000

0.00000 0.00000 0.25925
-0.85087 -0.24244 0.00206 0.46608
1.00000 1.00000 1.00000

0.00000 -0.00000 0.24513
0.14414 0.03331 0.58139 0.80007
1.00000 1.00000 1.00000

0.04602 -0.00223 0.01586
-0.07912 0.23108 -0.50021 0.83074
1.00000 1.00000 1.00000

0.00000 0.00000 0.05261
0.04058 -0.01245 0.01588 0.99897
1.00000 1.00000 1.00000

0.00000 -0.00000 0.03427
0.14913 -0.00250 0.02800 0.98842
1.00000 1.00000 1.00000

0.02957 0.02510 0.09603
-0.00492 -0.06259 -0.95556 0.28804
1.00000 1.00000 1.00000

-0.00000 -0.00000 0.03810
-0.15513 0.00254 -0.01004 0.98784
1.00000 1.00000 1.00000

-0.00000 0.00000 0.03016
-0.14451 0.00432 0.00825 0.98946
1.00000 1.00000 1.00000

-0.00733 -0.00334 0.09627
0.01930 0.12368 -0.92535 0.35785
1.00000 1.00000 1.00000

-0.00000 0.00000 0.03768
-0.06777 -0.04184 0.04238 0.99592
1.00000 1.00000 1.00000

0.00000 -0.00000 0.02689
-0.17781 0.01259 0.01214 0.98391
1.00000 1.00000 1.00000

0.00000 0.00000 0.08297
-0.36735 0.36371 -0.00000 0.85602
1.00000 1.00000 1.00000

0.09216 -0.02718 0.03270
-0.77843 -0.05229 -0.19634 0.59393
1.00000 1.00000 1.00000

-0.00000 -0.00000 0.41053
-0.75614 -0.23459 -0.00450 0.61090
1.00000 1.00000 1.00000

-0.00000 -0.00000 0.42180
-0.09067 0.49080 -0.86482 0.05468
1.00000 1.00000 1.00000

0.00000 -0.00000 0.16057
-0.16901 -0.00454 0.03362 0.98503
1.00000 1.00000 1.00000

KEYFRAME: 13
TIMESTAMP: 0.43333
0.00000 0.89046 -0.02564
-0.00000 0.70711 0.70711 0.00000
1.00000 1.00000 1.00000

-0.09216 -0.02718 0.03270
-0.90731 0.02034 0.16203 0.38746
1.00000 1.00000 1.00000

-0.00000 0.00000 0.41053
-0.60483 0.18765 0.00570 0.77391
1.00000 1.00000 1.00000

0.00000 -0.00000 0.42180
-0.10053 -0.27411 0.95633 0.01387
1.00000 1.00000 1.00000

-0.00000 -0.00000 0.16057
-0.16901 0.00454 -0.03362 0.98503
1.00000 1.00000 1.00000

0.00000 -0.00000 0.17913
0.04715 -0.00000 0.00000 0.99889
1.00000 1.00000 1.00000

0.00000 -0.00000 0.23445
0.01127 0.00000 0.00000 0.99994
1.00000 1.00000 1.00000

-0.00000 0.00000 0.22946
-0.02012 -0.82082 0.11518 0.55910
1.00000 1.00000 1.00000

-0.00000 0.00000 0.20646
0.05250 -0.48135 0.16237 0.85976
1.00000 1.00000 1.00000

-0.00000 0.00000 0.25925
-0.78608 0.22398 -0.00255 0.57612
1.00000 1.00000 1.00000

-0.00000 -0.00000 0.24513
0.07479 -0.01286 -0.53615 0.84071
1.00000 1.00000 1.00000

-0.04602 -0.00223 0.01586
-0.07912 -0.23108 0.50021 0.83074
1.00000 1.00000 1.00000

0.00000 0.00000 0.05261
0.04058 0.01245 -0.01588 0.99897
1.00000 1.00000 1.00000

-0.00000 0.00000 0.03427
0.14913 0.00250 -0.02800 0.98842
1.00000 1.00000 1.00000

-0.02957 0.02510 0.09603
-0.00492 0.06259 0.95556 0.28804
1.00000 1.00000 1.00000

0.00000 0.00000 0.03810
-0.15513 -0.00254 0.01004 0.98784
1.00000 1.00000 1.00000

-0.00000 0.00000 0.03016
-0.14451 -0.00432 -0.00825 0.98946
1.00000 1.00000 1.00000

0.00733 -0.00334 0.09627
0.01930 -0.12368 0.92535 0.35785
1.00000 1.00000 1.00000

-0.00000 0.00000 0.03768
-0.06777 0.04184 -0.04238 0.99592
1.00000 1.00000 1.00000

-0.00000 -0.00000 0.02689
-0.17781 -0.01259 -0.01214 0.98391
1.00000 1.00000 1.00000

0.00000 0.00000 0.08297
-0.36735 -0.36371 0.00000 0.85602
1.00000 1.00000 1.00000

-0.00000 0.00000 0.22946
-0.11681 -0.00000 -0.00000 0.99315
1.00000 1.00000 1.00000

0.00000 -0.00000 0.07395
-0.05030 -0.00000 -0.00000 0.99873
1.00000 1.00000 1.00000

0.00000 0.00000 0.22946
-0.02012 0.82082 -0.11518 0.55910
1.00000 1.00000 1.00000

-0.00000 0.00000 0.20646
0.06133 0.44840 -0.14332 0.88013
1.00000 1.00000 1.00000

0.00000 0.00000 0.25925
-0.84960 -0.24208 0.00207 0.46859
1.00000 1.00000 1.00000

0.00000 -0.00000 0.24513
0.12294 0.01587 0.59335 0.79534
1.00000 1.00000 1.00000

0.04602 -0.00223 0.01586
-0.07912 0.23108 -0.50021 0.83074
1.00000 1.00000 1.00000

0.00000 0.00000 0.05261
0.04058 -0.01245 0.01588 0.99897
1.00000 1.00000 1.00000

0.00000 -0.00000 0.03427
0.14913 -0.00250 0.02800 0.98842
1.00000 1.00000 1.00000

0.02957 0.02510 0.09603
-0.00492 -0.06259 -0.95556 0.28804
1.00000 1.00000 1.00000

0.00000 -0.00000 0.03810
-0.15513 0.00254 -0.01004 0.98784
1.00000 1.00000 1.00000

0.00000 -0.00000 0.03016
-0.14451 0.00432 0.00825 0.98946
1.00000 1.00000 1.00000

-0.00733 -0.00334 0.09627
0.01930 0.12368 -0.92535 0.35785
1.00000 1.00000 1.00000

0.00000 -0.00000 0.03768
-0.06777 -0.04184 0.04238 0.99592
1.00000 1.00000 1.00000

-0.00000 -0.00000 0.02689
-0.17781 0.01259 0.01214 0.98391
1.00000 1.00000 1.00000

-0.00000 -0.00000 0.08297
-0.36735 0.36371 -0.00000 0.85602
1.00000 1.00000 1.00000

0.09216 -0.02718 0.03270
-0.86090 -0.03029 -0.17885 0.47534
1.00000 1.00000 1.00000

-0.00000 -0.00000 0.41053
-0.68044 -0.21110 -0.00517 0.70172
1.00000 1.00000 1.00000

-0.00000 0.00000 0.42180
-0.09312 0.56849 -0.81671 0.03351
1.00000 1.00000 1.00000

0.00000 -0.00000 0.16057
-0.16901 -0.00454 0.03362 0.98503
1.00000 1.00000 1.00000

KEYFRAME: 14
TIMESTAMP: 0.46667
0.00000 0.89046 -0.02564
-0.00000 0.70711 0.70711 0.00000
1.00000 1.00000 1.00000

-0.09216 -0.02718 0.03270
-0.86127 0.03113 0.18031 0.47406
1.00000 1.00000 1.00000

0.00000 -0.00000 0.41053
-0.68578 0.21276 0.00512 0.69600
1.00000 1.00000 1.00000

-0.00000 -0.00000 0.42180
-0.10413 -0.28105 0.95377 0.02224
1.00000 1.00000 1.00000

-0.00000 -0.00000 0.16057
-0.16901 0.00454 -0.03362 0.98503
1.00000 1.00000 1.00000

0.00000 -0.00000 0.17913
0.06039 -0.00000 0.00000 0.99818
1.00000 1.00000 1.00000

0.00000 -0.00000 0.23445
0.01127 0.00000 0.00000 0.99994
1.00000 1.00000 1.00000

-0.00000 0.00000 0.22946
-0.02012 -0.82082 0.11518 0.55910
1.00000 1.00000 1.00000

-0.00000 -0.00000 0.20646
0.03262 -0.47874 0.16026 0.86259
1.00000 1.00000 1.00000

0.00000 -0.00000 0.25925
-0.78082 0.22248 -0.00258 0.58380
1.00000 1.00000 1.00000

-0.00000 -0.00000 0.24513
0.04499 -0.00804 -0.54164 0.83937
1.00000 1.00000 1.00000

-0.04602 -0.00223 0.01586
-0.07912 -0.23108 0.50021 0.83074
1.00000 1.00000 1.00000

-0.00000 -0.00000 0.05261
0.04058 0.01245 -0.01588 0.99897
1.00000 1.00000 1.00000

-0.00000 -0.00000 0.03427
0.14913 0.00250 -0.02800 0.98842
1.00000 1.00000 1.00000

-0.02957 0.02510 0.09603
-0.00492 0.06259 0.95556 0.28804
1.00000 1.00000 1.00000

0.00000 -0.00000 0.03810
-0.15513 -0.00254 0.01004 0.98784
1.00000 1.00000 1.00000

0.00000 0.00000 0.03016
-0.14451 -0.00432 -0.00825 0.98946
1.00000 1.00000 1.00000

0.00733 -0.00334 0.09627
0.01930 -0.12368 0.92535 0.35785
1.00000 1.00000 1.00000

-0.00000 0.00000 0.03768
-0.06777 0.04184 -0.04238 0.99592
1.00000 1.00000 1.00000

-0.00000 -0.00000 0.02689
-0.17781 -0.01259 -0.01214 0.98391
1.00000 1.00000 1.00000

0.00000 0.00000 0.08297
-0.36735 -0.36371 0.00000 0.85602
1.00000 1.00000 1.00000

-0.00000 0.00000 0.22946
-0.11681 -0.00000 -0.00000 0.99315
1.00000 1.00000 1.00000

-0.00000 -0.00000 0.07395
-0.05030 -0.00000 -0.00000 0.99873
1.00000 1.00000 1.00000

0.00000 0.00000 0.22946
-0.02012 0.82082 -0.11518 0.55910
1.00000 1.00000 1.00000

0.00000 0.00000 0.20646
0.03367 0.43892 -0.13804 0.88722
1.00000 1.00000 1.00000

-0.00000 0.00000 0.25925
-0.84802 -0.24163 0.00209 0.47166
1.00000 1.00000 1.00000

0.00000 -0.00000 0.24513
0.09334 0.00237 0.60211 0.79293
1.00000 1.00000 1.00000

0.04602 -0.00223 0.01586
-0.07912 0.23108 -0.50021 0.83074
1.00000 1.00000 1.00000

-0.00000 -0.00000 0.05261
0.04058 -0.01245 0.01588 0.99897
1.00000 1.00000 1.00000

-0.00000 0.00000 0.03427
0.14913 -0.00250 0.02800 0.98842
1.00000 1.00000 1.00000

0.02957 0.02510 0.09603
-0.00492 -0.06259 -0.95556 0.28804
1.00000 1.00000 1.00000

-0.00000 -0.00000 0.03810
-0.15513 0.00254 -0.01004 0.98784
1.00000 1.00000 1.00000

-0.00000 0.00000 0.03016
-0.14451 0.00432 0.00825 0.98946
1.00000 1.00000 1.00000

-0.00733 -0.00334 0.09627
0.01930 0.12368 -0.92535 0.35785
1.00000 1.00000 1.00000

0.00000 -0.00000 0.03768
-0.06777 -0.04184 0.04238 0.99592
1.00000 1.00000 1.00000

-0.00000 -0.00000 0.02689
-0.17781 0.01259 0.01214 0.98391
1.00000 1.00000 1.00000

-0.00000 -0.00000 0.08297
-0.36735 0.36371 -0.00000 0.85602
1.00000 1.00000 1.00000

0.09216 -0.02718 0.03270
-0.92311 -0.01672 -0.15392 0.35200
1.00000 1.00000 1.00000

0.00000 0.00000 0.41053
-0.56673 -0.17583 -0.00593 0.80490
1.00000 1.00000 1.00000

0.00000 -0.00000 0.42180
-0.08026 0.61181 -0.78646 0.02710
1.00000 1.00000 1.00000

0.00000 -0.00000 0.16057
-0.16901 -0.00454 0.03362 0.98503
1.00000 1.00000 1.00000

KEYFRAME: 15
TIMESTAMP: 0.50000
0.00000 0.89046 -0.02564
-0.00000 0.70711 0.70711 0.00000
1.00000 1.00000 1.00000

-0.09216 -0.02718 0.03270
-0.83945 0.03663 0.18686 0.50899
1.00000 1.00000 1.00000

-0.00000 -0.00000 0.41053
-0.71331 0.22130 0.00490 0.66498
1.00000 1.00000 1.00000

0.00000 0.00000 0.42180
-0.10312 -0.28011 0.95404 0.02679
1.00000 1.00000 1.00000

-0.00000 -0.00000 0.16057
-0.16901 0.00454 -0.03362 0.98503
1.00000 1.00000 1.00000

0.00000 -0.00000 0.17913
0.06525 0.00000 0.00000 0.99787
1.00000 1.00000 1.00000

0.00000 -0.00000 0.23445
0.01127 0.00000 0.00000 0.99994
1.00000 1.00000 1.00000

-0.00000 0.00000 0.22946
-0.02012 -0.82082 0.11518 0.55910
1.00000 1.00000 1.00000

-0.00000 -0.00000 0.20646
0.02012 -0.47898 0.15861 0.86314
1.00000 1.00000 1.00000

-0.00000 -0.00000 0.25925
-0.77781 0.22163 -0.00260 0.58812
1.00000 1.00000 1.00000

-0.00000 0.00000 0.24513
0.01063 -0.00749 -0.54485 0.83843
1.00000 1.00000 1.00000

-0.04602 -0.00223 0.01586
-0.07912 -0.23108 0.50021 0.83074
1.00000 1.00000 1.00000

-0.00000 0.00000 0.05261
0.04058 0.01245 -0.01588 0.99897
1.00000 1.00000 1.00000

0.00000 0.00000 0.03427
0.14913 0.00250 -0.02800 0.98842
1.00000 1.00000 1.00000

-0.02957 0.02510 0.09603
-0.00492 0.06259 0.95556 0.28804
1.00000 1.00000 1.00000

-0.00000 0.00000 0.03810
-0.15513 -0.00254 0.01004 0.98784
1.00000 1.00000 1.00000

-0.00000 -0.00000 0.03016
-0.14451 -0.00432 -0.00825 0.98946
1.00000 1.00000 1.00000

0.00733 -0.00334 0.09627
0.01930 -0.12368 0.92535 0.35785
1.00000 1.00000 1.00000

-0.00000 -0.00000 0.03768
-0.06777 0.04184 -0.04238 0.99592
1.00000 1.00000 1.00000

0.00000 -0.00000 0.02689
-0.17781 -0.01259 -0.01214 0.98391
1.00000 1.00000 1.00000

0.00000 0.00000 0.08297
-0.36735 -0.36371 0.00000 0.85602
1.00000 1.00000 1.00000

-0.00000 0.00000 0.22946
-0.11681 -0.00000 -0.00000 0.99315
1.00000 1.00000 1.00000

0.00000 -0.00000 0.07396
-0.05030 -0.00000 -0.00000 0.99873
1.00000 1.00000 1.00000

0.00000 0.00000 0.22946
-0.02012 0.82082 -0.11518 0.55910
1.00000 1.00000 1.00000

0.00000 -0.00000 0.20646
0.01542 0.43422 -0.13400 0.89065
1.00000 1.00000 1.00000

0.00000 -0.00000 0.25925
-0.84823 -0.24169 0.00208 0.47125
1.00000 1.00000 1.00000

0.00000 -0.00000 0.24513
0.05886 -0.00549 0.60705 0.79246
1.00000 1.00000 1.00000

0.04602 -0.00223 0.01586
-0.07912 0.23108 -0.50021 0.83074
1.00000 1.00000 1.00000

0.00000 0.00000 0.05261
0.04058 -0.01245 0.01588 0.99897
1.00000 1.00000 1.00000

0.00000 -0.00000 0.03427
0.14913 -0.00250 0.02800 0.98842
1.00000 1.00000 1.00000

0.02957 0.02510 0.09603
-0.00492 -0.06259 -0.95556 0.28804
1.00000 1.00000 1.00000

0.00000 0.00000 0.03810
-0.15513 0.00254 -0.01004 0.98784
1.00000 1.00000 1.00000

-0.00000 -0.00000 0.03016
-0.14451 0.00432 0.00825 0.98946
1.00000 1.00000 1.00000

-0.00733 -0.00334 0.09627
0.01930 0.12368 -0.92535 0.35785
1.00000 1.00000 1.00000

0.00000 0.00000 0.03768
-0.06777 -0.04184 0.04238 0.99592
1.00000 1.00000 1.00000

-0.00000 -0.00000 0.02689
-0.17781 0.01259 0.01214 0.98391
1.00000 1.00000 1.00000

-0.00000 -0.00000 0.08297
-0.36735 0.36371 -0.00000 0.85602
1.00000 1.00000 1.00000

0.09216 -0.02718 0.03270
-0.95885 -0.00794 -0.12955 0.25250
1.00000 1.00000 1.00000

-0.00000 -0.00000 0.41053
-0.44427 -0.13783 -0.00652 0.88520
1.00000 1.00000 1.00000

0.00000 -0.00000 0.42180
-0.06443 0.62248 -0.77938 0.03055
1.00000 1.00000 1.00000

0.00000 -0.00000 0.16057
-0.16901 -0.00454 0.03362 0.98503
1.00000 1.00000 1.00000

KEYFRAME: 16
TIMESTAMP: 0.53333
0.00000 0.89046 -0.02564
-0.00000 0.70711 0.70711 0.00000
1.00000 1.00000 1.00000

-0.09216 -0.02718 0.03270
-0.84548 0.03507 0.18516 0.49964
1.00000 1.00000 1.00000

-0.00000 -0.00000 0.41053
-0.70622 0.21910 0.00496 0.67322
1.00000 1.00000 1.00000

-0.00000 0.00000 0.42180
-0.10336 -0.29408 0.94982 0.02601
1.00000 1.00000 1.00000

-0.00000 -0.00000 0.16057
-0.16901 0.00454 -0.03362 0.98503
1.00000 1.00000 1.00000

0.00000 -0.00000 0.17913
0.06525 0.00000 0.00000 0.99787
1.00000 1.00000 1.00000

0.00000 -0.00000 0.23445
0.01127 0.00000 0.00000 0.99994
1.00000 1.00000 1.00000

-0.00000 0.00000 0.22946
-0.02012 -0.82082 0.11518 0.55910
1.00000 1.00000 1.00000

-0.00000 -0.00000 0.20646
0.01267 -0.48103 0.15745 0.86235
1.00000 1.00000 1.00000

-0.00000 0.00000 0.25925
-0.77644 0.22124 -0.00261 0.59008
1.00000 1.00000 1.00000

-0.00000 -0.00000 0.24513
-0.02249 -0.00941 -0.54596 0.83745
1.00000 1.00000 1.00000

-0.04602 -0.00223 0.01586
-0.07912 -0.23108 0.50021 0.83074
1.00000 1.00000 1.00000

-0.00000 -0.00000 0.05261
0.04058 0.01245 -0.01588 0.99897
1.00000 1.00000 1.00000

0.00000 0.00000 0.03427
0.14913 0.00250 -0.02800 0.98842
1.00000 1.00000 1.00000

-0.02957 0.02510 0.09603
-0.00492 0.06259 0.95556 0.28804
1.00000 1.00000 1.00000

0.00000 0.00000 0.03810
-0.15513 -0.00254 0.01004 0.98784
1.00000 1.00000 1.00000

-0.00000 -0.00000 0.03016
-0.14451 -0.00432 -0.00825 0.98946
1.00000 1.00000 1.00000

0.00733 -0.00334 0.09627
0.01930 -0.12368 0.92535 0.35785
1.00000 1.00000 1.00000

-0.00000 0.00000 0.03768
-0.06777 0.04184 -0.04238 0.99592
1.00000 1.00000 1.00000

-0.00000 -0.00000 0.02689
-0.17781 -0.01259 -0.01214 0.98391
1.00000 1.00000 1.00000

-0.00000 -0.00000 0.08297
-0.36735 -0.36371 0.00000 0.85602
1.00000 1.00000 1.00000

-0.00000 0.00000 0.22946
-0.10910 -0.00000 -0.00000 0.99403
1.00000 1.00000 1.00000

0.00000 -0.00000 0.07395
-0.05030 -0.00000 -0.00000 0.99873
1.00000 1.00000 1.00000

0.00000 0.00000 0.22946
-0.02012 0.82082 -0.11518 0.55910
1.00000 1.00000 1.00000

0.00000 -0.00000 0.20646
0.00336 0.43361 -0.13120 0.89149
1.00000 1.00000 1.00000

0.00000 -0.00000 0.25925
-0.84949 -0.24205 0.00207 0.46880
1.00000 1.00000 1.00000

0.00000 -0.00000 0.24513
0.02597 -0.00934 0.60819 0.79331
1.00000 1.00000 1.00000

0.04602 -0.00223 0.01586
-0.07912 0.23108 -0.50021 0.83074
1.00000 1.00000 1.00000

-0.00000 0.00000 0.05261
0.04058 -0.01245 0.01588 0.99897
1.00000 1.00000 1.00000

-0.00000 0.00000 0.03427
0.14913 -0.00250 0.02800 0.98842
1.00000 1.00000 1.00000

0.02957 0.02510 0.09603
-0.00492 -0.06259 -0.95556 0.28804
1.00000 1.00000 1.00000

-0.00000 -0.00000 0.03810
-0.15513 0.00254 -0.01004 0.98784
1.00000 1.00000 1.00000

-0.00000 -0.00000 0.03016
-0.14451 0.00432 0.00825 0.98946
1.00000 1.00000 1.00000

-0.00733 -0.00334 0.09627
0.01930 0.12368 -0.92535 0.35785
1.00000 1.00000 1.00000

0.00000 0.00000 0.03768
-0.06777 -0.04184 0.04238 0.99592
1.00000 1.00000 1.00000

0.00000 -0.00000 0.02689
-0.17781 0.01259 0.01214 0.98391
1.00000 1.00000 1.00000

0.00000 0.00000 0.08297
-0.36735 0.36371 -0.00000 0.85602
1.00000 1.00000 1.00000

0.09216 -0.02718 0.03270
-0.97591 -0.00268 -0.11169 0.18739
1.00000 1.00000 1.00000

0.00000 -0.00000 0.41053
-0.34778 -0.10790 -0.00686 0.93132
1.00000 1.00000 1.00000

0.00000 0.00000 0.42180
-0.05265 0.61731 -0.78411 0.03636
1.00000 1.00000 1.00000

0.00000 -0.00000 0.16057
-0.16901 -0.00454 0.03362 0.98503
1.00000 1.00000 1.00000

KEYFRAME: 17
TIMESTAMP: 0.56667
0.00000 0.89046 -0.02564
-0.00000 0.70711 0.70711 0.00000
1.00000 1.00000 1.00000

-0.09216 -0.02718 0.03270
-0.86127 0.03113 0.18031 0.47406
1.00000 1.00000 1.00000

0.00000 -0.00000 0.41053
-0.68578 0.21276 0.00512 0.69600
1.00000 1.00000 1.00000

-0.00000 -0.00000 0.42180
-0.10311 -0.33105 0.93765 0.02412
1.00000 1.00000 1.00000

-0.00000 -0.00000 0.16057
-0.16901 0.00454 -0.03362 0.98503
1.00000 1.00000 1.00000

0.00000 -0.00000 0.17913
0.06525 0.00000 0.00000 0.99787
1.00000 1.00000 1.00000

0.00000 -0.00000 0.23445
0.01127 0.00000 0.00000 0.99994
1.00000 1.00000 1.00000

-0.00000 0.00000 0.22946
-0.02012 -0.82082 0.11518 0.55910
1.00000 1.00000 1.00000

-0.00000 -0.00000 0.20646
0.00693 -0.48327 0.15694 0.86126
1.00000 1.00000 1.00000

-0.00000 0.00000 0.25925
-0.77492 0.22080 -0.00262 0.59223
1.00000 1.00000 1.00000

-0.00000 -0.00000 0.24513
-0.04866 -0.01125 -0.54568 0.83650
1.00000 1.00000 1.00000

-0.04602 -0.00223 0.01586
-0.07912 -0.23108 0.50021 0.83074
1.00000 1.00000 1.00000

-0.00000 -0.00000 0.05261
0.04058 0.01245 -0.01588 0.99897
1.00000 1.00000 1.00000

-0.00000 -0.00000 0.03427
0.14913 0.00250 -0.02800 0.98842
1.00000 1.00000 1.00000

-0.02957 0.02510 0.09603
-0.00492 0.06259 0.95556 0.28804
1.00000 1.00000 1.00000

-0.00000 0.00000 0.03810
-0.15513 -0.00254 0.01004 0.98784
1.00000 1.00000 1.00000

0.00000 -0.00000 0.03016
-0.14451 -0.00432 -0.00825 0.98946
1.00000 1.00000 1.00000

0.00733 -0.00334 0.09627
0.01930 -0.12368 0.92535 0.35785
1.00000 1.00000 1.00000

0.00000 -0.00000 0.03768
-0.06777 0.04184 -0.04238 0.99592
1.00000 1.00000 1.00000

0.00000 -0.00000 0.02689
-0.17781 -0.01259 -0.01214 0.98391
1.00000 1.00000 1.00000

0.00000 -0.00000 0.08297
-0.36735 -0.36371 0.00000 0.85602
1.00000 1.00000 1.00000

-0.00000 0.00000 0.22946
-0.09068 -0.00000 -0.00000 0.99588
1.00000 1.00000 1.00000

0.00000 -0.00000 0.07395
-0.05030 -0.00000 -0.00000 0.99873
1.00000 1.00000 1.00000

0.00000 0.00000 0.22946
-0.02012 0.82082 -0.11518 0.55910
1.00000 1.00000 1.00000

0.00000 -0.00000 0.20646
-0.00720 0.43517 -0.13000 0.89088
1.00000 1.00000 1.00000

0.00000 0.00000 0.25925
-0.84981 -0.24214 0.00207 0.46817
1.00000 1.00000 1.00000

0.00000 -0.00000 0.24513
0.00030 -0.01175 0.60614 0.79527
1.00000 1.00000 1.00000

0.04602 -0.00223 0.01586
-0.07912 0.23108 -0.50021 0.83074
1.00000 1.00000 1.00000

-0.00000 0.00000 0.05261
0.04058 -0.01245 0.01588 0.99897
1.00000 1.00000 1.00000

0.00000 0.00000 0.03427
0.14913 -0.00250 0.02800 0.98842
1.00000 1.00000 1.00000

0.02957 0.02510 0.09603
-0.00492 -0.06259 -0.95556 0.28804
1.00000 1.00000 1.00000

-0.00000 0.00000 0.03810
-0.15513 0.00254 -0.01004 0.98784
1.00000 1.00000 1.00000

0.00000 -0.00000 0.03016
-0.14451 0.00432 0.00825 0.98946
1.00000 1.00000 1.00000

-0.00733 -0.00334 0.09627
0.01930 0.12368 -0.92535 0.35785
1.00000 1.00000 1.00000

-0.00000 -0.00000 0.03768
-0.06777 -0.04184 0.04238 0.99592
1.00000 1.00000 1.00000

-0.00000 -0.00000 0.02689
-0.17781 0.01259 0.01214 0.98391
1.00000 1.00000 1.00000

-0.00000 -0.00000 0.08297
-0.36735 0.36371 -0.00000 0.85602
1.00000 1.00000 1.00000

0.09216 -0.02718 0.03270
-0.98538 0.00089 -0.09798 0.13935
1.00000 1.00000 1.00000

0.00000 -0.00000 0.41053
-0.27016 -0.08382 -0.00706 0.95914
1.00000 1.00000 1.00000

0.00000 -0.00000 0.42180
-0.04377 0.60615 -0.79304 0.04186
1.00000 1.00000 1.00000

0.00000 -0.00000 0.16057
-0.16901 -0.00454 0.03362 0.98503
1.00000 1.00000 1.00000

KEYFRAME: 18
TIMESTAMP: 0.60000
0.00000 0.89046 -0.02564
-0.00000 0.70711 0.70711 0.00000
1.00000 1.00000 1.00000

-0.09216 -0.02718 0.03270
-0.88306 0.02595 0.17253 0.43563
1.00000 1.00000 1.00000

0.00000 0.00000 0.41053
-0.65212 0.20232 0.00538 0.73060
1.00000 1.00000 1.00000

0.00000 0.00000 0.42180
-0.10061 -0.38276 0.91809 0.02202
1.00000 1.00000 1.00000

-0.00000 -0.00000 0.16057
-0.16901 0.00454 -0.03362 0.98503
1.00000 1.00000 1.00000

0.00000 -0.00000 0.17913
0.06525 0.00000 0.00000 0.99787
1.00000 1.00000 1.00000

0.00000 -0.00000 0.23445
0.01127 0.00000 0.00000 0.99994
1.00000 1.00000 1.00000

-0.00000 0.00000 0.22946
-0.02012 -0.82082 0.11518 0.55910
1.00000 1.00000 1.00000

-0.00000 -0.00000 0.20646
0.00277 -0.48535 0.15683 0.86013
1.00000 1.00000 1.00000

-0.00000 -0.00000 0.25925
-0.77349 0.22040 -0.00263 0.59425
1.00000 1.00000 1.00000

-0.00000 -0.00000 0.24513
-0.06590 -0.01255 -0.54454 0.83605
1.00000 1.00000 1.00000

-0.04602 -0.00223 0.01586
-0.07912 -0.23108 0.50021 0.83074
1.00000 1.00000 1.00000

-0.00000 -0.00000 0.05261
0.04058 0.01245 -0.01588 0.99897
1.00000 1.00000 1.00000

-0.00000 -0.00000 0.03427
0.14913 0.00250 -0.02800 0.98842
1.00000 1.00000 1.00000

-0.02957 0.02510 0.09603
-0.00492 0.06259 0.95556 0.28804
1.00000 1.00000 1.00000

-0.00000 0.00000 0.03810
-0.15513 -0.00254 0.01004 0.98784
1.00000 1.00000 1.00000

0.00000 0.00000 0.03016
-0.14451 -0.00432 -0.00825 0.98946
1.00000 1.00000 1.00000

0.00733 -0.00334 0.09627
0.01930 -0.12368 0.92535 0.35785
1.00000 1.00000 1.00000

-0.00000 -0.00000 0.03768
-0.06777 0.04184 -0.04238 0.99592
1.00000 1.00000 1.00000

0.00000 -0.00000 0.02689
-0.17781 -0.01259 -0.01214 0.98391
1.00000 1.00000 1.00000

-0.00000 -0.00000 0.08297
-0.36735 -0.36371 0.00000 0.85602
1.00000 1.00000 1.00000

-0.00000 0.00000 0.22946
-0.06865 -0.00000 -0.00000 0.99764
1.00000 1.00000 1.00000

0.00000 -0.00000 0.07395
-0.05030 -0.00000 -0.00000 0.99873
1.00000 1.00000 1.00000

0.00000 0.00000 0.22946
-0.02012 0.82082 -0.11518 0.55910
1.00000 1.00000 1.00000

0.00000 -0.00000 0.20646
-0.01652 0.43878 -0.13016 0.88897
1.00000 1.00000 1.00000

0.00000 -0.00000 0.25925
-0.84917 -0.24196 0.00208 0.46943
1.00000 1.00000 1.00000

0.00000 -0.00000 0.24513
-0.01636 -0.01284 0.60151 0.79860
1.00000 1.00000 1.00000

0.04602 -0.00223 0.01586
-0.07912 0.23108 -0.50021 0.83074
1.00000 1.00000 1.00000

-0.00000 0.00000 0.05261
0.04058 -0.01245 0.01588 0.99897
1.00000 1.00000 1.00000

0.00000 -0.00000 0.03427
0.14913 -0.00250 0.02800 0.98842
1.00000 1.00000 1.00000

0.02957 0.02510 0.09603
-0.00492 -0.06259 -0.95556 0.28804
1.00000 1.00000 1.00000

-0.00000 -0.00000 0.03810
-0.15513 0.00254 -0.01004 0.98784
1.00000 1.00000 1.00000

0.00000 0.00000 0.03016
-0.14451 0.00432 0.00825 0.98946
1.00000 1.00000 1.00000

-0.00733 -0.00334 0.09627
0.01930 0.12368 -0.92535 0.35785
1.00000 1.00000 1.00000

-0.00000 0.00000 0.03768
-0.06777 -0.04184 0.04238 0.99592
1.00000 1.00000 1.00000

-0.00000 -0.00000 0.02689
-0.17781 0.01259 0.01214 0.98391
1.00000 1.00000 1.00000

-0.00000 -0.00000 0.08296
-0.36735 0.36371 -0.00000 0.85602
1.00000 1.00000 1.00000

0.09216 -0.02718 0.03270
-0.98999 0.00301 -0.08920 0.10932
1.00000 1.00000 1.00000

0.00000 0.00000 0.41053
-0.21898 -0.06794 -0.00717 0.97334
1.00000 1.00000 1.00000

-0.00000 -0.00000 0.42180
-0.03816 0.59573 -0.80098 0.04571
1.00000 1.00000 1.00000

0.00000 -0.00000 0.16057
-0.16901 -0.00454 0.03362 0.98503
1.00000 1.00000 1.00000

KEYFRAME: 19
TIMESTAMP: 0.63333
0.00000 0.89046 -0.02564
-0.00000 0.70711 0.70711 0.00000
1.00000 1.00000 1.00000

-0.09216 -0.02718 0.03270
-0.90731 0.02034 0.16203 0.38746
1.00000 1.00000 1.00000

-0.00000 0.00000 0.41053
-0.60483 0.18765 0.00570 0.77391
1.00000 1.00000 1.00000

0.00000 -0.00000 0.42180
-0.09467 -0.44054 0.89249 0.02080
1.00000 1.00000 1.00000

-0.00000 -0.00000 0.16057
-0.16901 0.00454 -0.03362 0.98503
1.00000 1.00000 1.00000

0.00000 -0.00000 0.17913
0.06525 0.00000 0.00000 0.99787
1.00000 1.00000 1.00000

0.00000 -0.00000 0.23445
0.01127 0.00000 0.00000 0.99994
1.00000 1.00000 1.00000

-0.00000 0.00000 0.22946
-0.02012 -0.82082 0.11518 0.55910
1.00000 1.00000 1.00000

-0.00000 -0.00000 0.20646
0.00003 -0.48697 0.15690 0.85921
1.00000 1.00000 1.00000

-0.00000 -0.00000 0.25925
-0.77237 0.22008 -0.00263 0.59582
1.00000 1.00000 1.00000

-0.00000 -0.00000 0.24513
-0.07221 -0.01277 -0.54300 0.83653
1.00000 1.00000 1.00000

-0.04602 -0.00223 0.01586
-0.07912 -0.23108 0.50021 0.83074
1.00000 1.00000 1.00000

0.00000 0.00000 0.05261
0.04058 0.01245 -0.01588 0.99897
1.00000 1.00000 1.00000

-0.00000 0.00000 0.03427
0.14913 0.00250 -0.02800 0.98842
1.00000 1.00000 1.00000

-0.02957 0.02510 0.09603
-0.00492 0.06259 0.95556 0.28804
1.00000 1.00000 1.00000

-0.00000 -0.00000 0.03810
-0.15513 -0.00254 0.01004 0.98784
1.00000 1.00000 1.00000

-0.00000 0.00000 0.03016
-0.14451 -0.00432 -0.00825 0.98946
1.00000 1.00000 1.00000

0.00733 -0.00334 0.09627
0.01930 -0.12368 0.92535 0.35785
1.00000 1.00000 1.00000

-0.00000 0.00000 0.03768
-0.06777 0.04184 -0.04238 0.99592
1.00000 1.00000 1.00000

0.00000 -0.00000 0.02689
-0.17781 -0.01259 -0.01214 0.98391
1.00000 1.00000 1.00000

-0.00000 0.00000 0.08297
-0.36735 -0.36371 0.00000 0.85602
1.00000 1.00000 1.00000

-0.00000 0.00000 0.22946
-0.05018 -0.00000 -0.00000 0.99874
1.00000 1.00000 1.00000

0.00000 -0.00000 0.07396
-0.05030 -0.00000 -0.00000 0.99873
1.00000 1.00000 1.00000

0.00000 0.00000 0.22946
-0.02012 0.82082 -0.11518 0.55910
1.00000 1.00000 1.00000

0.00000 -0.00000 0.20646
-0.02489 0.44418 -0.13136 0.88591
1.00000 1.00000 1.00000

0.00000 -0.00000 0.25925
-0.84747 -0.24148 0.00209 0.47273
1.00000 1.00000 1.00000

0.00000 -0.00000 0.24513
-0.02223 -0.01304 0.59481 0.80345
1.00000 1.00000 1.00000

0.04602 -0.00223 0.01586
-0.07912 0.23108 -0.50021 0.83074
1.00000 1.00000 1.00000

0.00000 -0.00000 0.05261
0.04058 -0.01245 0.01588 0.99897
1.00000 1.00000 1.00000

-0.00000 0.00000 0.03427
0.14913 -0.00250 0.02800 0.98842
1.00000 1.00000 1.00000

0.02957 0.02510 0.09603
-0.00492 -0.06259 -0.95556 0.28804
1.00000 1.00000 1.00000

0.00000 -0.00000 0.03810
-0.15513 0.00254 -0.01004 0.98784
1.00000 1.00000 1.00000

-0.00000 -0.00000 0.03016
-0.14451 0.00432 0.00825 0.98946
1.00000 1.00000 1.00000

-0.00733 -0.00334 0.09627
0.01930 0.12368 -0.92535 0.35785
1.00000 1.00000 1.00000

0.00000 0.00000 0.03768
-0.06777 -0.04184 0.04238 0.99592
1.00000 1.00000 1.00000

-0.00000 -0.00000 0.02689
-0.17781 0.01259 0.01214 0.98391
1.00000 1.00000 1.00000

0.00000 0.00000 0.08296
-0.36735 0.36371 -0.00000 0.85602
1.00000 1.00000 1.00000

0.09216 -0.02718 0.03270
-0.99177 0.00395 -0.08513 0.09557
1.00000 1.00000 1.00000

-0.00000 -0.00000 0.41053
-0.19490 -0.06047 -0.00721 0.97893
1.00000 1.00000 1.00000

0.00000 0.00000 0.42180
-0.03558 0.59000 -0.80521 0.04755
1.00000 1.00000 1.00000

0.00000 -0.00000 0.16057
-0.16901 -0.00454 0.03362 0.98503
1.00000 1.00000 1.00000

KEYFRAME: 20
TIMESTAMP: 0.66667
0.00000 0.89046 -0.02564
-0.00000 0.70711 0.70711 0.00000
1.00000 1.00000 1.00000

-0.09216 -0.02718 0.03270
-0.93131 0.01473 0.14902 0.33201
1.00000 1.00000 1.00000

0.00000 -0.00000 0.41053
-0.54315 0.16851 0.00606 0.82253
1.00000 1.00000 1.00000

-0.00000 0.00000 0.42180
-0.08515 -0.49595 0.86390 0.02150
1.00000 1.00000 1.00000

-0.00000 -0.00000 0.16057
-0.16901 0.00454 -0.03362 0.98503
1.00000 1.00000 1.00000

0.00000 -0.00000 0.17913
0.06525 0.00000 0.00000 0.99787
1.00000 1.00000 1.00000

0.00000 -0.00000 0.23445
0.01127 0.00000 0.00000 0.99994
1.00000 1.00000 1.00000

-0.00000 0.00000 0.22946
-0.02012 -0.82082 0.11518 0.55910
1.00000 1.00000 1.00000

-0.00000 -0.00000 0.20646
0.01184 -0.49385 0.16435 0.85379
1.00000 1.00000 1.00000

-0.00000 -0.00000 0.25925
-0.75300 0.21456 -0.00275 0.62206
1.00000 1.00000 1.00000

-0.00000 -0.00000 0.24513
-0.07332 -0.01949 -0.53409 0.84202
1.00000 1.00000 1.00000

-0.04602 -0.00223 0.01586
-0.07912 -0.23108 0.50021 0.83074
1.00000 1.00000 1.00000

0.00000 -0.00000 0.05261
0.04058 0.01245 -0.01588 0.99897
1.00000 1.00000 1.00000

0.00000 0.00000 0.03427
0.14913 0.00250 -0.02800 0.98842
1.00000 1.00000 1.00000

-0.02957 0.02510 0.09603
-0.00492 0.06259 0.95556 0.28804
1.00000 1.00000 1.00000

-0.00000 -0.00000 0.03810
-0.15513 -0.00254 0.01004 0.98784
1.00000 1.00000 1.00000

-0.00000 0.00000 0.03016
-0.14451 -0.00432 -0.00825 0.98946
1.00000 1.00000 1.00000

0.00733 -0.00334 0.09627
0.01930 -0.12368 0.92535 0.35785
1.00000 1.00000 1.00000

-0.00000 0.00000 0.03768
-0.06777 0.04184 -0.04238 0.99592
1.00000 1.00000 1.00000

0.00000 -0.00000 0.02689
-0.17781 -0.01259 -0.01214 0.98391
1.00000 1.00000 1.00000

-0.00000 0.00000 0.08297
-0.36735 -0.36371 0.00000 0.85602
1.00000 1.00000 1.00000

-0.00000 0.00000 0.22946
-0.04243 0.00000 -0.00000 0.99910
1.00000 1.00000 1.00000

0.00000 -0.00000 0.07396
-0.05030 -0.00000 -0.00000 0.99873
1.00000 1.00000 1.00000

0.00000 0.00000 0.22946
-0.02012 0.82082 -0.11518 0.55910
1.00000 1.00000 1.00000

0.00000 -0.00000 0.20646
-0.00126 0.46788 -0.15012 0.87095
1.00000 1.00000 1.00000

0.00000 -0.00000 0.25925
-0.83205 -0.23708 0.00222 0.50148
1.00000 1.00000 1.00000

0.00000 -0.00000 0.24513
-0.02979 0.00840 0.57554 0.81719
1.00000 1.00000 1.00000

0.04602 -0.00223 0.01586
-0.07912 0.23108 -0.50021 0.83074
1.00000 1.00000 1.00000

-0.00000 -0.00000 0.05261
0.04058 -0.01245 0.01588 0.99897
1.00000 1.00000 1.00000

-0.00000 0.00000 0.03427
0.14913 -0.00250 0.02800 0.98842
1.00000 1.00000 1.00000

0.02957 0.02510 0.09603
-0.00492 -0.06259 -0.95556 0.28804
1.00000 1.00000 1.00000

0.00000 -0.00000 0.03810
-0.15513 0.00254 -0.01004 0.98784
1.00000 1.00000 1.00000

-0.00000 -0.00000 0.03016
-0.14451 0.00432 0.00825 0.98946
1.00000 1.00000 1.00000

-0.00733 -0.00334 0.09627
0.01930 0.12368 -0.92535 0.35785
1.00000 1.00000 1.00000

-0.00000 -0.00000 0.03768
-0.06777 -0.04184 0.04238 0.99592
1.00000 1.00000 1.00000

-0.00000 -0.00000 0.02689
-0.17781 0.01259 0.01214 0.98391
1.00000 1.00000 1.00000

-0.00000 -0.00000 0.08297
-0.36735 0.36371 -0.00000 0.85602
1.00000 1.00000 1.00000

0.09216 -0.02718 0.03270
-0.99243 0.00433 -0.08347 0.08998
1.00000 1.00000 1.00000

-0.00000 -0.00000 0.41053
-0.18498 -0.05739 -0.00722 0.98104
1.00000 1.00000 1.00000

-0.00000 -0.00000 0.42180
-0.03452 0.58750 -0.80704 0.04832
1.00000 1.00000 1.00000

0.00000 -0.00000 0.16057
-0.16901 -0.00454 0.03362 0.98503
1.00000 1.00000 1.00000

KEYFRAME: 21
TIMESTAMP: 0.70000
0.00000 0.89046 -0.02564
-0.00000 0.70711 0.70711 0.00000
1.00000 1.00000 1.00000

-0.09216 -0.02718 0.03270
-0.95308 0.00930 0.13383 0.27136
1.00000 1.00000 1.00000

-0.00000 0.00000 0.41053
-0.46677 0.14481 0.00642 0.87242
1.00000 1.00000 1.00000

0.00000 0.00000 0.42180
-0.07287 -0.54178 0.83699 0.02486
1.00000 1.00000 1.00000

-0.00000 -0.00000 0.16057
-0.16901 0.00454 -0.03362 0.98503
1.00000 1.00000 1.00000

0.00000 -0.00000 0.17913
0.06525 0.00000 0.00000 0.99787
1.00000 1.00000 1.00000

0.00000 -0.00000 0.23445
0.01127 0.00000 0.00000 0.99994
1.00000 1.00000 1.00000

-0.00000 0.00000 0.22946
-0.02012 -0.82082 0.11518 0.55910
1.00000 1.00000 1.00000

-0.00000 -0.00000 0.20646
0.02576 -0.50495 0.17472 0.84489
1.00000 1.00000 1.00000

-0.00000 0.00000 0.25925
-0.69022 0.19667 -0.00308 0.69636
1.00000 1.00000 1.00000

-0.00000 -0.00000 0.24513
-0.07068 -0.02793 -0.51395 0.85445
1.00000 1.00000 1.00000

-0.04602 -0.00223 0.01586
-0.07912 -0.23108 0.50021 0.83074
1.00000 1.00000 1.00000

-0.00000 -0.00000 0.05261
0.04058 0.01245 -0.01588 0.99897
1.00000 1.00000 1.00000

0.00000 0.00000 0.03427
0.14913 0.00250 -0.02800 0.98842
1.00000 1.00000 1.00000

-0.02957 0.02510 0.09603
-0.00492 0.06259 0.95556 0.28804
1.00000 1.00000 1.00000

0.00000 0.00000 0.03810
-0.15513 -0.00254 0.01004 0.98784
1.00000 1.00000 1.00000

-0.00000 0.00000 0.03016
-0.14451 -0.00432 -0.00825 0.98946
1.00000 1.00000 1.00000

0.00733 -0.00334 0.09627
0.01930 -0.12368 0.92535 0.35785
1.00000 1.00000 1.00000

0.00000 -0.00000 0.03768
-0.06777 0.04184 -0.04238 0.99592
1.00000 1.00000 1.00000

0.00000 -0.00000 0.02689
-0.17781 -0.01259 -0.01214 0.98391
1.00000 1.00000 1.00000

-0.00000 0.00000 0.08297
-0.36735 -0.36371 0.00000 0.85602
1.00000 1.00000 1.00000

-0.00000 0.00000 0.22946
-0.05018 0.00000 -0.00000 0.99874
1.00000 1.00000 1.00000

0.00000 -0.00000 0.07396
-0.05030 -0.00000 -0.00000 0.99873
1.00000 1.00000 1.00000

0.00000 0.00000 0.22946
-0.02012 0.82082 -0.11518 0.55910
1.00000 1.00000 1.00000

0.00000 -0.00000 0.20646
0.04179 0.49682 -0.17971 0.84802
1.00000 1.00000 1.00000

0.00000 -0.00000 0.25925
-0.77937 -0.22207 0.00259 0.58588
1.00000 1.00000 1.00000

0.00000 -0.00000 0.24513
-0.03773 0.03837 0.54399 0.83737
1.00000 1.00000 1.00000

0.04602 -0.00223 0.01586
-0.07912 0.23108 -0.50021 0.83074
1.00000 1.00000 1.00000

-0.00000 -0.00000 0.05261
0.04058 -0.01245 0.01588 0.99897
1.00000 1.00000 1.00000

-0.00000 0.00000 0.03427
0.14913 -0.00250 0.02800 0.98842
1.00000 1.00000 1.00000

0.02957 0.02510 0.09603
-0.00492 -0.06259 -0.95556 0.28804
1.00000 1.00000 1.00000

-0.00000 -0.00000 0.03810
-0.15513 0.00254 -0.01004 0.98784
1.00000 1.00000 1.00000

-0.00000 0.00000 0.03016
-0.14451 0.00432 0.00825 0.98946
1.00000 1.00000 1.00000

-0.00733 -0.00334 0.09627
0.01930 0.12368 -0.92535 0.35785
1.00000 1.00000 1.00000

-0.00000 -0.00000 0.03768
-0.06777 -0.04184 0.04238 0.99592
1.00000 1.00000 1.00000

0.00000 -0.00000 0.02689
-0.17781 0.01259 0.01214 0.98391
1.00000 1.00000 1.00000

-0.00000 -0.00000 0.08297
-0.36735 0.36371 -0.00000 0.85602
1.00000 1.00000 1.00000

0.09216 -0.02718 0.03270
-0.99330 0.00485 -0.08113 0.08216
1.00000 1.00000 1.00000

-0.00000 -0.00000 0.41053
-0.17101 -0.05305 -0.00724 0.98381
1.00000 1.00000 1.00000

0.00000 -0.00000 0.42180
-0.03304 0.58382 -0.80971 0.04940
1.00000 1.00000 1.00000

0.00000 -0.00000 0.16057
-0.16901 -0.00454 0.03362 0.98503
1.00000 1.00000 1.00000

KEYFRAME: 22
TIMESTAMP: 0.73333
0.00000 0.89046 -0.02564
-0.00000 0.70711 0.70711 0.00000
1.00000 1.00000 1.00000

-0.09216 -0.02718 0.03270
-0.97127 0.00411 0.11680 0.20730
1.00000 1.00000 1.00000

0.00000 0.00000 0.41053
-0.37608 0.11668 0.00677 0.91919
1.00000 1.00000 1.00000

0.00000 0.00000 0.42180
-0.05917 -0.57252 0.81717 0.03108
1.00000 1.00000 1.00000

-0.00000 -0.00000 0.16057
-0.16901 0.00454 -0.03362 0.98503
1.00000 1.00000 1.00000

0.00000 -0.00000 0.17913
0.06525 0.00000 0.00000 0.99787
1.00000 1.00000 1.00000

0.00000 -0.00000 0.23445
0.01127 0.00000 0.00000 0.99994
1.00000 1.00000 1.00000

-0.00000 0.00000 0.22946
-0.02012 -0.82082 0.11518 0.55910
1.00000 1.00000 1.00000

-0.00000 -0.00000 0.20646
0.00973 -0.51194 0.17000 0.84198
1.00000 1.00000 1.00000

-0.00000 0.00000 0.25925
-0.56744 0.16168 -0.00357 0.80738
1.00000 1.00000 1.00000

-0.00000 -0.00000 0.24513
-0.06433 -0.02642 -0.49117 0.86829
1.00000 1.00000 1.00000

-0.04602 -0.00223 0.01586
-0.07912 -0.23108 0.50021 0.83074
1.00000 1.00000 1.00000

-0.00000 -0.00000 0.05261
0.04058 0.01245 -0.01588 0.99897
1.00000 1.00000 1.00000

-0.00000 -0.00000 0.03427
0.14913 0.00250 -0.02800 0.98842
1.00000 1.00000 1.00000

-0.02957 0.02510 0.09603
-0.00492 0.06259 0.95556 0.28804
1.00000 1.00000 1.00000

0.00000 0.00000 0.03810
-0.15513 -0.00254 0.01004 0.98784
1.00000 1.00000 1.00000

0.00000 -0.00000 0.03016
-0.14451 -0.00432 -0.00825 0.98946
1.00000 1.00000 1.00000

0.00733 -0.00334 0.09627
0.01930 -0.12368 0.92535 0.35785
1.00000 1.00000 1.00000

-0.00000 -0.00000 0.03768
-0.06777 0.04184 -0.04238 0.99592
1.00000 1.00000 1.00000

0.00000 -0.00000 0.02689
-0.17781 -0.01259 -0.01214 0.98391
1.00000 1.00000 1.00000

-0.00000 -0.00000 0.08297
-0.36735 -0.36371 0.00000 0.85602
1.00000 1.00000 1.00000

-0.00000 0.00000 0.22946
-0.06865 0.00000 -0.00000 0.99764
1.00000 1.00000 1.00000

0.00000 -0.00000 0.07395
-0.05030 -0.00000 -0.00000 0.99873
1.00000 1.00000 1.00000

0.00000 0.00000 0.22946
-0.02012 0.82082 -0.11518 0.55910
1.00000 1.00000 1.00000

0.00000 -0.00000 0.20646
0.04550 0.51155 -0.18828 0.83713
1.00000 1.00000 1.00000

0.00000 -0.00000 0.25925
-0.66599 -0.18977 0.00319 0.72141
1.00000 1.00000 1.00000

0.00000 -0.00000 0.24513
-0.02898 0.04681 0.51337 0.85640
1.00000 1.00000 1.00000

0.04602 -0.00223 0.01586
-0.07912 0.23108 -0.50021 0.83074
1.00000 1.00000 1.00000

-0.00000 0.00000 0.05261
0.04058 -0.01245 0.01588 0.99897
1.00000 1.00000 1.00000

0.00000 -0.00000 0.03427
0.14913 -0.00250 0.02800 0.98842
1.00000 1.00000 1.00000

0.02957 0.02510 0.09603
-0.00492 -0.06259 -0.95556 0.28804
1.00000 1.00000 1.00000

0.00000 0.00000 0.03810
-0.15513 0.00254 -0.01004 0.98784
1.00000 1.00000 1.00000

0.00000 -0.00000 0.03016
-0.14451 0.00432 0.00825 0.98946
1.00000 1.00000 1.00000

-0.00733 -0.00334 0.09627
0.01930 0.12368 -0.92535 0.35785
1.00000 1.00000 1.00000

0.00000 -0.00000 0.03768
-0.06777 -0.04184 0.04238 0.99592
1.00000 1.00000 1.00000

-0.00000 -0.00000 0.02689
-0.17781 0.01259 0.01214 0.98391
1.00000 1.00000 1.00000

-0.00000 -0.00000 0.08297
-0.36735 0.36371 -0.00000 0.85602
1.00000 1.00000 1.00000

0.09216 -0.02718 0.03270
-0.99442 0.00559 -0.07778 0.07100
1.00000 1.00000 1.00000

-0.00000 -0.00000 0.41053
-0.15084 -0.04680 -0.00727 0.98742
1.00000 1.00000 1.00000

-0.00000 -0.00000 0.42180
-0.03093 0.57820 -0.81371 0.05097
1.00000 1.00000 1.00000

0.00000 -0.00000 0.16057
-0.16901 -0.00454 0.03362 0.98503
1.00000 1.00000 1.00000

KEYFRAME: 23
TIMESTAMP: 0.76667
0.00000 0.89046 -0.02564
-0.00000 0.70711 0.70711 0.00000
1.00000 1.00000 1.00000

-0.09216 -0.02718 0.03270
-0.98499 -0.00077 0.09848 0.14178
1.00000 1.00000 1.00000

0.00000 0.00000 0.41053
-0.27306 0.08471 0.00706 0.95824
1.00000 1.00000 1.00000

-0.00000 0.00000 0.42180
-0.04536 -0.58446 0.80918 0.03966
1.00000 1.00000 1.00000

-0.00000 -0.00000 0.16057
-0.16901 0.00454 -0.03362 0.98503
1.00000 1.00000 1.00000

0.00000 -0.00000 0.17913
0.06525 0.00000 0.00000 0.99787
1.00000 1.00000 1.00000

0.00000 -0.00000 0.23445
0.01127 0.00000 0.00000 0.99994
1.00000 1.00000 1.00000

-0.00000 0.00000 0.22946
-0.02012 -0.82082 0.11518 0.55910
1.00000 1.00000 1.00000

-0.00000 -0.00000 0.20646
-0.05510 -0.51104 0.13649 0.84686
1.00000 1.00000 1.00000

-0.00000 0.00000 0.25925
-0.35537 0.10126 -0.00411 0.92922
1.00000 1.00000 1.00000

-0.00000 -0.00000 0.24513
-0.08469 -0.02209 -0.47270 0.87687
1.00000 1.00000 1.00000

-0.04602 -0.00223 0.01586
-0.07912 -0.23108 0.50021 0.83074
1.00000 1.00000 1.00000

0.00000 0.00000 0.05261
0.04058 0.01245 -0.01588 0.99897
1.00000 1.00000 1.00000

-0.00000 0.00000 0.03427
0.14913 0.00250 -0.02800 0.98842
1.00000 1.00000 1.00000

-0.02957 0.02510 0.09603
-0.00492 0.06259 0.95556 0.28804
1.00000 1.00000 1.00000

0.00000 0.00000 0.03810
-0.15513 -0.00254 0.01004 0.98784
1.00000 1.00000 1.00000

0.00000 0.00000 0.03016
-0.14451 -0.00432 -0.00825 0.98946
1.00000 1.00000 1.00000

0.00733 -0.00334 0.09627
0.01930 -0.12368 0.92535 0.35785
1.00000 1.00000 1.00000

-0.00000 -0.00000 0.03768
-0.06777 0.04184 -0.04238 0.99592
1.00000 1.00000 1.00000

0.00000 -0.00000 0.02689
-0.17781 -0.01259 -0.01214 0.98391
1.00000 1.00000 1.00000

-0.00000 0.00000 0.08296
-0.36735 -0.36371 0.00000 0.85602
1.00000 1.00000 1.00000

-0.00000 0.00000 0.22946
-0.09068 0.00000 -0.00000 0.99588
1.00000 1.00000 1.00000

0.00000 -0.00000 0.07395
-0.05030 -0.00000 -0.00000 0.99873
1.00000 1.00000 1.00000

0.00000 0.00000 0.22946
-0.02012 0.82082 -0.11518 0.55910
1.00000 1.00000 1.00000

0.00000 -0.00000 0.20646
-0.00931 0.51482 -0.16251 0.84170
1.00000 1.00000 1.00000

0.00000 -0.00000 0.25925
-0.46693 -0.13305 0.00386 0.87422
1.00000 1.00000 1.00000

0.00000 -0.00000 0.24513
-0.03187 0.04279 0.49044 0.86984
1.00000 1.00000 1.00000

0.04602 -0.00223 0.01586
-0.07912 0.23108 -0.50021 0.83074
1.00000 1.00000 1.00000

-0.00000 0.00000 0.05261
0.04058 -0.01245 0.01588 0.99897
1.00000 1.00000 1.00000

0.00000 0.00000 0.03427
0.14913 -0.00250 0.02800 0.98842
1.00000 1.00000 1.00000

0.02957 0.02510 0.09603
-0.00492 -0.06259 -0.95556 0.28804
1.00000 1.00000 1.00000

-0.00000 0.00000 0.03810
-0.15513 0.00254 -0.01004 0.98784
1.00000 1.00000 1.00000

-0.00000 -0.00000 0.03016
-0.14451 0.00432 0.00825 0.98946
1.00000 1.00000 1.00000

-0.00733 -0.00334 0.09627
0.01930 0.12368 -0.92535 0.35785
1.00000 1.00000 1.00000

0.00000 -0.00000 0.03768
-0.06777 -0.04184 0.04238 0.99592
1.00000 1.00000 1.00000

-0.00000 -0.00000 0.02689
-0.17781 0.01259 0.01214 0.98391
1.00000 1.00000 1.00000

-0.00000 -0.00000 0.08297
-0.36735 0.36371 -0.00000 0.85602
1.00000 1.00000 1.00000

0.09216 -0.02718 0.03270
-0.99554 0.00641 -0.07391 0.05821
1.00000 1.00000 1.00000

-0.00000 -0.00000 0.41053
-0.12740 -0.03953 -0.00730 0.99104
1.00000 1.00000 1.00000

-0.00000 -0.00000 0.42180
-0.02849 0.57122 -0.81860 0.05279
1.00000 1.00000 1.00000

0.00000 -0.00000 0.16057
-0.16901 -0.00454 0.03362 0.98503
1.00000 1.00000 1.00000

KEYFRAME: 24
TIMESTAMP: 0.80000
0.00000 0.89046 -0.02564
-0.00000 0.70711 0.70711 0.00000
1.00000 1.00000 1.00000

-0.09216 -0.02718 0.03270
-0.99366 -0.00508 0.08006 0.07878
1.00000 1.00000 1.00000

-0.00000 -0.00000 0.41053
-0.16459 0.05106 0.00725 0.98501
1.00000 1.00000 1.00000

0.00000 0.00000 0.42180
-0.03262 -0.57613 0.81522 0.04927
1.00000 1.00000 1.00000

-0.00000 -0.00000 0.16057
-0.16901 0.00454 -0.03362 0.98503
1.00000 1.00000 1.00000

0.00000 -0.00000 0.17913
0.06525 0.00000 0.00000 0.99787
1.00000 1.00000 1.00000

0.00000 -0.00000 0.23445
0.01127 0.00000 0.00000 0.99994
1.00000 1.00000 1.00000

-0.00000 0.00000 0.22946
-0.02012 -0.82082 0.11518 0.55910
1.00000 1.00000 1.00000

-0.00000 -0.00000 0.20646
-0.18543 -0.49288 0.05938 0.84803
1.00000 1.00000 1.00000

-0.00000 0.00000 0.25925
-0.00318 0.00090 -0.00442 0.99998
1.00000 1.00000 1.00000

-0.00000 -0.00000 0.24513
-0.18740 -0.03366 -0.45750 0.86858
1.00000 1.00000 1.00000

-0.04602 -0.00223 0.01586
-0.07912 -0.23108 0.50021 0.83074
1.00000 1.00000 1.00000

-0.00000 0.00000 0.05261
0.04058 0.01245 -0.01588 0.99897
1.00000 1.00000 1.00000

-0.00000 0.00000 0.03427
0.14913 0.00250 -0.02800 0.98842
1.00000 1.00000 1.00000

-0.02957 0.02510 0.09603
-0.00492 0.06259 0.95556 0.28804
1.00000 1.00000 1.00000

-0.00000 0.00000 0.03810
-0.15513 -0.00254 0.01004 0.98784
1.00000 1.00000 1.00000

0.00000 -0.00000 0.03016
-0.14451 -0.00432 -0.00825 0.98946
1.00000 1.00000 1.00000

0.00733 -0.00334 0.09627
0.01930 -0.12368 0.92535 0.35785
1.00000 1.00000 1.00000

-0.00000 0.00000 0.03768
-0.06777 0.04184 -0.04238 0.99592
1.00000 1.00000 1.00000

0.00000 -0.00000 0.02689
-0.17781 -0.01259 -0.01214 0.98391
1.00000 1.00000 1.00000

-0.00000 -0.00000 0.08296
-0.36735 -0.36371 0.00000 0.85602
1.00000 1.00000 1.00000

-0.00000 0.00000 0.22946
-0.10910 0.00000 -0.00000 0.99403
1.00000 1.00000 1.00000

0.00000 -0.00000 0.07395
-0.05030 -0.00000 -0.00000 0.99873
1.00000 1.00000 1.00000

0.00000 0.00000 0.22946
-0.02012 0.82082 -0.11518 0.55910
1.00000 1.00000 1.00000

0.00000 -0.00000 0.20646
-0.16810 0.49570 -0.06986 0.84920
1.00000 1.00000 1.00000

0.00000 -0.00000 0.25925
-0.04991 -0.01422 0.00441 0.99864
1.00000 1.00000 1.00000

0.00000 -0.00000 0.24513
-0.15794 0.06254 0.46946 0.86646
1.00000 1.00000 1.00000

0.04602 -0.00223 0.01586
-0.07912 0.23108 -0.50021 0.83074
1.00000 1.00000 1.00000

-0.00000 -0.00000 0.05261
0.04058 -0.01245 0.01588 0.99897
1.00000 1.00000 1.00000

-0.00000 -0.00000 0.03427
0.14913 -0.00250 0.02800 0.98842
1.00000 1.00000 1.00000

0.02957 0.02510 0.09603
-0.00492 -0.06259 -0.95556 0.28804
1.00000 1.00000 1.00000

-0.00000 0.00000 0.03810
-0.15513 0.00254 -0.01004 0.98784
1.00000 1.00000 1.00000

0.00000 0.00000 0.03016
-0.14451 0.00432 0.00825 0.98946
1.00000 1.00000 1.00000

-0.00733 -0.00334 0.09627
0.01930 0.12368 -0.92535 0.35785
1.00000 1.00000 1.00000

0.00000 -0.00000 0.03768
-0.06777 -0.04184 0.04238 0.99592
1.00000 1.00000 1.00000

-0.00000 -0.00000 0.02689
-0.17781 0.01259 0.01214 0.98391
1.00000 1.00000 1.00000

-0.00000 0.00000 0.08297
-0.36735 0.36371 -0.00000 0.85602
1.00000 1.00000 1.00000

0.09216 -0.02718 0.03270
-0.99641 0.00715 -0.07038 0.04658
1.00000 1.00000 1.00000

-0.00000 -0.00000 0.41053
-0.10581 -0.03283 -0.00732 0.99382
1.00000 1.00000 1.00000

0.00000 -0.00000 0.42180
-0.02626 0.56435 -0.82332 0.05447
1.00000 1.00000 1.00000

0.00000 -0.00000 0.16057
-0.16901 -0.00454 0.03362 0.98503
1.00000 1.00000 1.00000

KEYFRAME: 25
TIMESTAMP: 0.83333
0.00000 0.89046 -0.02564
-0.00000 0.70711 0.70711 0.00000
1.00000 1.00000 1.00000

-0.09216 -0.02718 0.03270
-0.99675 -0.00748 0.06874 0.04124
1.00000 1.00000 1.00000

-0.00000 -0.00000 0.41053
-0.09580 0.02972 0.00733 0.99493
1.00000 1.00000 1.00000

0.00000 0.00000 0.42180
-0.02523 -0.56102 0.82557 0.05524
1.00000 1.00000 1.00000

-0.00000 -0.00000 0.16057
-0.16901 0.00454 -0.03362 0.98503
1.00000 1.00000 1.00000

0.00000 -0.00000 0.17913
0.06525 0.00000 0.00000 0.99787
1.00000 1.00000 1.00000

0.00000 -0.00000 0.23445
0.01127 0.00000 0.00000 0.99994
1.00000 1.00000 1.00000

-0.00000 0.00000 0.22946
-0.02012 -0.82082 0.11518 0.55910
1.00000 1.00000 1.00000

-0.00000 -0.00000 0.20646
-0.17769 -0.49594 0.06525 0.84747
1.00000 1.00000 1.00000

-0.00000 -0.00000 0.25925
-0.00276 0.00079 -0.00442 0.99999
1.00000 1.00000 1.00000

-0.00000 -0.00000 0.24513
-0.15464 -0.02192 -0.45786 0.87520
1.00000 1.00000 1.00000

-0.04602 -0.00223 0.01586
-0.07912 -0.23108 0.50021 0.83074
1.00000 1.00000 1.00000

-0.00000 0.00000 0.05261
0.04058 0.01245 -0.01588 0.99897
1.00000 1.00000 1.00000

-0.00000 0.00000 0.03427
0.14913 0.00250 -0.02800 0.98842
1.00000 1.00000 1.00000

-0.02957 0.02510 0.09603
-0.00492 0.06259 0.95556 0.28804
1.00000 1.00000 1.00000

-0.00000 -0.00000 0.03810
-0.15513 -0.00254 0.01004 0.98784
1.00000 1.00000 1.00000

-0.00000 0.00000 0.03016
-0.14451 -0.00432 -0.00825 0.98946
1.00000 1.00000 1.00000

0.00733 -0.00334 0.09627
0.01930 -0.12368 0.92535 0.35785
1.00000 1.00000 1.00000

-0.00000 0.00000 0.03768
-0.06777 0.04184 -0.04238 0.99592
1.00000 1.00000 1.00000

0.00000 -0.00000 0.02689
-0.17781 -0.01259 -0.01214 0.98391
1.00000 1.00000 1.00000

-0.00000 -0.00000 0.08296
-0.36735 -0.36371 0.00000 0.85602
1.00000 1.00000 1.00000

-0.00000 0.00000 0.22946
-0.11681 -0.00000 -0.00000 0.99315
1.00000 1.00000 1.00000

0.00000 -0.00000 0.07396
-0.05030 -0.00000 -0.00000 0.99873
1.00000 1.00000 1.00000

0.00000 0.00000 0.22946
-0.02012 0.82082 -0.11518 0.55910
1.00000 1.00000 1.00000

0.00000 -0.00000 0.20646
-0.17860 0.49499 -0.06432 0.84791
1.00000 1.00000 1.00000

0.00000 -0.00000 0.25925
-0.00319 -0.00091 0.00442 0.99998
1.00000 1.00000 1.00000

0.00000 -0.00000 0.24513
-0.14310 0.05458 0.46820 0.87025
1.00000 1.00000 1.00000

0.04602 -0.00223 0.01586
-0.07912 0.23108 -0.50021 0.83074
1.00000 1.00000 1.00000

-0.00000 0.00000 0.05261
0.04058 -0.01245 0.01588 0.99897
1.00000 1.00000 1.00000

-0.00000 0.00000 0.03427
0.14913 -0.00250 0.02800 0.98842
1.00000 1.00000 1.00000

0.02957 0.02510 0.09603
-0.00492 -0.06259 -0.95556 0.28804
1.00000 1.00000 1.00000

-0.00000 0.00000 0.03810
-0.15513 0.00254 -0.01004 0.98784
1.00000 1.00000 1.00000

0.00000 -0.00000 0.03016
-0.14451 0.00432 0.00825 0.98946
1.00000 1.00000 1.00000

-0.00733 -0.00334 0.09627
0.01930 0.12368 -0.92535 0.35785
1.00000 1.00000 1.00000

0.00000 -0.00000 0.03768
-0.06777 -0.04184 0.04238 0.99592
1.00000 1.00000 1.00000

-0.00000 -0.00000 0.02689
-0.17781 0.01259 0.01214 0.98391
1.00000 1.00000 1.00000

-0.00000 -0.00000 0.08296
-0.36735 0.36371 -0.00000 0.85602
1.00000 1.00000 1.00000

0.09216 -0.02718 0.03270
-0.99675 0.00748 -0.06874 0.04124
1.00000 1.00000 1.00000

0.00000 -0.00000 0.41053
-0.09580 -0.02972 -0.00733 0.99493
1.00000 1.00000 1.00000

0.00000 -0.00000 0.42180
-0.02523 0.56102 -0.82557 0.05524
1.00000 1.00000 1.00000

0.00000 -0.00000 0.16057
-0.16901 -0.00454 0.03362 0.98503
1.00000 1.00000 1.00000


ANIMATION_NAME: Run
DURATION: 0.63333

KEYFRAME: 0
TIMESTAMP: 0.00000
0.00000 0.89046 -0.02564
-0.00000 0.70711 0.70711 0.00000
1.00000 1.00000 1.00000

-0.09216 -0.02718 0.03270
-0.99675 -0.00748 0.06874 0.04124
1.00000 1.00000 1.00000

-0.00000 -0.00000 0.41053
-0.09580 0.02972 0.00733 0.99493
1.00000 1.00000 1.00000

0.00000 0.00000 0.42180
-0.02523 -0.56102 0.82557 0.05524
1.00000 1.00000 1.00000

-0.00000 -0.00000 0.16057
-0.16901 0.00454 -0.03362 0.98503
1.00000 1.00000 1.00000

0.00000 -0.00000 0.17913
0.06525 0.00000 0.00000 0.99787
1.00000 1.00000 1.00000

0.00000 -0.00000 0.23445
0.01127 0.00000 0.00000 0.99994
1.00000 1.00000 1.00000

-0.00000 0.00000 0.22946
-0.02012 -0.82082 0.11518 0.55910
1.00000 1.00000 1.00000

-0.00000 -0.00000 0.20646
-0.02739 -0.23469 -0.00580 0.97167
1.00000 1.00000 1.00000

-0.00000 0.00000 0.25925
-0.24942 0.07107 -0.00427 0.96577
1.00000 1.00000 1.00000

-0.00000 -0.00000 0.24513
0.00164 -0.05123 -0.36740 0.92865
1.00000 1.00000 1.00000

-0.04602 -0.00223 0.01586
-0.07912 -0.23108 0.50021 0.83074
1.00000 1.00000 1.00000

-0.00000 -0.00000 0.05261
0.04058 0.01245 -0.01588 0.99897
1.00000 1.00000 1.00000

-0.00000 -0.00000 0.03427
0.14913 0.00250 -0.02800 0.98842
1.00000 1.00000 1.00000

-0.02957 0.02510 0.09603
-0.00492 0.06259 0.95556 0.28804
1.00000 1.00000 1.00000

-0.00000 0.00000 0.03810
-0.15513 -0.00254 0.01004 0.98784
1.00000 1.00000 1.00000

0.00000 -0.00000 0.03016
-0.14451 -0.00432 -0.00825 0.98946
1.00000 1.00000 1.00000

0.00733 -0.00334 0.09627
0.01930 -0.12368 0.92535 0.35785
1.00000 1.00000 1.00000

-0.00000 -0.00000 0.03768
-0.06777 0.04184 -0.04238 0.99592
1.00000 1.00000 1.00000

0.00000 -0.00000 0.02689
-0.17781 -0.01259 -0.01214 0.98391
1.00000 1.00000 1.00000

-0.00000 0.00000 0.08297
-0.36735 -0.36371 0.00000 0.85602
1.00000 1.00000 1.00000

-0.00000 0.00000 0.22946
-0.11681 -0.00000 -0.00000 0.99315
1.00000 1.00000 1.00000

0.00000 -0.00000 0.07396
-0.05030 -0.00000 -0.00000 0.99873
1.00000 1.00000 1.00000

0.00000 0.00000 0.22946
-0.02012 0.82082 -0.11518 0.55910
1.00000 1.00000 1.00000

0.00000 -0.00000 0.20646
-0.02739 0.23469 0.00580 0.97167
1.00000 1.00000 1.00000

0.00000 -0.00000 0.25925
-0.24942 -0.07107 0.00427 0.96577
1.00000 1.00000 1.00000

0.00000 -0.00000 0.24513
0.00164 0.05123 0.36740 0.92865
1.00000 1.00000 1.00000

0.04602 -0.00223 0.01586
-0.07912 0.23108 -0.50021 0.83074
1.00000 1.00000 1.00000

-0.00000 -0.00000 0.05261
0.04058 -0.01245 0.01588 0.99897
1.00000 1.00000 1.00000

-0.00000 -0.00000 0.03427
0.14913 -0.00250 0.02800 0.98842
1.00000 1.00000 1.00000

0.02957 0.02510 0.09603
-0.00492 -0.06259 -0.95556 0.28804
1.00000 1.00000 1.00000

0.00000 0.00000 0.03810
-0.15513 0.00254 -0.01004 0.98784
1.00000 1.00000 1.00000

0.00000 0.00000 0.03016
-0.14451 0.00432 0.00825 0.98946
1.00000 1.00000 1.00000

-0.00733 -0.00334 0.09627
0.01930 0.12368 -0.92535 0.35785
1.00000 1.00000 1.00000

0.00000 0.00000 0.03768
-0.06777 -0.04184 0.04238 0.99592
1.00000 1.00000 1.00000

-0.00000 -0.00000 0.02689
-0.17781 0.01259 0.01214 0.98391
1.00000 1.00000 1.00000

-0.00000 -0.00000 0.08297
-0.36735 0.36371 -0.00000 0.85602
1.00000 1.00000 1.00000

0.09216 -0.02718 0.03270
-0.99675 0.00748 -0.06874 0.04124
1.00000 1.00000 1.00000

0.00000 -0.00000 0.41053
-0.09580 -0.02972 -0.00733 0.99493
1.00000 1.00000 1.00000

0.00000 -0.00000 0.42180
-0.02523 0.56102 -0.82557 0.05524
1.00000 1.00000 1.00000

0.00000 -0.00000 0.16057
-0.16901 -0.00454 0.03362 0.98503
1.00000 1.00000 1.00000

KEYFRAME: 1
TIMESTAMP: 0.03333
0.00000 0.79497 -0.02564
-0.00000 0.60876 0.79335 0.00000
1.00000 1.00000 1.00000

-0.09216 -0.02718 0.03270
-0.87407 0.11909 0.05794 0.46741
1.00000 1.00000 1.00000

-0.00000 -0.00000 0.41053
-0.20081 0.06230 0.00720 0.97762
1.00000 1.00000 1.00000

-0.00000 0.00000 0.42180
-0.11414 -0.58516 0.79953 0.07289
1.00000 1.00000 1.00000

-0.00000 -0.00000 0.16057
-0.16901 0.00454 -0.03362 0.98503
1.00000 1.00000 1.00000

-0.00000 -0.00000 0.17913
0.06525 0.00000 0.00000 0.99787
1.00000 1.00000 1.00000

0.00000 -0.00000 0.23445
0.01127 0.00000 0.00000 0.99994
1.00000 1.00000 1.00000

-0.00000 0.00000 0.22946
-0.12482 -0.80327 0.04193 0.58088
1.00000 1.00000 1.00000

-0.00000 0.00000 0.20646
0.12221 -0.56196 0.04899 0.81662
1.00000 1.00000 1.00000

-0.00000 0.00000 0.25925
-0.68572 0.19539 -0.00310 0.70114
1.00000 1.00000 1.00000

-0.00000 -0.00000 0.24513
-0.01594 0.02737 -0.34133 0.93941
1.00000 1.00000 1.00000

-0.04602 -0.00223 0.01586
-0.07912 -0.23108 0.50021 0.83074
1.00000 1.00000 1.00000

0.00000 -0.00000 0.05261
0.38743 0.00611 -0.01923 0.92168
1.00000 1.00000 1.00000

0.00000 0.00000 0.03427
0.45983 -0.00666 -0.02731 0.88756
1.00000 1.00000 1.00000

-0.03099 0.02302 0.09687
-0.19915 -0.60273 0.74412 0.20816
1.00000 1.00000 1.00000

-0.00000 0.00000 0.03810
-0.46759 -0.00567 0.00867 0.88389
1.00000 1.00000 1.00000

0.00000 -0.00000 0.03016
-0.43536 -0.00164 -0.00917 0.90021
1.00000 1.00000 1.00000

0.00427 -0.00657 0.09507
-0.22876 -0.71900 0.59549 0.27586
1.00000 1.00000 1.00000

-0.00024 -0.00147 0.03631
-0.38759 0.05334 -0.02649 0.91990
1.00000 1.00000 1.00000

0.00007 -0.00097 0.02396
-0.46545 -0.00835 -0.01536 0.88490
1.00000 1.00000 1.00000

0.00000 -0.00000 0.08297
-0.36735 -0.36371 0.00000 0.85602
1.00000 1.00000 1.00000

-0.00000 0.00000 0.22946
-0.11681 -0.00000 -0.00000 0.99315
1.00000 1.00000 1.00000

0.00000 -0.00000 0.07395
-0.05030 -0.00000 -0.00000 0.99873
1.00000 1.00000 1.00000

0.00000 0.00000 0.22946
-0.02012 0.82082 -0.11518 0.55910
1.00000 1.00000 1.00000

0.00000 0.00000 0.20646
0.00478 0.54168 -0.15829 0.82553
1.00000 1.00000 1.00000

0.00000 -0.00000 0.25925
-0.67379 -0.19199 0.00315 0.71354
1.00000 1.00000 1.00000

0.00000 -0.00000 0.24513
-0.04998 -0.08052 0.45141 0.88727
1.00000 1.00000 1.00000

0.04602 -0.00223 0.01586
-0.07912 0.23108 -0.50021 0.83074
1.00000 1.00000 1.00000

-0.00000 0.00000 0.05261
0.49242 -0.00382 0.01982 0.87012
1.00000 1.00000 1.00000

0.00000 -0.00000 0.03427
0.30000 0.00186 0.02805 0.95352
1.00000 1.00000 1.00000

0.03100 0.02301 0.09687
-0.20001 0.60580 -0.74162 0.20734
1.00000 1.00000 1.00000

-0.00000 -0.00000 0.03810
-0.55309 0.00650 -0.00806 0.83306
1.00000 1.00000 1.00000

0.00000 0.00000 0.03016
-0.69950 -0.00136 0.00921 0.71457
1.00000 1.00000 1.00000

-0.00426 -0.00658 0.09505
-0.22990 0.72146 -0.59251 0.27491
1.00000 1.00000 1.00000

0.00031 -0.00206 0.03610
-0.47707 -0.05571 0.02106 0.87685
1.00000 1.00000 1.00000

-0.00008 -0.00316 0.02215
-0.72315 0.00302 0.01722 0.69047
1.00000 1.00000 1.00000

-0.00000 -0.00000 0.08297
-0.36735 0.36371 -0.00000 0.85602
1.00000 1.00000 1.00000

0.09216 -0.02718 0.03270
-0.99154 -0.12631 0.00309 -0.02968
1.00000 1.00000 1.00000

-0.00000 0.00000 0.41053
-0.65970 -0.20467 -0.00533 0.72311
1.00000 1.00000 1.00000

-0.00000 -0.00000 0.42180
-0.10636 0.47133 -0.87136 0.08524
1.00000 1.00000 1.00000

0.00000 -0.00000 0.16057
-0.16901 -0.00454 0.03362 0.98503
1.00000 1.00000 1.00000

KEYFRAME: 2
TIMESTAMP: 0.06667
0.00000 0.73453 -0.02564
-0.00000 0.60876 0.79335 0.00000
1.00000 1.00000 1.00000

-0.09216 -0.02718 0.03270
-0.81398 0.10597 0.07186 0.56661
1.00000 1.00000 1.00000

0.00000 0.00000 0.41053
-0.38078 0.11814 0.00675 0.91706
1.00000 1.00000 1.00000

-0.00000 0.00000 0.42180
-0.13222 -0.62258 0.76754 0.07609
1.00000 1.00000 1.00000

-0.00000 -0.00000 0.16057
-0.16901 0.00454 -0.03362 0.98503
1.00000 1.00000 1.00000

0.00000 -0.00000 0.17913
0.06525 0.00000 0.00000 0.99787
1.00000 1.00000 1.00000

-0.00000 -0.00000 0.23445
0.01127 0.00000 0.00000 0.99994
1.00000 1.00000 1.00000

-0.00000 0.00000 0.22946
-0.12389 -0.80349 0.04259 0.58073
1.00000 1.00000 1.00000

0.00000 0.00000 0.20646
0.05198 -0.55826 0.02846 0.82755
1.00000 1.00000 1.00000

0.00000 0.00000 0.25925
-0.67181 0.19142 -0.00316 0.71556
1.00000 1.00000 1.00000

-0.00000 -0.00000 0.24513
-0.05471 0.05340 -0.34579 0.93519
1.00000 1.00000 1.00000

-0.04602 -0.00223 0.01586
-0.07912 -0.23108 0.50021 0.83074
1.00000 1.00000 1.00000

-0.00000 -0.00000 0.05261
0.38743 0.00611 -0.01923 0.92168
1.00000 1.00000 1.00000

0.00000 0.00000 0.03427
0.45983 -0.00666 -0.02731 0.88756
1.00000 1.00000 1.00000

-0.03099 0.02302 0.09687
-0.19915 -0.60273 0.74412 0.20816
1.00000 1.00000 1.00000

0.00000 -0.00000 0.03810
-0.46759 -0.00567 0.00867 0.88389
1.00000 1.00000 1.00000

-0.00000 0.00000 0.03016
-0.43536 -0.00164 -0.00917 0.90021
1.00000 1.00000 1.00000

0.00427 -0.00657 0.09507
-0.22876 -0.71900 0.59549 0.27586
1.00000 1.00000 1.00000

-0.00024 -0.00147 0.03631
-0.38759 0.05334 -0.02649 0.91990
1.00000 1.00000 1.00000

0.00007 -0.00097 0.02396
-0.46545 -0.00835 -0.01536 0.88490
1.00000 1.00000 1.00000

-0.00000 0.00000 0.08297
-0.36735 -0.36371 0.00000 0.85602
1.00000 1.00000 1.00000

-0.00000 0.00000 0.22946
-0.12001 -0.00000 -0.00000 0.99277
1.00000 1.00000 1.00000

0.00000 -0.00000 0.07396
-0.05030 -0.00000 -0.00000 0.99873
1.00000 1.00000 1.00000

0.00000 0.00000 0.22946
-0.02371 0.82045 -0.11270 0.56000
1.00000 1.00000 1.00000

0.00000 0.00000 0.20646
0.11010 0.56623 -0.24084 0.78055
1.00000 1.00000 1.00000

-0.00000 -0.00000 0.25925
-0.72265 -0.20591 0.00292 0.65982
1.00000 1.00000 1.00000

0.00000 -0.00000 0.24513
-0.02857 -0.10698 0.43833 0.89197
1.00000 1.00000 1.00000

0.04602 -0.00223 0.01586
-0.07912 0.23108 -0.50021 0.83074
1.00000 1.00000 1.00000

0.00000 0.00000 0.05261
0.49242 -0.00382 0.01982 0.87012
1.00000 1.00000 1.00000

0.00000 0.00000 0.03427
0.30000 0.00186 0.02805 0.95352
1.00000 1.00000 1.00000

0.03100 0.02301 0.09687
-0.20001 0.60580 -0.74162 0.20734
1.00000 1.00000 1.00000

0.00000 -0.00000 0.03810
-0.55309 0.00650 -0.00806 0.83306
1.00000 1.00000 1.00000

-0.00000 -0.00000 0.03016
-0.69950 -0.00136 0.00921 0.71457
1.00000 1.00000 1.00000

-0.00426 -0.00658 0.09505
-0.22990 0.72146 -0.59251 0.27491
1.00000 1.00000 1.00000

0.00031 -0.00206 0.03610
-0.47707 -0.05571 0.02106 0.87685
1.00000 1.00000 1.00000

-0.00008 -0.00316 0.02215
-0.72315 0.00302 0.01722 0.69047
1.00000 1.00000 1.00000

0.00000 0.00000 0.08297
-0.36735 0.36371 -0.00000 0.85602
1.00000 1.00000 1.00000

0.09216 -0.02718 0.03270
-0.98922 -0.14091 0.02666 -0.02960
1.00000 1.00000 1.00000

0.00000 -0.00000 0.41053
-0.70138 -0.21760 -0.00500 0.67874
1.00000 1.00000 1.00000

-0.00000 0.00000 0.42180
-0.11842 0.53899 -0.82701 0.10731
1.00000 1.00000 1.00000

0.00000 -0.00000 0.16057
-0.16901 -0.00454 0.03362 0.98503
1.00000 1.00000 1.00000

KEYFRAME: 3
TIMESTAMP: 0.10000
0.00000 0.70349 -0.02564
-0.00000 0.60876 0.79335 0.00000
1.00000 1.00000 1.00000

-0.09216 -0.02718 0.03270
-0.79206 0.09829 0.07610 0.59766
1.00000 1.00000 1.00000

0.00000 0.00000 0.41053
-0.44548 0.13821 0.00651 0.88453
1.00000 1.00000 1.00000

-0.00000 -0.00000 0.42180
-0.14509 -0.59356 0.78541 0.09885
1.00000 1.00000 1.00000

-0.00000 -0.00000 0.16057
-0.16901 0.00454 -0.03362 0.98503
1.00000 1.00000 1.00000

-0.00000 0.00000 0.17913
0.06525 0.00000 0.00000 0.99787
1.00000 1.00000 1.00000

-0.00000 -0.00000 0.23445
0.01127 0.00000 0.00000 0.99994
1.00000 1.00000 1.00000

-0.00000 0.00000 0.22946
-0.12126 -0.80410 0.04445 0.58029
1.00000 1.00000 1.00000

-0.00000 -0.00000 0.20646
0.00029 -0.54256 0.00751 0.83999
1.00000 1.00000 1.00000

-0.00000 -0.00000 0.25925
-0.64794 0.18462 -0.00327 0.73897
1.00000 1.00000 1.00000

-0.00000 -0.00000 0.24513
-0.07583 0.06340 -0.35431 0.92989
1.00000 1.00000 1.00000

-0.04602 -0.00223 0.01586
-0.07912 -0.23108 0.50021 0.83074
1.00000 1.00000 1.00000

0.00000 0.00000 0.05261
0.38743 0.00611 -0.01923 0.92168
1.00000 1.00000 1.00000

0.00000 -0.00000 0.03427
0.45983 -0.00666 -0.02731 0.88756
1.00000 1.00000 1.00000

-0.03099 0.02302 0.09687
-0.19915 -0.60273 0.74412 0.20816
1.00000 1.00000 1.00000

-0.00000 -0.00000 0.03810
-0.46759 -0.00567 0.00867 0.88389
1.00000 1.00000 1.00000

0.00000 0.00000 0.03016
-0.43536 -0.00164 -0.00917 0.90021
1.00000 1.00000 1.00000

0.00427 -0.00657 0.09507
-0.22876 -0.71900 0.59549 0.27586
1.00000 1.00000 1.00000

-0.00024 -0.00147 0.03631
-0.38759 0.05334 -0.02649 0.91990
1.00000 1.00000 1.00000

0.00007 -0.00097 0.02396
-0.46545 -0.00835 -0.01536 0.88490
1.00000 1.00000 1.00000

-0.00000 -0.00000 0.08297
-0.36735 -0.36371 0.00000 0.85602
1.00000 1.00000 1.00000

-0.00000 0.00000 0.22946
-0.12803 -0.00000 -0.00000 0.99177
1.00000 1.00000 1.00000

0.00000 -0.00000 0.07396
-0.05030 -0.00000 -0.00000 0.99873
1.00000 1.00000 1.00000

0.00000 0.00000 0.22946
-0.03336 0.81938 -0.10603 0.56238
1.00000 1.00000 1.00000

0.00000 0.00000 0.20646
0.22618 0.55496 -0.29553 0.74399
1.00000 1.00000 1.00000

-0.00000 0.00000 0.25925
-0.69843 -0.19901 0.00304 0.68745
1.00000 1.00000 1.00000

0.00000 -0.00000 0.24513
0.02358 -0.10833 0.47068 0.87531
1.00000 1.00000 1.00000

0.04602 -0.00223 0.01586
-0.07912 0.23108 -0.50021 0.83074
1.00000 1.00000 1.00000

0.00000 -0.00000 0.05261
0.49242 -0.00382 0.01982 0.87012
1.00000 1.00000 1.00000

-0.00000 0.00000 0.03427
0.30000 0.00186 0.02805 0.95352
1.00000 1.00000 1.00000

0.03100 0.02301 0.09687
-0.20001 0.60580 -0.74162 0.20734
1.00000 1.00000 1.00000

0.00000 -0.00000 0.03810
-0.55309 0.00650 -0.00806 0.83306
1.00000 1.00000 1.00000

0.00000 -0.00000 0.03016
-0.69950 -0.00136 0.00921 0.71457
1.00000 1.00000 1.00000

-0.00426 -0.00658 0.09505
-0.22990 0.72146 -0.59251 0.27491
1.00000 1.00000 1.00000

0.00031 -0.00206 0.03610
-0.47707 -0.05571 0.02106 0.87685
1.00000 1.00000 1.00000

-0.00008 -0.00316 0.02215
-0.72315 0.00302 0.01722 0.69047
1.00000 1.00000 1.00000

0.00000 -0.00000 0.08297
-0.36735 0.36371 -0.00000 0.85602
1.00000 1.00000 1.00000

0.09216 -0.02718 0.03270
-0.98909 -0.14340 0.02629 0.02127
1.00000 1.00000 1.00000

-0.00000 0.00000 0.41053
-0.74945 -0.23252 -0.00456 0.61987
1.00000 1.00000 1.00000

0.00000 0.00000 0.42180
-0.12958 0.59586 -0.78472 0.11126
1.00000 1.00000 1.00000

0.00000 -0.00000 0.16057
-0.16901 -0.00454 0.03362 0.98503
1.00000 1.00000 1.00000

KEYFRAME: 4
TIMESTAMP: 0.13333
0.00000 0.69206 -0.02564
-0.00000 0.60876 0.79335 0.00000
1.00000 1.00000 1.00000

-0.09216 -0.02718 0.03270
-0.78896 0.09105 0.07704 0.60276
1.00000 1.00000 1.00000

-0.00000 -0.00000 0.41053
-0.48901 0.15171 0.00633 0.85896
1.00000 1.00000 1.00000

0.00000 -0.00000 0.42180
-0.15442 -0.56374 0.80216 0.12203
1.00000 1.00000 1.00000

-0.00000 -0.00000 0.16057
-0.16901 0.00454 -0.03362 0.98503
1.00000 1.00000 1.00000

0.00000 -0.00000 0.17913
0.06525 0.00000 0.00000 0.99787
1.00000 1.00000 1.00000

-0.00000 -0.00000 0.23445
0.01127 0.00000 0.00000 0.99994
1.00000 1.00000 1.00000

-0.00000 0.00000 0.22946
-0.11713 -0.80504 0.04738 0.57960
1.00000 1.00000 1.00000

-0.00000 -0.00000 0.20646
-0.03343 -0.52495 -0.00623 0.85046
1.00000 1.00000 1.00000

-0.00000 -0.00000 0.25925
-0.62532 0.17818 -0.00336 0.75975
1.00000 1.00000 1.00000

-0.00000 -0.00000 0.24513
-0.08384 0.06591 -0.36448 0.92508
1.00000 1.00000 1.00000

-0.04602 -0.00223 0.01586
-0.07912 -0.23108 0.50021 0.83074
1.00000 1.00000 1.00000

0.00000 -0.00000 0.05261
0.38743 0.00611 -0.01923 0.92168
1.00000 1.00000 1.00000

-0.00000 0.00000 0.03427
0.45983 -0.00666 -0.02731 0.88756
1.00000 1.00000 1.00000

-0.03099 0.02302 0.09687
-0.19915 -0.60273 0.74412 0.20816
1.00000 1.00000 1.00000

-0.00000 0.00000 0.03810
-0.46759 -0.00567 0.00867 0.88389
1.00000 1.00000 1.00000

-0.00000 -0.00000 0.03016
-0.43536 -0.00164 -0.00917 0.90021
1.00000 1.00000 1.00000

0.00427 -0.00657 0.09507
-0.22876 -0.71900 0.59549 0.27586
1.00000 1.00000 1.00000

-0.00024 -0.00147 0.03631
-0.38759 0.05334 -0.02649 0.91990
1.00000 1.00000 1.00000

0.00007 -0.00097 0.02396
-0.46545 -0.00835 -0.01536 0.88490
1.00000 1.00000 1.00000

0.00000 -0.00000 0.08297
-0.36735 -0.36371 0.00000 0.85602
1.00000 1.00000 1.00000

-0.00000 0.00000 0.22946
-0.13844 -0.00000 -0.00000 0.99037
1.00000 1.00000 1.00000

0.00000 -0.00000 0.07395
-0.05030 -0.00000 -0.00000 0.99873
1.00000 1.00000 1.00000

0.00000 0.00000 0.22946
-0.04734 0.81761 -0.09635 0.56567
1.00000 1.00000 1.00000

0.00000 0.00000 0.20646
0.28113 0.54068 -0.30364 0.73241
1.00000 1.00000 1.00000

0.00000 -0.00000 0.25925
-0.60893 -0.17351 0.00342 0.77401
1.00000 1.00000 1.00000

0.00000 -0.00000 0.24513
0.07298 -0.08168 0.49948 0.85937
1.00000 1.00000 1.00000

0.04602 -0.00223 0.01586
-0.07912 0.23108 -0.50021 0.83074
1.00000 1.00000 1.00000

0.00000 0.00000 0.05261
0.49242 -0.00382 0.01982 0.87012
1.00000 1.00000 1.00000

0.00000 0.00000 0.03427
0.30000 0.00186 0.02805 0.95352
1.00000 1.00000 1.00000

0.03100 0.02301 0.09687
-0.20001 0.60580 -0.74162 0.20734
1.00000 1.00000 1.00000

0.00000 -0.00000 0.03810
-0.55309 0.00650 -0.00806 0.83306
1.00000 1.00000 1.00000

-0.00000 -0.00000 0.03016
-0.69950 -0.00136 0.00921 0.71457
1.00000 1.00000 1.00000

-0.00426 -0.00658 0.09505
-0.22990 0.72146 -0.59251 0.27491
1.00000 1.00000 1.00000

0.00031 -0.00206 0.03610
-0.47707 -0.05571 0.02106 0.87685
1.00000 1.00000 1.00000

-0.00008 -0.00316 0.02215
-0.72315 0.00302 0.01722 0.69047
1.00000 1.00000 1.00000

-0.00000 0.00000 0.08297
-0.36735 0.36371 -0.00000 0.85602
1.00000 1.00000 1.00000

0.09216 -0.02718 0.03270
-0.98253 -0.13113 -0.00346 0.13200
1.00000 1.00000 1.00000

0.00000 -0.00000 0.41053
-0.80115 -0.24855 -0.00401 0.54440
1.00000 1.00000 1.00000

0.00000 -0.00000 0.42180
-0.14175 0.63675 -0.75233 0.09193
1.00000 1.00000 1.00000

0.00000 -0.00000 0.16057
-0.16901 -0.00454 0.03362 0.98503
1.00000 1.00000 1.00000

KEYFRAME: 5
TIMESTAMP: 0.16667
0.00000 0.69042 -0.02564
-0.00000 0.60876 0.79335 0.00000
1.00000 1.00000 1.00000

-0.09216 -0.02718 0.03270
-0.79750 0.08213 0.07708 0.59271
1.00000 1.00000 1.00000

-0.00000 -0.00000 0.41053
-0.54094 0.16782 0.00607 0.82412
1.00000 1.00000 1.00000

-0.00000 -0.00000 0.42180
-0.15756 -0.57760 0.79047 0.12929
1.00000 1.00000 1.00000

-0.00000 -0.00000 0.16057
-0.16901 0.00454 -0.03362 0.98503
1.00000 1.00000 1.00000

0.00000 -0.00000 0.17913
0.06525 0.00000 0.00000 0.99787
1.00000 1.00000 1.00000

-0.00000 -0.00000 0.23445
0.01127 0.00000 0.00000 0.99994
1.00000 1.00000 1.00000

-0.00000 0.00000 0.22946
-0.11171 -0.80625 0.05122 0.57867
1.00000 1.00000 1.00000

-0.00000 0.00000 0.20646
-0.05052 -0.51501 -0.00914 0.85564
1.00000 1.00000 1.00000

-0.00000 -0.00000 0.25925
-0.61377 0.17488 -0.00340 0.76987
1.00000 1.00000 1.00000

-0.00000 -0.00000 0.24513
-0.08464 0.06669 -0.37081 0.92244
1.00000 1.00000 1.00000

-0.04602 -0.00223 0.01586
-0.07912 -0.23108 0.50021 0.83074
1.00000 1.00000 1.00000

0.00000 -0.00000 0.05261
0.38743 0.00611 -0.01923 0.92168
1.00000 1.00000 1.00000

0.00000 -0.00000 0.03427
0.45983 -0.00666 -0.02731 0.88756
1.00000 1.00000 1.00000

-0.03099 0.02302 0.09687
-0.19915 -0.60273 0.74412 0.20816
1.00000 1.00000 1.00000

0.00000 -0.00000 0.03810
-0.46759 -0.00567 0.00867 0.88389
1.00000 1.00000 1.00000

-0.00000 0.00000 0.03016
-0.43536 -0.00164 -0.00917 0.90021
1.00000 1.00000 1.00000

0.00427 -0.00657 0.09507
-0.22876 -0.71900 0.59549 0.27586
1.00000 1.00000 1.00000

-0.00024 -0.00147 0.03631
-0.38759 0.05334 -0.02649 0.91990
1.00000 1.00000 1.00000

0.00007 -0.00097 0.02396
-0.46545 -0.00835 -0.01536 0.88490
1.00000 1.00000 1.00000

0.00000 -0.00000 0.08297
-0.36735 -0.36371 0.00000 0.85602
1.00000 1.00000 1.00000

-0.00000 0.00000 0.22946
-0.14884 -0.00000 -0.00000 0.98886
1.00000 1.00000 1.00000

-0.00000 -0.00000 0.07396
-0.05030 -0.00000 -0.00000 0.99873
1.00000 1.00000 1.00000

0.00000 0.00000 0.22946
-0.06391 0.81520 -0.08481 0.56936
1.00000 1.00000 1.00000

0.00000 0.00000 0.20646
0.29163 0.54369 -0.28825 0.73231
1.00000 1.00000 1.00000

0.00000 -0.00000 0.25925
-0.53629 -0.15281 0.00367 0.83008
1.00000 1.00000 1.00000

0.00000 -0.00000 0.24513
0.07952 -0.06038 0.50658 0.85639
1.00000 1.00000 1.00000

0.04602 -0.00223 0.01586
-0.07912 0.23108 -0.50021 0.83074
1.00000 1.00000 1.00000

0.00000 0.00000 0.05261
0.49242 -0.00382 0.01982 0.87012
1.00000 1.00000 1.00000

0.00000 0.00000 0.03427
0.30000 0.00186 0.02805 0.95352
1.00000 1.00000 1.00000

0.03100 0.02301 0.09687
-0.20001 0.60580 -0.74162 0.20734
1.00000 1.00000 1.00000

0.00000 -0.00000 0.03810
-0.55309 0.00650 -0.00806 0.83306
1.00000 1.00000 1.00000

-0.00000 0.00000 0.03016
-0.69950 -0.00136 0.00921 0.71457
1.00000 1.00000 1.00000

-0.00426 -0.00658 0.09505
-0.22990 0.72146 -0.59251 0.27491
1.00000 1.00000 1.00000

0.00031 -0.00206 0.03610
-0.47707 -0.05571 0.02106 0.87685
1.00000 1.00000 1.00000

-0.00008 -0.00316 0.02215
-0.72315 0.00302 0.01722 0.69047
1.00000 1.00000 1.00000

0.00000 0.00000 0.08297
-0.36735 0.36371 -0.00000 0.85602
1.00000 1.00000 1.00000

0.09216 -0.02718 0.03270
-0.94322 -0.10608 -0.04957 0.31085
1.00000 1.00000 1.00000

-0.00000 -0.00000 0.41053
-0.84110 -0.26095 -0.00349 0.47375
1.00000 1.00000 1.00000

-0.00000 -0.00000 0.42180
-0.15205 0.64105 -0.74956 0.06394
1.00000 1.00000 1.00000

0.00000 -0.00000 0.16057
-0.16901 -0.00454 0.03362 0.98503
1.00000 1.00000 1.00000

KEYFRAME: 6
TIMESTAMP: 0.20000
0.00000 0.73579 -0.02564
-0.00000 0.60876 0.79335 0.00000
1.00000 1.00000 1.00000

-0.09216 -0.02718 0.03270
-0.85748 0.07868 0.06874 0.50379
1.00000 1.00000 1.00000

-0.00000 0.00000 0.41053
-0.54298 0.16846 0.00606 0.82265
1.00000 1.00000 1.00000

0.00000 0.00000 0.42180
-0.14863 -0.64335 0.74286 0.11031
1.00000 1.00000 1.00000

-0.00000 -0.00000 0.16057
-0.23898 0.00321 -0.03514 0.97038
1.00000 1.00000 1.00000

-0.00000 0.00132 0.17420
0.06525 0.00000 0.00000 0.99787
1.00000 1.00000 1.00000

0.00000 -0.00000 0.23445
0.01127 0.00000 0.00000 0.99994
1.00000 1.00000 1.00000

-0.00000 0.00000 0.22946
-0.10521 -0.80764 0.05582 0.57752
1.00000 1.00000 1.00000

0.00000 0.00000 0.20646
-0.03699 -0.52027 0.00051 0.85320
1.00000 1.00000 1.00000

0.00000 -0.00000 0.25925
-0.63226 0.18015 -0.00333 0.75352
1.00000 1.00000 1.00000

-0.00000 -0.00000 0.24513
-0.06175 0.06792 -0.37518 0.92239
1.00000 1.00000 1.00000

-0.04602 -0.00223 0.01586
-0.07912 -0.23108 0.50021 0.83074
1.00000 1.00000 1.00000

-0.00000 -0.00000 0.05261
0.38743 0.00611 -0.01923 0.92168
1.00000 1.00000 1.00000

-0.00000 0.00000 0.03427
0.45983 -0.00666 -0.02731 0.88756
1.00000 1.00000 1.00000

-0.03099 0.02302 0.09687
-0.19915 -0.60273 0.74412 0.20816
1.00000 1.00000 1.00000

0.00000 -0.00000 0.03810
-0.46759 -0.00567 0.00867 0.88389
1.00000 1.00000 1.00000

0.00000 0.00000 0.03016
-0.43536 -0.00164 -0.00917 0.90021
1.00000 1.00000 1.00000

0.00427 -0.00657 0.09507
-0.22876 -0.71900 0.59549 0.27586
1.00000 1.00000 1.00000

-0.00024 -0.00147 0.03631
-0.38759 0.05334 -0.02649 0.91990
1.00000 1.00000 1.00000

0.00007 -0.00097 0.02396
-0.46545 -0.00835 -0.01536 0.88490
1.00000 1.00000 1.00000

0.00000 -0.00000 0.08297
-0.36735 -0.36371 0.00000 0.85602
1.00000 1.00000 1.00000

-0.00000 0.00000 0.22946
-0.15682 -0.00000 -0.00000 0.98763
1.00000 1.00000 1.00000

0.00000 -0.00000 0.07395
-0.05030 -0.00000 -0.00000 0.99873
1.00000 1.00000 1.00000

0.00000 0.00000 0.22946
-0.08133 0.81228 -0.07263 0.57299
1.00000 1.00000 1.00000

0.00000 0.00000 0.20646
0.30805 0.55592 -0.27861 0.72002
1.00000 1.00000 1.00000

-0.00000 -0.00000 0.25925
-0.55408 -0.15788 0.00361 0.81735
1.00000 1.00000 1.00000

0.00000 -0.00000 0.24513
0.07236 -0.06079 0.50706 0.85672
1.00000 1.00000 1.00000

0.04602 -0.00223 0.01586
-0.07912 0.23108 -0.50021 0.83074
1.00000 1.00000 1.00000

-0.00000 -0.00000 0.05261
0.49242 -0.00382 0.01982 0.87012
1.00000 1.00000 1.00000

-0.00000 -0.00000 0.03427
0.30000 0.00186 0.02805 0.95352
1.00000 1.00000 1.00000

0.03100 0.02301 0.09687
-0.20001 0.60580 -0.74162 0.20734
1.00000 1.00000 1.00000

-0.00000 0.00000 0.03810
-0.55309 0.00650 -0.00806 0.83306
1.00000 1.00000 1.00000

0.00000 -0.00000 0.03016
-0.69950 -0.00136 0.00921 0.71457
1.00000 1.00000 1.00000

-0.00426 -0.00658 0.09505
-0.22990 0.72146 -0.59251 0.27491
1.00000 1.00000 1.00000

0.00031 -0.00206 0.03610
-0.47707 -0.05571 0.02106 0.87685
1.00000 1.00000 1.00000

-0.00008 -0.00316 0.02215
-0.72315 0.00302 0.01722 0.69047
1.00000 1.00000 1.00000

0.00000 -0.00000 0.08296
-0.36735 0.36371 -0.00000 0.85602
1.00000 1.00000 1.00000

0.09216 -0.02718 0.03270
-0.85604 -0.07548 -0.08377 0.50447
1.00000 1.00000 1.00000

0.00000 -0.00000 0.41053
-0.81740 -0.25360 -0.00381 0.51723
1.00000 1.00000 1.00000

-0.00000 0.00000 0.42180
-0.14426 0.57635 -0.80295 0.04769
1.00000 1.00000 1.00000

0.00000 -0.00000 0.16057
-0.16901 -0.00454 0.03362 0.98503
1.00000 1.00000 1.00000

KEYFRAME: 7
TIMESTAMP: 0.23333
0.00000 0.82005 -0.02564
-0.00000 0.60876 0.79335 0.00000
1.00000 1.00000 1.00000

-0.09216 -0.02718 0.03270
-0.94651 0.08323 0.04539 0.30843
1.00000 1.00000 1.00000

0.00000 0.00000 0.41053
-0.43293 0.13432 0.00656 0.89134
1.00000 1.00000 1.00000

-0.00000 -0.00000 0.42180
-0.12345 -0.65921 0.73693 0.08450
1.00000 1.00000 1.00000

-0.00000 -0.00000 0.16057
-0.36659 0.00068 -0.03748 0.92963
1.00000 1.00000 1.00000

-0.00000 0.00264 0.16926
0.06525 0.00000 0.00000 0.99787
1.00000 1.00000 1.00000

0.00000 -0.00000 0.23445
0.01127 0.00000 0.00000 0.99994
1.00000 1.00000 1.00000

-0.00000 0.00000 0.22946
-0.09783 -0.80915 0.06102 0.57618
1.00000 1.00000 1.00000

0.00000 0.00000 0.20646
0.00798 -0.53474 0.02205 0.84469
1.00000 1.00000 1.00000

0.00000 0.00000 0.25925
-0.66560 0.18965 -0.00319 0.72180
1.00000 1.00000 1.00000

-0.00000 -0.00000 0.24513
-0.02065 0.07095 -0.38601 0.91953
1.00000 1.00000 1.00000

-0.04602 -0.00223 0.01586
-0.07912 -0.23108 0.50021 0.83074
1.00000 1.00000 1.00000

-0.00000 0.00000 0.05261
0.38743 0.00611 -0.01923 0.92168
1.00000 1.00000 1.00000

0.00000 0.00000 0.03427
0.45983 -0.00666 -0.02731 0.88756
1.00000 1.00000 1.00000

-0.03099 0.02302 0.09687
-0.19915 -0.60273 0.74412 0.20816
1.00000 1.00000 1.00000

-0.00000 0.00000 0.03810
-0.46759 -0.00567 0.00867 0.88389
1.00000 1.00000 1.00000

-0.00000 0.00000 0.03016
-0.43536 -0.00164 -0.00917 0.90021
1.00000 1.00000 1.00000

0.00427 -0.00657 0.09507
-0.22876 -0.71900 0.59549 0.27586
1.00000 1.00000 1.00000

-0.00024 -0.00147 0.03631
-0.38759 0.05334 -0.02649 0.91990
1.00000 1.00000 1.00000

0.00007 -0.00097 0.02396
-0.46545 -0.00835 -0.01536 0.88490
1.00000 1.00000 1.00000

0.00000 0.00000 0.08297
-0.36735 -0.36371 0.00000 0.85602
1.00000 1.00000 1.00000

-0.00000 0.00000 0.22946
-0.16001 -0.00000 -0.00000 0.98711
1.00000 1.00000 1.00000

0.00000 -0.00000 0.07395
-0.05030 -0.00000 -0.00000 0.99873
1.00000 1.00000 1.00000

0.00000 0.00000 0.22946
-0.09783 0.80915 -0.06102 0.57618
1.00000 1.00000 1.00000

-0.00000 -0.00000 0.20646
0.32108 0.56901 -0.26430 0.70943
1.00000 1.00000 1.00000

0.00000 0.00000 0.25925
-0.59931 -0.17076 0.00346 0.78209
1.00000 1.00000 1.00000

0.00000 -0.00000 0.24513
0.07204 -0.06569 0.50462 0.85782
1.00000 1.00000 1.00000

0.04602 -0.00223 0.01586
-0.07912 0.23108 -0.50021 0.83074
1.00000 1.00000 1.00000

0.00000 0.00000 0.05261
0.49242 -0.00382 0.01982 0.87012
1.00000 1.00000 1.00000

0.00000 -0.00000 0.03427
0.30000 0.00186 0.02805 0.95352
1.00000 1.00000 1.00000

0.03100 0.02301 0.09687
-0.20001 0.60580 -0.74162 0.20734
1.00000 1.00000 1.00000

0.00000 -0.00000 0.03810
-0.55309 0.00650 -0.00806 0.83306
1.00000 1.00000 1.00000

0.00000 -0.00000 0.03016
-0.69950 -0.00136 0.00921 0.71457
1.00000 1.00000 1.00000

-0.00426 -0.00658 0.09505
-0.22990 0.72146 -0.59251 0.27491
1.00000 1.00000 1.00000

0.00031 -0.00206 0.03610
-0.47707 -0.05571 0.02106 0.87685
1.00000 1.00000 1.00000

-0.00008 -0.00316 0.02215
-0.72315 0.00302 0.01722 0.69047
1.00000 1.00000 1.00000

0.00000 -0.00000 0.08297
-0.36735 0.36371 -0.00000 0.85602
1.00000 1.00000 1.00000

0.09216 -0.02718 0.03270
-0.82771 -0.07733 -0.07893 0.55016
1.00000 1.00000 1.00000

-0.00000 -0.00000 0.41053
-0.67235 -0.20859 -0.00523 0.71022
1.00000 1.00000 1.00000

0.00000 -0.00000 0.42180
-0.12275 0.54317 -0.82908 0.05027
1.00000 1.00000 1.00000

0.00000 -0.00000 0.16057
-0.16901 -0.00454 0.03362 0.98503
1.00000 1.00000 1.00000

KEYFRAME: 8
TIMESTAMP: 0.26667
0.00000 0.86542 -0.02564
-0.00000 0.60876 0.79335 0.00000
1.00000 1.00000 1.00000

-0.09216 -0.02718 0.03270
-0.99102 0.08750 0.01809 0.09944
1.00000 1.00000 1.00000

-0.00000 -0.00000 0.41053
-0.29924 0.09284 0.00699 0.94963
1.00000 1.00000 1.00000

0.00000 0.00000 0.42180
-0.09079 -0.55257 0.82553 0.07020
1.00000 1.00000 1.00000

-0.00000 -0.00000 0.16057
-0.43210 -0.00067 -0.03846 0.90100
1.00000 1.00000 1.00000

-0.00000 0.00196 0.17182
0.06525 0.00000 0.00000 0.99787
1.00000 1.00000 1.00000

-0.00000 -0.00000 0.23445
0.01127 0.00000 0.00000 0.99994
1.00000 1.00000 1.00000

-0.00000 0.00000 0.22946
-0.08980 -0.81072 0.06667 0.57465
1.00000 1.00000 1.00000

0.00000 0.00000 0.20646
0.06745 -0.54567 0.05725 0.83331
1.00000 1.00000 1.00000

-0.00000 -0.00000 0.25925
-0.68747 0.19589 -0.00309 0.69929
1.00000 1.00000 1.00000

-0.00000 -0.00000 0.24513
0.01335 0.08066 -0.41020 0.90832
1.00000 1.00000 1.00000

-0.04602 -0.00223 0.01586
-0.07912 -0.23108 0.50021 0.83074
1.00000 1.00000 1.00000

-0.00000 0.00000 0.05261
0.38743 0.00611 -0.01923 0.92168
1.00000 1.00000 1.00000

-0.00000 0.00000 0.03427
0.45983 -0.00666 -0.02731 0.88756
1.00000 1.00000 1.00000

-0.03099 0.02302 0.09687
-0.19915 -0.60273 0.74412 0.20816
1.00000 1.00000 1.00000

-0.00000 -0.00000 0.03810
-0.46759 -0.00567 0.00867 0.88389
1.00000 1.00000 1.00000

0.00000 -0.00000 0.03016
-0.43536 -0.00164 -0.00917 0.90021
1.00000 1.00000 1.00000

0.00427 -0.00657 0.09507
-0.22876 -0.71900 0.59549 0.27586
1.00000 1.00000 1.00000

-0.00024 -0.00147 0.03631
-0.38759 0.05334 -0.02649 0.91990
1.00000 1.00000 1.00000

0.00007 -0.00097 0.02396
-0.46545 -0.00835 -0.01536 0.88490
1.00000 1.00000 1.00000

-0.00000 -0.00000 0.08297
-0.36735 -0.36371 0.00000 0.85602
1.00000 1.00000 1.00000

-0.00000 0.00000 0.22946
-0.14884 -0.00000 -0.00000 0.98886
1.00000 1.00000 1.00000

0.00000 -0.00000 0.07396
-0.05030 -0.00000 -0.00000 0.99873
1.00000 1.00000 1.00000

0.00000 0.00000 0.22946
-0.11171 0.80625 -0.05122 0.57867
1.00000 1.00000 1.00000

-0.00000 0.00000 0.20646
0.31222 0.58452 -0.23431 0.71131
1.00000 1.00000 1.00000

-0.00000 0.00000 0.25925
-0.63894 -0.18206 0.00330 0.74740
1.00000 1.00000 1.00000

0.00000 -0.00000 0.24513
0.06735 -0.07080 0.49755 0.86191
1.00000 1.00000 1.00000

0.04602 -0.00223 0.01586
-0.07912 0.23108 -0.50021 0.83074
1.00000 1.00000 1.00000

0.00000 0.00000 0.05261
0.49242 -0.00382 0.01982 0.87012
1.00000 1.00000 1.00000

-0.00000 0.00000 0.03427
0.30000 0.00186 0.02805 0.95352
1.00000 1.00000 1.00000

0.03100 0.02301 0.09687
-0.20001 0.60580 -0.74162 0.20734
1.00000 1.00000 1.00000

0.00000 -0.00000 0.03810
-0.55309 0.00650 -0.00806 0.83306
1.00000 1.00000 1.00000

-0.00000 -0.00000 0.03016
-0.69950 -0.00136 0.00921 0.71457
1.00000 1.00000 1.00000

-0.00426 -0.00658 0.09505
-0.22990 0.72146 -0.59251 0.27491
1.00000 1.00000 1.00000

0.00031 -0.00206 0.03610
-0.47707 -0.05571 0.02106 0.87685
1.00000 1.00000 1.00000

-0.00008 -0.00316 0.02215
-0.72315 0.00302 0.01722 0.69047
1.00000 1.00000 1.00000

0.00000 -0.00000 0.08297
-0.36735 0.36371 -0.00000 0.85602
1.00000 1.00000 1.00000

0.09216 -0.02718 0.03270
-0.85851 -0.09940 -0.06350 0.49904
1.00000 1.00000 1.00000

-0.00000 -0.00000 0.41053
-0.43097 -0.13371 -0.00657 0.89238
1.00000 1.00000 1.00000

-0.00000 -0.00000 0.42180
-0.10998 0.55368 -0.82323 0.06034
1.00000 1.00000 1.00000

0.00000 -0.00000 0.16057
-0.16901 -0.00454 0.03362 0.98503
1.00000 1.00000 1.00000

KEYFRAME: 9
TIMESTAMP: 0.30000
0.00000 0.84227 -0.02564
-0.00000 0.60876 0.79335 0.00000
1.00000 1.00000 1.00000

-0.09216 -0.02718 0.03270
-0.99281 0.09995 0.02388 0.06134
1.00000 1.00000 1.00000

0.00000 -0.00000 0.41053
-0.54685 0.16966 0.00604 0.81984
1.00000 1.00000 1.00000

0.00000 0.00000 0.42180
-0.09790 -0.47378 0.87294 0.06266
1.00000 1.00000 1.00000

-0.00000 -0.00000 0.16057
-0.30346 0.00195 -0.03639 0.95215
1.00000 1.00000 1.00000

-0.00000 0.00069 0.17657
0.06525 0.00000 0.00000 0.99787
1.00000 1.00000 1.00000

-0.00000 -0.00000 0.23445
0.01127 0.00000 0.00000 0.99994
1.00000 1.00000 1.00000

-0.00000 0.00000 0.22946
-0.08133 -0.81228 0.07263 0.57299
1.00000 1.00000 1.00000

0.00000 -0.00000 0.20646
0.13222 -0.54650 0.10454 0.82032
1.00000 1.00000 1.00000

-0.00000 -0.00000 0.25925
-0.69749 0.19874 -0.00304 0.68848
1.00000 1.00000 1.00000

-0.00000 -0.00000 0.24513
0.04215 0.09531 -0.44942 0.88722
1.00000 1.00000 1.00000

-0.04602 -0.00223 0.01586
-0.07912 -0.23108 0.50021 0.83074
1.00000 1.00000 1.00000

-0.00000 -0.00000 0.05261
0.38743 0.00611 -0.01923 0.92168
1.00000 1.00000 1.00000

0.00000 -0.00000 0.03427
0.45983 -0.00666 -0.02731 0.88756
1.00000 1.00000 1.00000

-0.03099 0.02302 0.09687
-0.19915 -0.60273 0.74412 0.20816
1.00000 1.00000 1.00000

0.00000 0.00000 0.03810
-0.46759 -0.00567 0.00867 0.88389
1.00000 1.00000 1.00000

0.00000 -0.00000 0.03016
-0.43536 -0.00164 -0.00917 0.90021
1.00000 1.00000 1.00000

0.00427 -0.00657 0.09507
-0.22876 -0.71900 0.59549 0.27586
1.00000 1.00000 1.00000

-0.00024 -0.00147 0.03631
-0.38759 0.05334 -0.02649 0.91990
1.00000 1.00000 1.00000

0.00007 -0.00097 0.02396
-0.46545 -0.00835 -0.01536 0.88490
1.00000 1.00000 1.00000

0.00000 -0.00000 0.08297
-0.36735 -0.36371 0.00000 0.85602
1.00000 1.00000 1.00000

-0.00000 0.00000 0.22946
-0.12803 -0.00000 -0.00000 0.99177
1.00000 1.00000 1.00000

0.00000 -0.00000 0.07395
-0.05030 -0.00000 -0.00000 0.99873
1.00000 1.00000 1.00000

0.00000 0.00000 0.22946
-0.12126 0.80410 -0.04445 0.58029
1.00000 1.00000 1.00000

0.00000 0.00000 0.20646
0.28016 0.59849 -0.19481 0.72482
1.00000 1.00000 1.00000

-0.00000 -0.00000 0.25925
-0.66981 -0.19085 0.00317 0.71758
1.00000 1.00000 1.00000

0.00000 -0.00000 0.24513
0.05717 -0.07652 0.48835 0.86741
1.00000 1.00000 1.00000

0.04602 -0.00223 0.01586
-0.07912 0.23108 -0.50021 0.83074
1.00000 1.00000 1.00000

-0.00000 -0.00000 0.05261
0.49242 -0.00382 0.01982 0.87012
1.00000 1.00000 1.00000

-0.00000 0.00000 0.03427
0.30000 0.00186 0.02805 0.95352
1.00000 1.00000 1.00000

0.03100 0.02301 0.09687
-0.20001 0.60580 -0.74162 0.20734
1.00000 1.00000 1.00000

0.00000 0.00000 0.03810
-0.55309 0.00650 -0.00806 0.83306
1.00000 1.00000 1.00000

-0.00000 -0.00000 0.03016
-0.69950 -0.00136 0.00921 0.71457
1.00000 1.00000 1.00000

-0.00426 -0.00658 0.09505
-0.22990 0.72146 -0.59251 0.27491
1.00000 1.00000 1.00000

0.00031 -0.00206 0.03610
-0.47707 -0.05571 0.02106 0.87685
1.00000 1.00000 1.00000

-0.00008 -0.00316 0.02215
-0.72315 0.00302 0.01722 0.69047
1.00000 1.00000 1.00000

0.00000 0.00000 0.08296
-0.36735 0.36371 -0.00000 0.85602
1.00000 1.00000 1.00000

0.09216 -0.02718 0.03270
-0.88526 -0.11778 -0.05461 0.44661
1.00000 1.00000 1.00000

0.00000 -0.00000 0.41053
-0.21297 -0.06607 -0.00718 0.97480
1.00000 1.00000 1.00000

-0.00000 0.00000 0.42180
-0.10536 0.55962 -0.81916 0.06860
1.00000 1.00000 1.00000

0.00000 -0.00000 0.16057
-0.16901 -0.00454 0.03362 0.98503
1.00000 1.00000 1.00000

KEYFRAME: 10
TIMESTAMP: 0.33333
0.00000 0.79497 -0.02564
-0.00000 0.60876 0.79335 0.00000
1.00000 1.00000 1.00000

-0.09216 -0.02718 0.03270
-0.99154 0.12631 -0.00309 -0.02968
1.00000 1.00000 1.00000

0.00000 0.00000 0.41053
-0.65970 0.20467 0.00532 0.72311
1.00000 1.00000 1.00000

0.00000 0.00000 0.42180
-0.10636 -0.47133 0.87136 0.08524
1.00000 1.00000 1.00000

-0.00000 -0.00000 0.16057
-0.16901 0.00454 -0.03362 0.98503
1.00000 1.00000 1.00000

0.00000 -0.00000 0.17913
0.06525 0.00000 0.00000 0.99787
1.00000 1.00000 1.00000

0.00000 -0.00000 0.23445
0.01127 0.00000 0.00000 0.99994
1.00000 1.00000 1.00000

-0.00000 0.00000 0.22946
-0.07262 -0.81379 0.07872 0.57121
1.00000 1.00000 1.00000

0.00000 0.00000 0.20646
0.19543 -0.53923 0.15425 0.80451
1.00000 1.00000 1.00000

-0.00000 0.00000 0.25925
-0.69645 0.19845 -0.00305 0.68961
1.00000 1.00000 1.00000

-0.00000 -0.00000 0.24513
0.06788 0.10462 -0.49585 0.85941
1.00000 1.00000 1.00000

-0.04602 -0.00223 0.01586
-0.07912 -0.23108 0.50021 0.83074
1.00000 1.00000 1.00000

0.00000 -0.00000 0.05261
0.38743 0.00611 -0.01923 0.92168
1.00000 1.00000 1.00000

-0.00000 -0.00000 0.03427
0.45983 -0.00666 -0.02731 0.88756
1.00000 1.00000 1.00000

-0.03099 0.02302 0.09687
-0.19915 -0.60273 0.74412 0.20816
1.00000 1.00000 1.00000

0.00000 0.00000 0.03810
-0.46759 -0.00567 0.00867 0.88389
1.00000 1.00000 1.00000

-0.00000 0.00000 0.03016
-0.43536 -0.00164 -0.00917 0.90021
1.00000 1.00000 1.00000

0.00427 -0.00657 0.09507
-0.22876 -0.71900 0.59549 0.27586
1.00000 1.00000 1.00000

-0.00024 -0.00147 0.03631
-0.38759 0.05334 -0.02649 0.91990
1.00000 1.00000 1.00000

0.00007 -0.00097 0.02396
-0.46545 -0.00835 -0.01536 0.88490
1.00000 1.00000 1.00000

0.00000 0.00000 0.08297
-0.36735 -0.36371 0.00000 0.85602
1.00000 1.00000 1.00000

-0.00000 0.00000 0.22946
-0.11681 -0.00000 -0.00000 0.99315
1.00000 1.00000 1.00000

0.00000 -0.00000 0.07395
-0.05030 -0.00000 -0.00000 0.99873
1.00000 1.00000 1.00000

0.00000 0.00000 0.22946
-0.12482 0.80327 -0.04193 0.58088
1.00000 1.00000 1.00000

0.00000 0.00000 0.20646
0.22451 0.60585 -0.15214 0.74793
1.00000 1.00000 1.00000

-0.00000 0.00000 0.25925
-0.68943 -0.19644 0.00308 0.69720
1.00000 1.00000 1.00000

0.00000 -0.00000 0.24513
0.04214 -0.08369 0.47899 0.87280
1.00000 1.00000 1.00000

0.04602 -0.00223 0.01586
-0.07912 0.23108 -0.50021 0.83074
1.00000 1.00000 1.00000

0.00000 0.00000 0.05261
0.49242 -0.00382 0.01982 0.87012
1.00000 1.00000 1.00000

-0.00000 0.00000 0.03427
0.30000 0.00186 0.02805 0.95352
1.00000 1.00000 1.00000

0.03100 0.02301 0.09687
-0.20001 0.60580 -0.74162 0.20734
1.00000 1.00000 1.00000

0.00000 -0.00000 0.03810
-0.55309 0.00650 -0.00806 0.83306
1.00000 1.00000 1.00000

0.00000 0.00000 0.03016
-0.69950 -0.00136 0.00921 0.71457
1.00000 1.00000 1.00000

-0.00426 -0.00658 0.09505
-0.22990 0.72146 -0.59251 0.27491
1.00000 1.00000 1.00000

0.00031 -0.00206 0.03610
-0.47707 -0.05571 0.02106 0.87685
1.00000 1.00000 1.00000

-0.00008 -0.00316 0.02215
-0.72315 0.00302 0.01722 0.69047
1.00000 1.00000 1.00000

0.00000 0.00000 0.08296
-0.36735 0.36371 -0.00000 0.85602
1.00000 1.00000 1.00000

0.09216 -0.02718 0.03270
-0.87407 -0.11909 -0.05794 0.46741
1.00000 1.00000 1.00000

-0.00000 -0.00000 0.41053
-0.20081 -0.06230 -0.00720 0.97762
1.00000 1.00000 1.00000

0.00000 -0.00000 0.42180
-0.11414 0.58516 -0.79953 0.07289
1.00000 1.00000 1.00000

0.00000 -0.00000 0.16057
-0.16901 -0.00454 0.03362 0.98503
1.00000 1.00000 1.00000

KEYFRAME: 11
TIMESTAMP: 0.36667
0.00000 0.75147 -0.02564
-0.00000 0.60876 0.79335 0.00000
1.00000 1.00000 1.00000

-0.09216 -0.02718 0.03270
-0.99029 0.13625 -0.01404 -0.02366
1.00000 1.00000 1.00000

-0.00000 0.00000 0.41053
-0.69419 0.21537 0.00506 0.68679
1.00000 1.00000 1.00000

0.00000 -0.00000 0.42180
-0.11435 -0.52395 0.83857 0.09595
1.00000 1.00000 1.00000

-0.00000 -0.00000 0.16057
-0.16901 0.00454 -0.03362 0.98503
1.00000 1.00000 1.00000

-0.00000 -0.00000 0.17913
0.06525 0.00000 0.00000 0.99787
1.00000 1.00000 1.00000

-0.00000 -0.00000 0.23445
0.01127 0.00000 0.00000 0.99994
1.00000 1.00000 1.00000

-0.00000 0.00000 0.22946
-0.06391 -0.81520 0.08481 0.56936
1.00000 1.00000 1.00000

0.00000 0.00000 0.20646
0.24862 -0.52684 0.19866 0.78814
1.00000 1.00000 1.00000

0.00000 0.00000 0.25925
-0.68257 0.19449 -0.00311 0.70446
1.00000 1.00000 1.00000

-0.00000 -0.00000 0.24513
0.08804 0.10270 -0.54147 0.82976
1.00000 1.00000 1.00000

-0.04602 -0.00223 0.01586
-0.07912 -0.23108 0.50021 0.83074
1.00000 1.00000 1.00000

0.00000 0.00000 0.05261
0.38743 0.00611 -0.01923 0.92168
1.00000 1.00000 1.00000

0.00000 -0.00000 0.03427
0.45983 -0.00666 -0.02731 0.88756
1.00000 1.00000 1.00000

-0.03099 0.02302 0.09687
-0.19915 -0.60273 0.74412 0.20816
1.00000 1.00000 1.00000

0.00000 -0.00000 0.03810
-0.46759 -0.00567 0.00867 0.88389
1.00000 1.00000 1.00000

0.00000 0.00000 0.03016
-0.43536 -0.00164 -0.00917 0.90021
1.00000 1.00000 1.00000

0.00427 -0.00657 0.09507
-0.22876 -0.71900 0.59549 0.27586
1.00000 1.00000 1.00000

-0.00024 -0.00147 0.03631
-0.38759 0.05334 -0.02649 0.91990
1.00000 1.00000 1.00000

0.00007 -0.00097 0.02396
-0.46545 -0.00835 -0.01536 0.88490
1.00000 1.00000 1.00000

-0.00000 -0.00000 0.08297
-0.36735 -0.36371 0.00000 0.85602
1.00000 1.00000 1.00000

-0.00000 0.00000 0.22946
-0.12001 -0.00000 -0.00000 0.99277
1.00000 1.00000 1.00000

0.00000 -0.00000 0.07395
-0.05030 -0.00000 -0.00000 0.99873
1.00000 1.00000 1.00000

0.00000 0.00000 0.22946
-0.12126 0.80410 -0.04445 0.58029
1.00000 1.00000 1.00000

0.00000 0.00000 0.20646
0.14641 0.60267 -0.10923 0.77680
1.00000 1.00000 1.00000

0.00000 0.00000 0.25925
-0.69213 -0.19721 0.00307 0.69430
1.00000 1.00000 1.00000

0.00000 -0.00000 0.24513
0.02132 -0.09102 0.47023 0.87758
1.00000 1.00000 1.00000

0.04602 -0.00223 0.01586
-0.07912 0.23108 -0.50021 0.83074
1.00000 1.00000 1.00000

-0.00000 0.00000 0.05261
0.49242 -0.00382 0.01982 0.87012
1.00000 1.00000 1.00000

-0.00000 -0.00000 0.03427
0.30000 0.00186 0.02805 0.95352
1.00000 1.00000 1.00000

0.03100 0.02301 0.09687
-0.20001 0.60580 -0.74162 0.20734
1.00000 1.00000 1.00000

0.00000 -0.00000 0.03810
-0.55309 0.00650 -0.00806 0.83306
1.00000 1.00000 1.00000

-0.00000 0.00000 0.03016
-0.69950 -0.00136 0.00921 0.71457
1.00000 1.00000 1.00000

-0.00426 -0.00658 0.09505
-0.22990 0.72146 -0.59251 0.27491
1.00000 1.00000 1.00000

0.00031 -0.00206 0.03610
-0.47707 -0.05571 0.02106 0.87685
1.00000 1.00000 1.00000

-0.00008 -0.00316 0.02215
-0.72315 0.00302 0.01722 0.69047
1.00000 1.00000 1.00000

-0.00000 0.00000 0.08297
-0.36735 0.36371 -0.00000 0.85602
1.00000 1.00000 1.00000

0.09216 -0.02718 0.03270
-0.83892 -0.11025 -0.06660 0.52879
1.00000 1.00000 1.00000

-0.00000 0.00000 0.41053
-0.31533 -0.09783 -0.00695 0.94390
1.00000 1.00000 1.00000

-0.00000 0.00000 0.42180
-0.13148 0.59996 -0.78458 0.08482
1.00000 1.00000 1.00000

0.00000 -0.00000 0.16057
-0.16901 -0.00454 0.03362 0.98503
1.00000 1.00000 1.00000

KEYFRAME: 12
TIMESTAMP: 0.40000
0.00000 0.71855 -0.02564
-0.00000 0.60876 0.79335 0.00000
1.00000 1.00000 1.00000

-0.09216 -0.02718 0.03270
-0.98982 0.13909 -0.01265 0.02749
1.00000 1.00000 1.00000

-0.00000 -0.00000 0.41053
-0.74360 0.23070 0.00462 0.62755
1.00000 1.00000 1.00000

-0.00000 -0.00000 0.42180
-0.12556 -0.58253 0.79689 0.09928
1.00000 1.00000 1.00000

-0.00000 -0.00000 0.16057
-0.16901 0.00454 -0.03362 0.98503
1.00000 1.00000 1.00000

0.00000 0.00000 0.17913
0.06525 0.00000 0.00000 0.99787
1.00000 1.00000 1.00000

0.00000 -0.00000 0.23445
0.01127 0.00000 0.00000 0.99994
1.00000 1.00000 1.00000

-0.00000 0.00000 0.22946
-0.05541 -0.81648 0.09073 0.56750
1.00000 1.00000 1.00000

-0.00000 0.00000 0.20646
0.28310 -0.51314 0.23284 0.77610
1.00000 1.00000 1.00000

-0.00000 0.00000 0.25925
-0.65356 0.18622 -0.00324 0.73360
1.00000 1.00000 1.00000

-0.00000 -0.00000 0.24513
0.09927 0.09036 -0.58002 0.80347
1.00000 1.00000 1.00000

-0.04602 -0.00223 0.01586
-0.07912 -0.23108 0.50021 0.83074
1.00000 1.00000 1.00000

-0.00000 -0.00000 0.05261
0.38743 0.00611 -0.01923 0.92168
1.00000 1.00000 1.00000

0.00000 -0.00000 0.03427
0.45983 -0.00666 -0.02731 0.88756
1.00000 1.00000 1.00000

-0.03099 0.02302 0.09687
-0.19915 -0.60273 0.74412 0.20816
1.00000 1.00000 1.00000

-0.00000 0.00000 0.03810
-0.46759 -0.00567 0.00867 0.88389
1.00000 1.00000 1.00000

-0.00000 -0.00000 0.03016
-0.43536 -0.00164 -0.00917 0.90021
1.00000 1.00000 1.00000

0.00427 -0.00657 0.09507
-0.22876 -0.71900 0.59549 0.27586
1.00000 1.00000 1.00000

-0.00024 -0.00147 0.03631
-0.38759 0.05334 -0.02649 0.91990
1.00000 1.00000 1.00000

0.00007 -0.00097 0.02396
-0.46545 -0.00835 -0.01536 0.88490
1.00000 1.00000 1.00000

-0.00000 -0.00000 0.08297
-0.36735 -0.36371 0.00000 0.85602
1.00000 1.00000 1.00000

-0.00000 0.00000 0.22946
-0.12803 -0.00000 -0.00000 0.99177
1.00000 1.00000 1.00000

-0.00000 -0.00000 0.07395
-0.05030 -0.00000 -0.00000 0.99873
1.00000 1.00000 1.00000

0.00000 0.00000 0.22946
-0.11171 0.80625 -0.05122 0.57867
1.00000 1.00000 1.00000

0.00000 0.00000 0.20646
0.05390 0.58816 -0.06891 0.80400
1.00000 1.00000 1.00000

0.00000 0.00000 0.25925
-0.67230 -0.19156 0.00316 0.71505
1.00000 1.00000 1.00000

0.00000 -0.00000 0.24513
-0.01034 -0.09595 0.46393 0.88060
1.00000 1.00000 1.00000

0.04602 -0.00223 0.01586
-0.07912 0.23108 -0.50021 0.83074
1.00000 1.00000 1.00000

-0.00000 -0.00000 0.05261
0.49242 -0.00382 0.01982 0.87012
1.00000 1.00000 1.00000

0.00000 -0.00000 0.03427
0.30000 0.00186 0.02805 0.95352
1.00000 1.00000 1.00000

0.03100 0.02301 0.09687
-0.20001 0.60580 -0.74162 0.20734
1.00000 1.00000 1.00000

-0.00000 -0.00000 0.03810
-0.55309 0.00650 -0.00806 0.83306
1.00000 1.00000 1.00000

0.00000 0.00000 0.03016
-0.69950 -0.00136 0.00921 0.71457
1.00000 1.00000 1.00000

-0.00426 -0.00658 0.09505
-0.22990 0.72146 -0.59251 0.27491
1.00000 1.00000 1.00000

0.00031 -0.00206 0.03610
-0.47707 -0.05571 0.02106 0.87685
1.00000 1.00000 1.00000

-0.00008 -0.00316 0.02215
-0.72315 0.00302 0.01722 0.69047
1.00000 1.00000 1.00000

0.00000 0.00000 0.08297
-0.36735 0.36371 -0.00000 0.85602
1.00000 1.00000 1.00000

0.09216 -0.02718 0.03270
-0.81247 -0.10182 -0.07225 0.56948
1.00000 1.00000 1.00000

-0.00000 0.00000 0.41053
-0.39936 -0.12390 -0.00669 0.90836
1.00000 1.00000 1.00000

0.00000 0.00000 0.42180
-0.14526 0.57799 -0.79601 0.10581
1.00000 1.00000 1.00000

0.00000 -0.00000 0.16057
-0.16901 -0.00454 0.03362 0.98503
1.00000 1.00000 1.00000

KEYFRAME: 13
TIMESTAMP: 0.43333
0.00000 0.69770 -0.02564
-0.00000 0.60876 0.79335 0.00000
1.00000 1.00000 1.00000

-0.09216 -0.02718 0.03270
-0.98230 0.13006 0.00905 0.13451
1.00000 1.00000 1.00000

0.00000 -0.00000 0.41053
-0.79870 0.24779 0.00404 0.54833
1.00000 1.00000 1.00000

-0.00000 -0.00000 0.42180
-0.13946 -0.63139 0.75780 0.08738
1.00000 1.00000 1.00000

-0.00000 -0.00000 0.16057
-0.16901 0.00454 -0.03362 0.98503
1.00000 1.00000 1.00000

-0.00000 -0.00000 0.17913
0.06525 0.00000 0.00000 0.99787
1.00000 1.00000 1.00000

-0.00000 -0.00000 0.23445
0.01127 0.00000 0.00000 0.99994
1.00000 1.00000 1.00000

-0.00000 0.00000 0.22946
-0.04734 -0.81761 0.09635 0.56567
1.00000 1.00000 1.00000

-0.00000 0.00000 0.20646
0.29939 -0.50104 0.25638 0.77045
1.00000 1.00000 1.00000

0.00000 0.00000 0.25925
-0.61687 0.17577 -0.00339 0.76718
1.00000 1.00000 1.00000

-0.00000 -0.00000 0.24513
0.10370 0.07329 -0.60792 0.78378
1.00000 1.00000 1.00000

-0.04602 -0.00223 0.01586
-0.07912 -0.23108 0.50021 0.83074
1.00000 1.00000 1.00000

-0.00000 0.00000 0.05261
0.38743 0.00611 -0.01923 0.92168
1.00000 1.00000 1.00000

-0.00000 0.00000 0.03427
0.45983 -0.00666 -0.02731 0.88756
1.00000 1.00000 1.00000

-0.03099 0.02302 0.09687
-0.19915 -0.60273 0.74412 0.20816
1.00000 1.00000 1.00000

-0.00000 -0.00000 0.03810
-0.46759 -0.00567 0.00867 0.88389
1.00000 1.00000 1.00000

-0.00000 -0.00000 0.03016
-0.43536 -0.00164 -0.00917 0.90021
1.00000 1.00000 1.00000

0.00427 -0.00657 0.09507
-0.22876 -0.71900 0.59549 0.27586
1.00000 1.00000 1.00000

-0.00024 -0.00147 0.03631
-0.38759 0.05334 -0.02649 0.91990
1.00000 1.00000 1.00000

0.00007 -0.00097 0.02396
-0.46545 -0.00835 -0.01536 0.88490
1.00000 1.00000 1.00000

0.00000 0.00000 0.08296
-0.36735 -0.36371 0.00000 0.85602
1.00000 1.00000 1.00000

-0.00000 0.00000 0.22946
-0.13844 -0.00000 -0.00000 0.99037
1.00000 1.00000 1.00000

0.00000 -0.00000 0.07395
-0.05030 -0.00000 -0.00000 0.99873
1.00000 1.00000 1.00000

0.00000 0.00000 0.22946
-0.09783 0.80915 -0.06102 0.57618
1.00000 1.00000 1.00000

0.00000 0.00000 0.20646
-0.03721 0.56602 -0.03698 0.82272
1.00000 1.00000 1.00000

-0.00000 -0.00000 0.25925
-0.63557 -0.18110 0.00332 0.75049
1.00000 1.00000 1.00000

0.00000 -0.00000 0.24513
-0.04903 -0.09783 0.46122 0.88051
1.00000 1.00000 1.00000

0.04602 -0.00223 0.01586
-0.07912 0.23108 -0.50021 0.83074
1.00000 1.00000 1.00000

-0.00000 0.00000 0.05261
0.49242 -0.00382 0.01982 0.87012
1.00000 1.00000 1.00000

-0.00000 0.00000 0.03427
0.30000 0.00186 0.02805 0.95352
1.00000 1.00000 1.00000

0.03100 0.02301 0.09687
-0.20001 0.60580 -0.74162 0.20734
1.00000 1.00000 1.00000

-0.00000 0.00000 0.03810
-0.55309 0.00650 -0.00806 0.83306
1.00000 1.00000 1.00000

-0.00000 0.00000 0.03016
-0.69950 -0.00136 0.00921 0.71457
1.00000 1.00000 1.00000

-0.00426 -0.00658 0.09505
-0.22990 0.72146 -0.59251 0.27491
1.00000 1.00000 1.00000

0.00031 -0.00206 0.03610
-0.47707 -0.05571 0.02106 0.87685
1.00000 1.00000 1.00000

-0.00008 -0.00316 0.02215
-0.72315 0.00302 0.01722 0.69047
1.00000 1.00000 1.00000

0.00000 -0.00000 0.08297
-0.36735 0.36371 -0.00000 0.85602
1.00000 1.00000 1.00000

0.09216 -0.02718 0.03270
-0.79611 -0.09231 -0.07574 0.59325
1.00000 1.00000 1.00000

0.00000 0.00000 0.41053
-0.47412 -0.14710 -0.00639 0.86806
1.00000 1.00000 1.00000

-0.00000 0.00000 0.42180
-0.15453 0.55873 -0.80526 0.12448
1.00000 1.00000 1.00000

0.00000 -0.00000 0.16057
-0.16901 -0.00454 0.03362 0.98503
1.00000 1.00000 1.00000

KEYFRAME: 14
TIMESTAMP: 0.46667
0.00000 0.69042 -0.02564
-0.00000 0.60876 0.79335 0.00000
1.00000 1.00000 1.00000

-0.09216 -0.02718 0.03270
-0.94322 0.10608 0.04957 0.31085
1.00000 1.00000 1.00000

0.00000 -0.00000 0.41053
-0.84110 0.26095 0.00349 0.47375
1.00000 1.00000 1.00000

-0.00000 -0.00000 0.42180
-0.15205 -0.64105 0.74956 0.06394
1.00000 1.00000 1.00000

-0.00000 -0.00000 0.16057
-0.16901 0.00454 -0.03362 0.98503
1.00000 1.00000 1.00000

0.00000 -0.00000 0.17913
0.06525 0.00000 0.00000 0.99787
1.00000 1.00000 1.00000

-0.00000 -0.00000 0.23445
0.01127 0.00000 0.00000 0.99994
1.00000 1.00000 1.00000

-0.00000 0.00000 0.22946
-0.03992 -0.81858 0.10149 0.56394
1.00000 1.00000 1.00000

-0.00000 -0.00000 0.20646
0.30310 -0.49183 0.27067 0.77005
1.00000 1.00000 1.00000

-0.00000 -0.00000 0.25925
-0.58522 0.16675 -0.00351 0.79354
1.00000 1.00000 1.00000

-0.00000 -0.00000 0.24513
0.10479 0.05886 -0.62409 0.77206
1.00000 1.00000 1.00000

-0.04602 -0.00223 0.01586
-0.07912 -0.23108 0.50021 0.83074
1.00000 1.00000 1.00000

0.00000 0.00000 0.05261
0.38743 0.00611 -0.01923 0.92168
1.00000 1.00000 1.00000

0.00000 -0.00000 0.03427
0.45983 -0.00666 -0.02731 0.88756
1.00000 1.00000 1.00000

-0.03099 0.02302 0.09687
-0.19915 -0.60273 0.74412 0.20816
1.00000 1.00000 1.00000

-0.00000 0.00000 0.03810
-0.46759 -0.00567 0.00867 0.88389
1.00000 1.00000 1.00000

-0.00000 0.00000 0.03016
-0.43536 -0.00164 -0.00917 0.90021
1.00000 1.00000 1.00000

0.00427 -0.00657 0.09507
-0.22876 -0.71900 0.59549 0.27586
1.00000 1.00000 1.00000

-0.00024 -0.00147 0.03631
-0.38759 0.05334 -0.02649 0.91990
1.00000 1.00000 1.00000

0.00007 -0.00097 0.02396
-0.46545 -0.00835 -0.01536 0.88490
1.00000 1.00000 1.00000

0.00000 0.00000 0.08296
-0.36735 -0.36371 0.00000 0.85602
1.00000 1.00000 1.00000

-0.00000 0.00000 0.22946
-0.14884 -0.00000 -0.00000 0.98886
1.00000 1.00000 1.00000

-0.00000 -0.00000 0.07396
-0.05030 -0.00000 -0.00000 0.99873
1.00000 1.00000 1.00000

0.00000 0.00000 0.22946
-0.08133 0.81228 -0.07263 0.57299
1.00000 1.00000 1.00000

0.00000 0.00000 0.20646
-0.11199 0.54342 -0.01826 0.83176
1.00000 1.00000 1.00000

-0.00000 -0.00000 0.25925
-0.59468 -0.16945 0.00347 0.78589
1.00000 1.00000 1.00000

0.00000 -0.00000 0.24513
-0.08339 -0.09772 0.46126 0.87792
1.00000 1.00000 1.00000

0.04602 -0.00223 0.01586
-0.07912 0.23108 -0.50021 0.83074
1.00000 1.00000 1.00000

-0.00000 -0.00000 0.05261
0.49242 -0.00382 0.01982 0.87012
1.00000 1.00000 1.00000

-0.00000 -0.00000 0.03427
0.30000 0.00186 0.02805 0.95352
1.00000 1.00000 1.00000

0.03100 0.02301 0.09687
-0.20001 0.60580 -0.74162 0.20734
1.00000 1.00000 1.00000

-0.00000 -0.00000 0.03810
-0.55309 0.00650 -0.00806 0.83306
1.00000 1.00000 1.00000

-0.00000 0.00000 0.03016
-0.69950 -0.00136 0.00921 0.71457
1.00000 1.00000 1.00000

-0.00426 -0.00658 0.09505
-0.22990 0.72146 -0.59251 0.27491
1.00000 1.00000 1.00000

0.00031 -0.00206 0.03610
-0.47707 -0.05571 0.02106 0.87685
1.00000 1.00000 1.00000

-0.00008 -0.00316 0.02215
-0.72315 0.00302 0.01722 0.69047
1.00000 1.00000 1.00000

0.00000 0.00000 0.08297
-0.36735 0.36371 -0.00000 0.85602
1.00000 1.00000 1.00000

0.09216 -0.02718 0.03270
-0.79750 -0.08213 -0.07708 0.59271
1.00000 1.00000 1.00000

-0.00000 0.00000 0.41053
-0.54094 -0.16783 -0.00607 0.82412
1.00000 1.00000 1.00000

-0.00000 0.00000 0.42180
-0.15756 0.57760 -0.79047 0.12929
1.00000 1.00000 1.00000

0.00000 -0.00000 0.16057
-0.16901 -0.00454 0.03362 0.98503
1.00000 1.00000 1.00000

KEYFRAME: 15
TIMESTAMP: 0.50000
0.00000 0.73579 -0.02564
-0.00000 0.60876 0.79335 0.00000
1.00000 1.00000 1.00000

-0.09216 -0.02718 0.03270
-0.85574 0.07488 0.08319 0.50515
1.00000 1.00000 1.00000

-0.00000 -0.00000 0.41053
-0.81854 0.25395 0.00379 0.51525
1.00000 1.00000 1.00000

-0.00000 -0.00000 0.42180
-0.14541 -0.57669 0.80255 0.04685
1.00000 1.00000 1.00000

-0.00000 -0.00000 0.16057
-0.16901 0.00454 -0.03362 0.98503
1.00000 1.00000 1.00000

-0.00000 0.00132 0.17420
0.06525 0.00000 0.00000 0.99787
1.00000 1.00000 1.00000

0.00000 -0.00000 0.23445
0.01127 0.00000 0.00000 0.99994
1.00000 1.00000 1.00000

-0.00000 0.00000 0.22946
-0.03336 -0.81938 0.10603 0.56238
1.00000 1.00000 1.00000

-0.00000 0.00000 0.20646
0.31058 -0.48449 0.27849 0.76893
1.00000 1.00000 1.00000

0.00000 -0.00000 0.25925
-0.58488 0.16665 -0.00351 0.79381
1.00000 1.00000 1.00000

-0.00000 -0.00000 0.24513
0.11216 0.05331 -0.62676 0.76925
1.00000 1.00000 1.00000

-0.04602 -0.00223 0.01586
-0.07912 -0.23108 0.50021 0.83074
1.00000 1.00000 1.00000

-0.00000 -0.00000 0.05261
0.38743 0.00611 -0.01923 0.92168
1.00000 1.00000 1.00000

-0.00000 -0.00000 0.03427
0.45983 -0.00666 -0.02731 0.88756
1.00000 1.00000 1.00000

-0.03099 0.02302 0.09687
-0.19915 -0.60273 0.74412 0.20816
1.00000 1.00000 1.00000

-0.00000 0.00000 0.03810
-0.46759 -0.00567 0.00867 0.88389
1.00000 1.00000 1.00000

0.00000 0.00000 0.03016
-0.43536 -0.00164 -0.00917 0.90021
1.00000 1.00000 1.00000

0.00427 -0.00657 0.09507
-0.22876 -0.71900 0.59549 0.27586
1.00000 1.00000 1.00000

-0.00024 -0.00147 0.03631
-0.38759 0.05334 -0.02649 0.91990
1.00000 1.00000 1.00000

0.00007 -0.00097 0.02396
-0.46545 -0.00835 -0.01536 0.88490
1.00000 1.00000 1.00000

0.00000 0.00000 0.08297
-0.36735 -0.36371 0.00000 0.85602
1.00000 1.00000 1.00000

-0.00000 0.00000 0.22946
-0.15682 -0.00000 -0.00000 0.98763
1.00000 1.00000 1.00000

0.00000 -0.00000 0.07395
-0.05030 -0.00000 -0.00000 0.99873
1.00000 1.00000 1.00000

0.00000 0.00000 0.22946
-0.06391 0.81520 -0.08481 0.56936
1.00000 1.00000 1.00000

0.00000 -0.00000 0.20646
-0.15225 0.53113 -0.01610 0.83335
1.00000 1.00000 1.00000

-0.00000 -0.00000 0.25925
-0.58004 -0.16528 0.00353 0.79763
1.00000 1.00000 1.00000

0.00000 -0.00000 0.24513
-0.08682 -0.09690 0.45934 0.87868
1.00000 1.00000 1.00000

0.04602 -0.00223 0.01586
-0.07912 0.23108 -0.50021 0.83074
1.00000 1.00000 1.00000

0.00000 -0.00000 0.05261
0.49242 -0.00382 0.01982 0.87012
1.00000 1.00000 1.00000

0.00000 0.00000 0.03427
0.30000 0.00186 0.02805 0.95352
1.00000 1.00000 1.00000

0.03100 0.02301 0.09687
-0.20001 0.60580 -0.74162 0.20734
1.00000 1.00000 1.00000

-0.00000 0.00000 0.03810
-0.55309 0.00650 -0.00806 0.83306
1.00000 1.00000 1.00000

-0.00000 -0.00000 0.03016
-0.69950 -0.00136 0.00921 0.71457
1.00000 1.00000 1.00000

-0.00426 -0.00658 0.09505
-0.22990 0.72146 -0.59251 0.27491
1.00000 1.00000 1.00000

0.00031 -0.00206 0.03610
-0.47707 -0.05571 0.02106 0.87685
1.00000 1.00000 1.00000

-0.00008 -0.00316 0.02215
-0.72315 0.00302 0.01722 0.69047
1.00000 1.00000 1.00000

0.00000 0.00000 0.08297
-0.36735 0.36371 -0.00000 0.85602
1.00000 1.00000 1.00000

0.09216 -0.02718 0.03270
-0.85748 -0.07868 -0.06874 0.50379
1.00000 1.00000 1.00000

-0.00000 0.00000 0.41053
-0.54298 -0.16846 -0.00606 0.82265
1.00000 1.00000 1.00000

-0.00000 -0.00000 0.42180
-0.14870 0.64335 -0.74282 0.11051
1.00000 1.00000 1.00000

0.00000 -0.00000 0.16057
-0.23898 -0.00321 0.03514 0.97038
1.00000 1.00000 1.00000

KEYFRAME: 16
TIMESTAMP: 0.53333
0.00000 0.82005 -0.02564
-0.00000 0.60876 0.79335 0.00000
1.00000 1.00000 1.00000

-0.09216 -0.02718 0.03270
-0.82640 0.07677 0.07893 0.55221
1.00000 1.00000 1.00000

-0.00000 -0.00000 0.41053
-0.67525 0.20949 0.00521 0.70719
1.00000 1.00000 1.00000

-0.00000 -0.00000 0.42180
-0.12305 -0.54391 0.82868 0.04799
1.00000 1.00000 1.00000

-0.00000 -0.00000 0.16057
-0.16901 0.00454 -0.03362 0.98503
1.00000 1.00000 1.00000

-0.00000 0.00264 0.16926
0.06525 0.00000 0.00000 0.99787
1.00000 1.00000 1.00000

0.00000 -0.00000 0.23445
0.01127 0.00000 0.00000 0.99994
1.00000 1.00000 1.00000

-0.00000 0.00000 0.22946
-0.02789 -0.82000 0.10982 0.56104
1.00000 1.00000 1.00000

-0.00000 0.00000 0.20646
0.30183 -0.48714 0.26258 0.77630
1.00000 1.00000 1.00000

-0.00000 0.00000 0.25925
-0.65012 0.18524 -0.00326 0.73690
1.00000 1.00000 1.00000

-0.00000 -0.00000 0.24513
0.12581 0.07329 -0.58082 0.80090
1.00000 1.00000 1.00000

-0.04602 -0.00223 0.01586
-0.07912 -0.23108 0.50021 0.83074
1.00000 1.00000 1.00000

0.00000 -0.00000 0.05261
0.38743 0.00611 -0.01923 0.92168
1.00000 1.00000 1.00000

0.00000 0.00000 0.03427
0.45983 -0.00666 -0.02731 0.88756
1.00000 1.00000 1.00000

-0.03099 0.02302 0.09687
-0.19915 -0.60273 0.74412 0.20816
1.00000 1.00000 1.00000

0.00000 0.00000 0.03810
-0.46759 -0.00567 0.00867 0.88389
1.00000 1.00000 1.00000

-0.00000 0.00000 0.03016
-0.43536 -0.00164 -0.00917 0.90021
1.00000 1.00000 1.00000

0.00427 -0.00657 0.09507
-0.22876 -0.71900 0.59549 0.27586
1.00000 1.00000 1.00000

-0.00024 -0.00147 0.03631
-0.38759 0.05334 -0.02649 0.91990
1.00000 1.00000 1.00000

0.00007 -0.00097 0.02396
-0.46545 -0.00835 -0.01536 0.88490
1.00000 1.00000 1.00000

0.00000 0.00000 0.08296
-0.36735 -0.36371 0.00000 0.85602
1.00000 1.00000 1.00000

-0.00000 0.00000 0.22946
-0.16001 -0.00000 -0.00000 0.98711
1.00000 1.00000 1.00000

0.00000 -0.00000 0.07395
-0.05030 -0.00000 -0.00000 0.99873
1.00000 1.00000 1.00000

0.00000 0.00000 0.22946
-0.04734 0.81761 -0.09635 0.56567
1.00000 1.00000 1.00000

0.00000 0.00000 0.20646
-0.13505 0.53626 -0.04150 0.83214
1.00000 1.00000 1.00000

-0.00000 -0.00000 0.25925
-0.60832 -0.17333 0.00342 0.77453
1.00000 1.00000 1.00000

0.00000 -0.00000 0.24513
-0.06083 -0.09293 0.45226 0.88494
1.00000 1.00000 1.00000

0.04602 -0.00223 0.01586
-0.07912 0.23108 -0.50021 0.83074
1.00000 1.00000 1.00000

-0.00000 0.00000 0.05261
0.49242 -0.00382 0.01982 0.87012
1.00000 1.00000 1.00000

-0.00000 -0.00000 0.03427
0.30000 0.00186 0.02805 0.95352
1.00000 1.00000 1.00000

0.03100 0.02301 0.09687
-0.20001 0.60580 -0.74162 0.20734
1.00000 1.00000 1.00000

-0.00000 0.00000 0.03810
-0.55309 0.00650 -0.00806 0.83306
1.00000 1.00000 1.00000

0.00000 0.00000 0.03016
-0.69950 -0.00136 0.00921 0.71457
1.00000 1.00000 1.00000

-0.00426 -0.00658 0.09505
-0.22990 0.72146 -0.59251 0.27491
1.00000 1.00000 1.00000

0.00031 -0.00206 0.03610
-0.47707 -0.05571 0.02106 0.87685
1.00000 1.00000 1.00000

-0.00008 -0.00316 0.02215
-0.72315 0.00302 0.01722 0.69047
1.00000 1.00000 1.00000

0.00000 0.00000 0.08297
-0.36735 0.36371 -0.00000 0.85602
1.00000 1.00000 1.00000

0.09216 -0.02718 0.03270
-0.94651 -0.08323 -0.04539 0.30843
1.00000 1.00000 1.00000

-0.00000 -0.00000 0.41053
-0.43293 -0.13432 -0.00656 0.89134
1.00000 1.00000 1.00000

-0.00000 0.00000 0.42180
-0.12356 0.65921 -0.73686 0.08491
1.00000 1.00000 1.00000

0.00000 -0.00000 0.16057
-0.36659 -0.00068 0.03748 0.92963
1.00000 1.00000 1.00000

KEYFRAME: 17
TIMESTAMP: 0.56667
0.00000 0.86542 -0.02564
-0.00000 0.60876 0.79335 0.00000
1.00000 1.00000 1.00000

-0.09216 -0.02718 0.03270
-0.85851 0.09940 0.06350 0.49904
1.00000 1.00000 1.00000

0.00000 -0.00000 0.41053
-0.43097 0.13371 0.00657 0.89238
1.00000 1.00000 1.00000

0.00000 0.00000 0.42180
-0.10998 -0.55368 0.82323 0.06034
1.00000 1.00000 1.00000

-0.00000 -0.00000 0.16057
-0.16901 0.00454 -0.03362 0.98503
1.00000 1.00000 1.00000

-0.00000 0.00196 0.17182
0.06525 0.00000 0.00000 0.99787
1.00000 1.00000 1.00000

-0.00000 -0.00000 0.23445
0.01127 0.00000 0.00000 0.99994
1.00000 1.00000 1.00000

-0.00000 0.00000 0.22946
-0.02371 -0.82045 0.11270 0.56000
1.00000 1.00000 1.00000

-0.00000 0.00000 0.20646
0.20781 -0.50485 0.20751 0.81171
1.00000 1.00000 1.00000

0.00000 0.00000 0.25925
-0.70413 0.20063 -0.00301 0.68113
1.00000 1.00000 1.00000

-0.00000 -0.00000 0.24513
0.11652 0.08342 -0.47600 0.86769
1.00000 1.00000 1.00000

-0.04602 -0.00223 0.01586
-0.07912 -0.23108 0.50021 0.83074
1.00000 1.00000 1.00000

-0.00000 0.00000 0.05261
0.38743 0.00611 -0.01923 0.92168
1.00000 1.00000 1.00000

0.00000 -0.00000 0.03427
0.45983 -0.00666 -0.02731 0.88756
1.00000 1.00000 1.00000

-0.03099 0.02302 0.09687
-0.19915 -0.60273 0.74412 0.20816
1.00000 1.00000 1.00000

-0.00000 -0.00000 0.03810
-0.46759 -0.00567 0.00867 0.88389
1.00000 1.00000 1.00000

-0.00000 0.00000 0.03016
-0.43536 -0.00164 -0.00917 0.90021
1.00000 1.00000 1.00000

0.00427 -0.00657 0.09507
-0.22876 -0.71900 0.59549 0.27586
1.00000 1.00000 1.00000

-0.00024 -0.00147 0.03631
-0.38759 0.05334 -0.02649 0.91990
1.00000 1.00000 1.00000

0.00007 -0.00097 0.02396
-0.46545 -0.00835 -0.01536 0.88490
1.00000 1.00000 1.00000

-0.00000 -0.00000 0.08297
-0.36735 -0.36371 0.00000 0.85602
1.00000 1.00000 1.00000

-0.00000 0.00000 0.22946
-0.14884 -0.00000 -0.00000 0.98886
1.00000 1.00000 1.00000

0.00000 -0.00000 0.07396
-0.05030 -0.00000 -0.00000 0.99873
1.00000 1.00000 1.00000

0.00000 0.00000 0.22946
-0.03336 0.81938 -0.10603 0.56238
1.00000 1.00000 1.00000

0.00000 0.00000 0.20646
-0.07769 0.54457 -0.08925 0.83032
1.00000 1.00000 1.00000

0.00000 0.00000 0.25925
-0.64566 -0.18397 0.00328 0.74112
1.00000 1.00000 1.00000

0.00000 -0.00000 0.24513
-0.04357 -0.08596 0.44736 0.88915
1.00000 1.00000 1.00000

0.04602 -0.00223 0.01586
-0.07912 0.23108 -0.50021 0.83074
1.00000 1.00000 1.00000

-0.00000 0.00000 0.05261
0.49242 -0.00382 0.01982 0.87012
1.00000 1.00000 1.00000

-0.00000 0.00000 0.03427
0.30000 0.00186 0.02805 0.95352
1.00000 1.00000 1.00000

0.03100 0.02301 0.09687
-0.20001 0.60580 -0.74162 0.20734
1.00000 1.00000 1.00000

0.00000 -0.00000 0.03810
-0.55309 0.00650 -0.00806 0.83306
1.00000 1.00000 1.00000

0.00000 -0.00000 0.03016
-0.69950 -0.00136 0.00921 0.71457
1.00000 1.00000 1.00000

-0.00426 -0.00658 0.09505
-0.22990 0.72146 -0.59251 0.27491
1.00000 1.00000 1.00000

0.00031 -0.00206 0.03610
-0.47707 -0.05571 0.02106 0.87685
1.00000 1.00000 1.00000

-0.00008 -0.00316 0.02215
-0.72315 0.00302 0.01722 0.69047
1.00000 1.00000 1.00000

0.00000 0.00000 0.08297
-0.36735 0.36371 -0.00000 0.85602
1.00000 1.00000 1.00000

0.09216 -0.02718 0.03270
-0.99102 -0.08750 -0.01809 0.09944
1.00000 1.00000 1.00000

-0.00000 0.00000 0.41053
-0.29924 -0.09284 -0.00699 0.94963
1.00000 1.00000 1.00000

0.00000 -0.00000 0.42180
-0.09079 0.55257 -0.82553 0.07020
1.00000 1.00000 1.00000

0.00000 -0.00000 0.16057
-0.43210 0.00067 0.03846 0.90100
1.00000 1.00000 1.00000

KEYFRAME: 18
TIMESTAMP: 0.60000
0.00000 0.83020 -0.02564
-0.00000 0.60876 0.79335 0.00000
1.00000 1.00000 1.00000

-0.09216 -0.02718 0.03270
-0.87744 0.11577 0.05690 0.46202
1.00000 1.00000 1.00000

0.00000 -0.00000 0.41053
-0.24172 0.07499 0.00712 0.96742
1.00000 1.00000 1.00000

-0.00000 0.00000 0.42180
-0.11044 -0.56960 0.81137 0.07092
1.00000 1.00000 1.00000

-0.00000 -0.00000 0.16057
-0.16901 0.00454 -0.03362 0.98503
1.00000 1.00000 1.00000

-0.00000 0.00069 0.17657
0.06525 0.00000 0.00000 0.99787
1.00000 1.00000 1.00000

-0.00000 -0.00000 0.23445
0.01127 0.00000 0.00000 0.99994
1.00000 1.00000 1.00000

-0.00000 0.00000 0.22946
-0.02105 -0.82072 0.11453 0.55933
1.00000 1.00000 1.00000

0.00000 0.00000 0.20646
0.05477 -0.50739 0.14180 0.84821
1.00000 1.00000 1.00000

0.00000 0.00000 0.25925
-0.68850 0.19618 -0.00309 0.69819
1.00000 1.00000 1.00000

-0.00000 -0.00000 0.24513
0.06865 0.05754 -0.37993 0.92067
1.00000 1.00000 1.00000

-0.04602 -0.00223 0.01586
-0.07912 -0.23108 0.50021 0.83074
1.00000 1.00000 1.00000

-0.00000 -0.00000 0.05261
0.38743 0.00611 -0.01923 0.92168
1.00000 1.00000 1.00000

0.00000 -0.00000 0.03427
0.45983 -0.00666 -0.02731 0.88756
1.00000 1.00000 1.00000

-0.03099 0.02302 0.09687
-0.19915 -0.60273 0.74412 0.20816
1.00000 1.00000 1.00000

0.00000 0.00000 0.03810
-0.46759 -0.00567 0.00867 0.88389
1.00000 1.00000 1.00000

0.00000 -0.00000 0.03016
-0.43536 -0.00164 -0.00917 0.90021
1.00000 1.00000 1.00000

0.00427 -0.00657 0.09507
-0.22876 -0.71900 0.59549 0.27586
1.00000 1.00000 1.00000

-0.00024 -0.00147 0.03631
-0.38759 0.05334 -0.02649 0.91990
1.00000 1.00000 1.00000

0.00007 -0.00097 0.02396
-0.46545 -0.00835 -0.01536 0.88490
1.00000 1.00000 1.00000

0.00000 0.00000 0.08297
-0.36735 -0.36371 0.00000 0.85602
1.00000 1.00000 1.00000

-0.00000 0.00000 0.22946
-0.12803 -0.00000 -0.00000 0.99177
1.00000 1.00000 1.00000

0.00000 -0.00000 0.07395
-0.05030 -0.00000 -0.00000 0.99873
1.00000 1.00000 1.00000

0.00000 0.00000 0.22946
-0.02371 0.82045 -0.11270 0.56000
1.00000 1.00000 1.00000

-0.00000 -0.00000 0.20646
-0.02031 0.54405 -0.13708 0.82753
1.00000 1.00000 1.00000

-0.00000 -0.00000 0.25925
-0.66807 -0.19036 0.00318 0.71933
1.00000 1.00000 1.00000

0.00000 -0.00000 0.24513
-0.04450 -0.08191 0.44928 0.88851
1.00000 1.00000 1.00000

0.04602 -0.00223 0.01586
-0.07912 0.23108 -0.50021 0.83074
1.00000 1.00000 1.00000

0.00000 -0.00000 0.05261
0.49242 -0.00382 0.01982 0.87012
1.00000 1.00000 1.00000

0.00000 0.00000 0.03427
0.30000 0.00186 0.02805 0.95352
1.00000 1.00000 1.00000

0.03100 0.02301 0.09687
-0.20001 0.60580 -0.74162 0.20734
1.00000 1.00000 1.00000

0.00000 0.00000 0.03810
-0.55309 0.00650 -0.00806 0.83306
1.00000 1.00000 1.00000

-0.00000 0.00000 0.03016
-0.69950 -0.00136 0.00921 0.71457
1.00000 1.00000 1.00000

-0.00426 -0.00658 0.09505
-0.22990 0.72146 -0.59251 0.27491
1.00000 1.00000 1.00000

0.00031 -0.00206 0.03610
-0.47707 -0.05571 0.02106 0.87685
1.00000 1.00000 1.00000

-0.00008 -0.00316 0.02215
-0.72315 0.00302 0.01722 0.69047
1.00000 1.00000 1.00000

0.00000 -0.00000 0.08297
-0.36735 0.36371 -0.00000 0.85602
1.00000 1.00000 1.00000

0.09216 -0.02718 0.03270
-0.99245 -0.10155 -0.02397 0.06452
1.00000 1.00000 1.00000

-0.00000 0.00000 0.41053
-0.56098 -0.17404 -0.00596 0.80931
1.00000 1.00000 1.00000

-0.00000 0.00000 0.42180
-0.10057 0.48658 -0.86558 0.06238
1.00000 1.00000 1.00000

0.00000 -0.00000 0.16057
-0.30346 -0.00195 0.03639 0.95215
1.00000 1.00000 1.00000

KEYFRAME: 19
TIMESTAMP: 0.63333
0.00000 0.79497 -0.02564
-0.00000 0.60876 0.79335 0.00000
1.00000 1.00000 1.00000

-0.09216 -0.02718 0.03270
-0.87407 0.11909 0.05794 0.46741
1.00000 1.00000 1.00000

-0.00000 -0.00000 0.41053
-0.20081 0.06230 0.00720 0.97762
1.00000 1.00000 1.00000

-0.00000 0.00000 0.42180
-0.11414 -0.58516 0.79953 0.07289
1.00000 1.00000 1.00000

-0.00000 -0.00000 0.16057
-0.16901 0.00454 -0.03362 0.98503
1.00000 1.00000 1.00000

-0.00000 -0.00000 0.17913
0.06525 0.00000 0.00000 0.99787
1.00000 1.00000 1.00000

0.00000 -0.00000 0.23445
0.01127 0.00000 0.00000 0.99994
1.00000 1.00000 1.00000

-0.00000 0.00000 0.22946
-0.02012 -0.82082 0.11518 0.55910
1.00000 1.00000 1.00000

-0.00000 -0.00000 0.20646
-0.02512 -0.49882 0.10972 0.85937
1.00000 1.00000 1.00000

0.00000 0.00000 0.25925
-0.65872 0.18769 -0.00322 0.72860
1.00000 1.00000 1.00000

-0.00000 -0.00000 0.24513
0.03066 0.03894 -0.34413 0.93761
1.00000 1.00000 1.00000

-0.04602 -0.00223 0.01586
-0.07912 -0.23108 0.50021 0.83074
1.00000 1.00000 1.00000

0.00000 0.00000 0.05261
0.38743 0.00611 -0.01923 0.92168
1.00000 1.00000 1.00000

0.00000 0.00000 0.03427
0.45983 -0.00666 -0.02731 0.88756
1.00000 1.00000 1.00000

-0.03099 0.02302 0.09687
-0.19915 -0.60273 0.74412 0.20816
1.00000 1.00000 1.00000

0.00000 0.00000 0.03810
-0.46759 -0.00567 0.00867 0.88389
1.00000 1.00000 1.00000

0.00000 0.00000 0.03016
-0.43536 -0.00164 -0.00917 0.90021
1.00000 1.00000 1.00000

0.00427 -0.00657 0.09507
-0.22876 -0.71900 0.59549 0.27586
1.00000 1.00000 1.00000

-0.00024 -0.00147 0.03631
-0.38759 0.05334 -0.02649 0.91990
1.00000 1.00000 1.00000

0.00007 -0.00097 0.02396
-0.46545 -0.00835 -0.01536 0.88490
1.00000 1.00000 1.00000

-0.00000 0.00000 0.08297
-0.36735 -0.36371 0.00000 0.85602
1.00000 1.00000 1.00000

-0.00000 0.00000 0.22946
-0.11681 -0.00000 -0.00000 0.99315
1.00000 1.00000 1.00000

0.00000 -0.00000 0.07395
-0.05030 -0.00000 -0.00000 0.99873
1.00000 1.00000 1.00000

0.00000 0.00000 0.22946
-0.02012 0.82082 -0.11518 0.55910
1.00000 1.00000 1.00000

0.00000 0.00000 0.20646
0.00478 0.54168 -0.15829 0.82553
1.00000 1.00000 1.00000

0.00000 -0.00000 0.25925
-0.67379 -0.19199 0.00315 0.71354
1.00000 1.00000 1.00000

0.00000 -0.00000 0.24513
-0.04998 -0.08052 0.45141 0.88727
1.00000 1.00000 1.00000

0.04602 -0.00223 0.01586
-0.07912 0.23108 -0.50021 0.83074
1.00000 1.00000 1.00000

-0.00000 0.00000 0.05261
0.49242 -0.00382 0.01982 0.87012
1.00000 1.00000 1.00000

0.00000 -0.00000 0.03427
0.30000 0.00186 0.02805 0.95352
1.00000 1.00000 1.00000

0.03100 0.02301 0.09687
-0.20001 0.60580 -0.74162 0.20734
1.00000 1.00000 1.00000

-0.00000 -0.00000 0.03810
-0.55309 0.00650 -0.00806 0.83306
1.00000 1.00000 1.00000

0.00000 0.00000 0.03016
-0.69950 -0.00136 0.00921 0.71457
1.00000 1.00000 1.00000

-0.00426 -0.00658 0.09505
-0.22990 0.72146 -0.59251 0.27491
1.00000 1.00000 1.00000

0.00031 -0.00206 0.03610
-0.47707 -0.05571 0.02106 0.87685
1.00000 1.00000 1.00000

-0.00008 -0.00316 0.02215
-0.72315 0.00302 0.01722 0.69047
1.00000 1.00000 1.00000

-0.00000 -0.00000 0.08297
-0.36735 0.36371 -0.00000 0.85602
1.00000 1.00000 1.00000

0.09216 -0.02718 0.03270
-0.99154 -0.12631 0.00309 -0.02968
1.00000 1.00000 1.00000

-0.00000 0.00000 0.41053
-0.65970 -0.20467 -0.00533 0.72311
1.00000 1.00000 1.00000

-0.00000 -0.00000 0.42180
-0.10636 0.47133 -0.87136 0.08524
1.00000 1.00000 1.00000

0.00000 -0.00000 0.16057
-0.16901 -0.00454 0.03362 0.98503
1.00000 1.00000 1.00000



MESH_DATA ##############################
TEXTURE_PROFILE: DecalCrisp
TEXTURE_DIFFUSE: testtext.png
MESH_NAME: CharacterMesh
VERTEX_COUNT: 2568
VERT:
0.15398 -0.00044 0.08391
-0.99669 0.03746 0.07221
0.00893 0.49818
foot_l 0.50000 toe_l 0.50000

VERT:
0.15873 0.02421 0.13667
-0.99669 0.03746 0.07221
0.02343 0.52593
toe_l 1.00000

VERT:
0.15517 0.03934 0.07968
-0.99669 0.03746 0.07221
0.03014 0.49499
foot_l 0.50000 toe_l 0.50000

VERT:
0.20245 0.05297 0.07349
0.41131 0.90831 0.07609
0.94617 0.58236
foot_l 0.50000 toe_l 0.50000

VERT:
0.25327 0.02877 0.08768
0.41131 0.90831 0.07609
0.97374 0.60135
toe_l 1.00000

VERT:
0.24526 0.03496 0.05714
0.41131 0.90831 0.07609
0.97437 0.58272
foot_l 0.50000 toe_l 0.50000

VERT:
0.25327 0.02877 0.08768
0.95163 0.23086 -0.20274
0.51299 0.28363
toe_l 1.00000

VERT:
0.25336 -0.00044 0.05486
0.95163 0.23086 -0.20274
0.52999 0.26733
foot_l 0.50000 toe_l 0.50000

VERT:
0.24526 0.03496 0.05714
0.95163 0.23086 -0.20274
0.51051 0.26656
foot_l 0.50000 toe_l 0.50000

VERT:
0.20565 -0.00044 0.07659
0.00000 -1.00000 -0.00000
0.87672 0.58182
foot_l 0.50000 toe_l 0.50000

VERT:
0.15883 -0.00044 0.13727
0.00000 -1.00000 -0.00000
0.90481 0.61179
toe_l 1.00000

VERT:
0.15398 -0.00044 0.08391
0.00000 -1.00000 -0.00000
0.90465 0.58307
foot_l 0.50000 toe_l 0.50000

VERT:
0.17601 0.09890 -0.11687
0.34158 0.18163 -0.92213
0.47861 0.16013
calf_l 0.64087 foot_l 0.35913

VERT:
0.21716 -0.00044 -0.12119
0.34158 0.18163 -0.92213
0.53523 0.17111
foot_l 1.00000

VERT:
0.17601 -0.00044 -0.13644
0.34158 0.18163 -0.92213
0.53148 0.14790
foot_l 1.00000

VERT:
0.15873 0.02421 0.13667
-0.06235 -0.03779 0.99734
0.91943 0.61760
toe_l 1.00000

VERT:
0.21570 -0.00044 0.13929
-0.06235 -0.03779 0.99734
0.95071 0.63137
toe_l 1.00000

VERT:
0.21313 0.03493 0.14048
-0.06235 -0.03779 0.99734
0.94572 0.61456
toe_l 1.00000

VERT:
0.25327 0.02877 0.08768
0.74864 0.16957 0.64092
0.97374 0.60135
toe_l 1.00000

VERT:
0.21570 -0.00044 0.13929
0.74864 0.16957 0.64092
0.95071 0.63137
toe_l 1.00000

VERT:
0.26072 -0.00044 0.08670
0.74864 0.16957 0.64092
0.98380 0.61412
toe_l 1.00000

VERT:
0.17601 0.09890 -0.11687
-0.64417 0.22494 -0.73106
0.06034 0.38107
calf_l 0.64087 foot_l 0.35913

VERT:
0.13486 -0.00044 -0.11118
-0.64417 0.22494 -0.73106
0.00393 0.39325
foot_l 1.00000

VERT:
0.14633 0.10025 -0.09031
-0.64417 0.22494 -0.73106
0.05862 0.40236
calf_l 0.52305 foot_l 0.47695

VERT:
0.26072 -0.00044 0.08670
0.00000 -1.00000 -0.00000
0.84786 0.59005
toe_l 1.00000

VERT:
0.25336 -0.00044 0.05486
0.00000 -1.00000 -0.00000
0.85015 0.57269
foot_l 0.50000 toe_l 0.50000

VERT:
0.15873 0.02421 0.13667
-0.23546 0.93560 0.26307
0.91943 0.61760
toe_l 1.00000

VERT:
0.20245 0.05297 0.07349
-0.23546 0.93560 0.26307
0.94617 0.58236
foot_l 0.50000 toe_l 0.50000

VERT:
0.15517 0.03934 0.07968
-0.23546 0.93560 0.26307
0.91940 0.58565
foot_l 0.50000 toe_l 0.50000

VERT:
0.20632 0.10165 -0.09687
0.66050 -0.01073 -0.75075
0.57213 0.98905
calf_l 0.65232 foot_l 0.34768

VERT:
0.17147 0.34151 -0.13095
0.66050 -0.01073 -0.75075
0.60630 0.86892
calf_l 1.00000

VERT:
0.20894 0.34995 -0.09812
0.66050 -0.01073 -0.75075
0.58232 0.86258
calf_l 1.00000

VERT:
0.21716 -0.00044 -0.12119
0.00000 -1.00000 -0.00000
0.86040 0.47691
foot_l 1.00000

VERT:
0.18707 -0.00044 -0.03933
0.00000 -1.00000 -0.00000
0.88066 0.51903
foot_l 1.00000

VERT:
0.17601 -0.00044 -0.13644
0.00000 -1.00000 -0.00000
0.88156 0.46666
foot_l 1.00000

VERT:
0.13486 -0.00044 -0.11118
0.00000 -1.00000 -0.00000
0.90481 0.47802
foot_l 1.00000

VERT:
0.20632 0.10165 -0.09687
0.97577 0.14308 -0.16555
0.47933 0.17964
calf_l 0.65232 foot_l 0.34768

VERT:
0.22958 -0.00044 -0.04798
0.97577 0.14308 -0.16555
0.53283 0.21084
foot_l 1.00000

VERT:
0.21716 -0.00044 -0.12119
0.97577 0.14308 -0.16555
0.53523 0.17111
foot_l 1.00000

VERT:
0.14824 0.10085 -0.03135
-0.98862 -0.14666 0.03347
0.49869 0.98753
calf_l 0.50375 foot_l 0.49625

VERT:
0.11114 0.33816 -0.08734
-0.98862 -0.14666 0.03347
0.43988 0.86935
calf_l 1.00000

VERT:
0.14633 0.10025 -0.09031
-0.98862 -0.14666 0.03347
0.46801 0.99497
calf_l 0.52305 foot_l 0.47695

VERT:
0.14455 -0.00044 -0.02006
-0.99027 0.09099 0.10532
0.00633 0.44230
foot_l 1.00000 calf_l 0.00000

VERT:
0.14633 0.10025 -0.09031
-0.99027 0.09099 0.10532
0.05862 0.40236
calf_l 0.52305 foot_l 0.47695

VERT:
0.13486 -0.00044 -0.11118
-0.99027 0.09099 0.10532
0.00393 0.39325
foot_l 1.00000

VERT:
0.21940 0.10002 -0.04150
0.60706 -0.05679 0.79262
0.54163 0.98753
calf_l 0.51087 foot_l 0.48913

VERT:
0.17952 0.34042 0.00626
0.60706 -0.05679 0.79262
0.51472 0.85831
calf_l 1.00000

VERT:
0.18793 0.09760 -0.01757
0.60706 -0.05679 0.79262
0.52085 0.98805
calf_l 0.50112 foot_l 0.49888

VERT:
0.21940 0.10002 -0.04150
0.94838 -0.03177 -0.31555
0.54163 0.98753
calf_l 0.51087 foot_l 0.48913

VERT:
0.20894 0.34995 -0.09812
0.94838 -0.03177 -0.31555
0.58232 0.86258
calf_l 1.00000

VERT:
0.23057 0.34935 -0.03303
0.94838 -0.03177 -0.31555
0.54861 0.85800
calf_l 1.00000

VERT:
0.14824 0.10085 -0.03135
-0.32386 -0.10532 0.94023
0.49869 0.98753
calf_l 0.50375 foot_l 0.49625

VERT:
0.17952 0.34042 0.00626
-0.32386 -0.10532 0.94023
0.51472 0.85831
calf_l 1.00000

VERT:
0.11416 0.33945 -0.01636
-0.32386 -0.10532 0.94023
0.47711 0.85950
calf_l 1.00000

VERT:
0.14633 0.10025 -0.09031
-0.66729 -0.05558 -0.74272
0.61362 0.99416
calf_l 0.52305 foot_l 0.47695

VERT:
0.17147 0.34151 -0.13095
-0.66729 -0.05558 -0.74272
0.60630 0.86892
calf_l 1.00000

VERT:
0.17601 0.09890 -0.11687
-0.66729 -0.05558 -0.74272
0.59187 0.99200
calf_l 0.64087 foot_l 0.35913

VERT:
0.08667 0.51407 0.02245
-0.45172 -0.09147 0.88746
0.47131 0.76189
thigh_l 0.50000 calf_l 0.50000

VERT:
0.12314 0.81339 0.07186
-0.45172 -0.09147 0.88746
0.49638 0.60447
thigh_l 1.00000

VERT:
0.02593 0.79657 0.02064
-0.45172 -0.09147 0.88746
0.43790 0.60992
thigh_l 1.00000

VERT:
0.11416 0.33945 -0.01636
-0.98592 -0.16111 0.04487
0.47711 0.85950
calf_l 1.00000

VERT:
0.08707 0.49505 -0.05275
-0.98592 -0.16111 0.04487
0.43522 0.78143
calf_l 1.00000 thigh_l 0.00000

VERT:
0.11114 0.33816 -0.08734
-0.98592 -0.16111 0.04487
0.43988 0.86935
calf_l 1.00000

VERT:
0.14357 0.53250 -0.09307
-0.47050 -0.19181 -0.86130
0.61581 0.76054
thigh_l 0.96384 calf_l 0.03616

VERT:
0.02327 0.79368 -0.08551
-0.47050 -0.19181 -0.86130
0.70082 0.62225
thigh_l 1.00000

VERT:
0.11800 0.81821 -0.14272
-0.47050 -0.19181 -0.86130
0.64571 0.59805
thigh_l 1.00000

VERT:
0.20484 0.52413 0.00662
0.60577 -0.00831 0.79559
0.54532 0.76088
thigh_l 0.50000 calf_l 0.50000

VERT:
0.12314 0.81339 0.07186
0.60577 -0.00831 0.79559
0.49638 0.60447
thigh_l 1.00000

VERT:
0.15309 0.51508 0.04593
0.60577 -0.00831 0.79559
0.50904 0.76140
thigh_l 0.50018 calf_l 0.49982

VERT:
0.18268 0.54279 -0.05810
0.69718 -0.05588 -0.71471
0.58534 0.75380
thigh_l 1.00000

VERT:
0.11800 0.81821 -0.14272
0.69718 -0.05588 -0.71471
0.64571 0.59805
thigh_l 1.00000

VERT:
0.19045 0.83054 -0.07302
0.69718 -0.05588 -0.71471
0.59204 0.59480
thigh_l 0.80000 pelvis 0.20000

VERT:
0.11114 0.33816 -0.08734
-0.58649 0.09971 -0.80379
0.64404 0.86977
calf_l 1.00000

VERT:
0.14752 0.49701 -0.09418
-0.58649 0.09971 -0.80379
0.61352 0.78179
calf_l 0.99866 thigh_l 0.00134

VERT:
0.17147 0.34151 -0.13095
-0.58649 0.09971 -0.80379
0.60630 0.86892
calf_l 1.00000

VERT:
0.17952 0.34042 0.00626
0.61212 -0.08592 0.78609
0.51472 0.85831
calf_l 1.00000

VERT:
0.20484 0.52413 0.00662
0.61212 -0.08592 0.78609
0.54532 0.76088
thigh_l 0.50000 calf_l 0.50000

VERT:
0.15309 0.51508 0.04593
0.61212 -0.08592 0.78609
0.50904 0.76140
thigh_l 0.50018 calf_l 0.49982

VERT:
0.20894 0.34995 -0.09812
0.59795 0.26989 -0.75473
0.58232 0.86258
calf_l 1.00000

VERT:
0.14752 0.49701 -0.09418
0.59795 0.26989 -0.75473
0.61352 0.78179
calf_l 0.99866 thigh_l 0.00134

VERT:
0.18459 0.50681 -0.06131
0.59795 0.26989 -0.75473
0.58482 0.77466
calf_l 0.99372 thigh_l 0.00628

VERT:
0.18268 0.54279 -0.05810
0.94917 0.04852 -0.31099
0.58534 0.75380
thigh_l 1.00000

VERT:
0.19748 0.83455 0.03257
0.94917 0.04852 -0.31099
0.53887 0.59506
thigh_l 0.80000 pelvis 0.20000

VERT:
0.20484 0.52413 0.00662
0.94917 0.04852 -0.31099
0.54532 0.76088
thigh_l 0.50000 calf_l 0.50000

VERT:
0.11416 0.33945 -0.01636
-0.31908 -0.25320 0.91328
0.47711 0.85950
calf_l 1.00000

VERT:
0.15309 0.51508 0.04593
-0.31908 -0.25320 0.91328
0.50904 0.76140
thigh_l 0.50018 calf_l 0.49982

VERT:
0.08667 0.51407 0.02245
-0.31908 -0.25320 0.91328
0.47131 0.76189
thigh_l 0.50000 calf_l 0.50000

VERT:
0.23057 0.34935 -0.03303
0.92099 0.21001 -0.32812
0.54861 0.85800
calf_l 1.00000

VERT:
0.18459 0.50681 -0.06131
0.92099 0.21001 -0.32812
0.58482 0.77466
calf_l 0.99372 thigh_l 0.00628

VERT:
0.20484 0.52413 0.00662
0.92099 0.21001 -0.32812
0.54532 0.76088
thigh_l 0.50000 calf_l 0.50000

VERT:
0.02327 0.79368 -0.08551
-0.91743 -0.39670 0.03068
0.38145 0.62341
thigh_l 1.00000

VERT:
-0.00000 0.85518 0.01392
-0.91743 -0.39670 0.03068
0.42673 0.57622
pelvis 0.73096 thigh_l 0.13452 thigh_r 0.13452

VERT:
-0.00000 0.84670 -0.09569
-0.91743 -0.39670 0.03068
0.36899 0.59366
thigh_l 0.35497 thigh_r 0.35497 pelvis 0.29007

VERT:
0.11800 0.81821 -0.14272
-0.27288 -0.63394 -0.72364
0.64571 0.59805
thigh_l 1.00000

VERT:
0.02327 0.79368 -0.08551
-0.27288 -0.63394 -0.72364
0.70082 0.62225
thigh_l 1.00000

VERT:
-0.00000 0.90014 -0.17000
-0.27288 -0.63394 -0.72364
0.70720 0.54984
pelvis 0.46057 thigh_l 0.26971 thigh_r 0.26971 spine_01 0.00000

VERT:
0.02327 0.79368 -0.08551
-0.84722 -0.43131 -0.31015
0.70082 0.62225
thigh_l 1.00000

VERT:
-0.00000 0.84670 -0.09569
-0.84722 -0.43131 -0.31015
0.71845 0.59676
thigh_l 0.35497 thigh_r 0.35497 pelvis 0.29007

VERT:
-0.00000 0.90014 -0.17000
-0.84722 -0.43131 -0.31015
0.70720 0.54984
pelvis 0.46057 thigh_l 0.26971 thigh_r 0.26971 spine_01 0.00000

VERT:
0.19045 0.83054 -0.07302
0.98713 0.14319 -0.07114
0.59204 0.59480
thigh_l 0.80000 pelvis 0.20000

VERT:
0.17937 0.95314 0.02004
0.98713 0.14319 -0.07114
0.54043 0.53238
thigh_l 0.50757 pelvis 0.49243

VERT:
0.19748 0.83455 0.03257
0.98713 0.14319 -0.07114
0.53887 0.59506
thigh_l 0.80000 pelvis 0.20000

VERT:
0.11800 0.81821 -0.14272
0.68724 0.05644 -0.72424
0.64571 0.59805
thigh_l 1.00000

VERT:
0.16957 0.94113 -0.08421
0.68724 0.05644 -0.72424
0.59742 0.53614
thigh_l 0.50049 pelvis 0.49951

VERT:
0.19045 0.83054 -0.07302
0.68724 0.05644 -0.72424
0.59204 0.59480
thigh_l 0.80000 pelvis 0.20000

VERT:
0.17937 0.95314 0.02004
0.95300 0.29058 -0.08570
0.47778 0.27809
thigh_l 0.50757 pelvis 0.49243

VERT:
0.15442 1.00422 -0.08417
0.95300 0.29058 -0.08570
0.43560 0.23125
pelvis 0.66440 thigh_l 0.32873 spine_02 0.00687

VERT:
0.16191 1.00860 0.01398
0.95300 0.29058 -0.08570
0.44657 0.28304
pelvis 0.99335 spine_02 0.00665

VERT:
0.08265 0.91851 0.05694
-0.45862 -0.05073 0.88718
0.48140 0.54626
thigh_l 0.50008 pelvis 0.49992

VERT:
0.02593 0.79657 0.02064
-0.45862 -0.05073 0.88718
0.43790 0.60992
thigh_l 1.00000

VERT:
0.12314 0.81339 0.07186
-0.45862 -0.05073 0.88718
0.49638 0.60447
thigh_l 1.00000

VERT:
0.17937 0.95314 0.02004
0.33868 0.05491 0.93930
0.47778 0.27809
thigh_l 0.50757 pelvis 0.49243

VERT:
0.07955 0.97331 0.05485
0.33868 0.05491 0.93930
0.46381 0.33481
pelvis 1.00000

VERT:
0.08265 0.91851 0.05694
0.33868 0.05491 0.93930
0.49372 0.33452
thigh_l 0.50008 pelvis 0.49992

VERT:
0.08265 0.91851 0.05694
0.30650 0.14615 0.94058
0.48140 0.54626
thigh_l 0.50008 pelvis 0.49992

VERT:
0.19748 0.83455 0.03257
0.30650 0.14615 0.94058
0.53887 0.59506
thigh_l 0.80000 pelvis 0.20000

VERT:
0.17937 0.95314 0.02004
0.30650 0.14615 0.94058
0.54043 0.53238
thigh_l 0.50757 pelvis 0.49243

VERT:
-0.00000 1.07802 -0.12392
-0.03119 -0.05680 -0.99790
0.81357 0.89513
pelvis 0.65402 spine_01 0.32679 spine_02 0.01910 thigh_l 0.00009

VERT:
0.07130 1.18307 -0.13213
-0.03119 -0.05680 -0.99790
0.77200 0.83363
spine_01 0.66139 pelvis 0.16535 spine_02 0.16535 clavicle_l 0.00791

VERT:
0.07181 1.07162 -0.12580
-0.03119 -0.05680 -0.99790
0.77233 0.89899
pelvis 0.66902 spine_01 0.32668 spine_02 0.00430 thigh_l 0.00000

VERT:
0.13727 1.07568 -0.08412
0.99945 0.02900 -0.01601
0.39781 0.23899
pelvis 0.66240 spine_01 0.32319 spine_02 0.01441

VERT:
0.13537 1.18427 -0.00564
0.99945 0.02900 -0.01601
0.34119 0.28988
spine_01 0.66477 pelvis 0.16619 spine_02 0.16619 clavicle_l 0.00285

VERT:
0.13850 1.08300 0.00584
0.99945 0.02900 -0.01601
0.40202 0.28964
pelvis 0.65990 spine_01 0.32994 spine_02 0.01016

VERT:
0.07405 1.07049 0.05115
0.26837 0.08055 0.95994
0.40915 0.33557
pelvis 0.66667 spine_01 0.33333 thigh_l 0.00000

VERT:
-0.00000 1.18805 0.06199
0.26837 0.08055 0.95994
0.34249 0.37892
spine_01 0.66667 pelvis 0.16667 spine_02 0.16667

VERT:
-0.00000 1.06117 0.07264
0.26837 0.08055 0.95994
0.41428 0.37892
pelvis 0.66667 spine_01 0.33333 thigh_l 0.00000 thigh_r 0.00000

VERT:
0.07181 1.07162 -0.12580
0.53757 -0.01090 -0.84315
0.77233 0.89899
pelvis 0.66902 spine_01 0.32668 spine_02 0.00430 thigh_l 0.00000

VERT:
0.13586 1.18116 -0.08638
0.53757 -0.01090 -0.84315
0.72850 0.83861
spine_01 0.65271 pelvis 0.16318 spine_02 0.16318 clavicle_l 0.02094

VERT:
0.13727 1.07568 -0.08412
0.53757 -0.01090 -0.84315
0.72841 0.89521
pelvis 0.66240 spine_01 0.32319 spine_02 0.01441

VERT:
0.13850 1.08300 0.00584
0.56051 0.09293 0.82292
0.40202 0.28964
pelvis 0.65990 spine_01 0.32994 spine_02 0.01016

VERT:
0.07071 1.17893 0.04119
0.56051 0.09293 0.82292
0.34626 0.33659
spine_01 0.66667 pelvis 0.16667 spine_02 0.16667

VERT:
0.07405 1.07049 0.05115
0.56051 0.09293 0.82292
0.40915 0.33557
pelvis 0.66667 spine_01 0.33333 thigh_l 0.00000

VERT:
0.15345 1.28582 -0.00333
0.57638 -0.34521 0.74069
0.28242 0.28934
spine_02 0.54683 spine_01 0.27341 clavicle_l 0.16249 pelvis 0.01727

VERT:
0.10888 1.35740 0.06471
0.57638 -0.34521 0.74069
0.25101 0.33044
spine_02 0.70470 clavicle_l 0.29530

VERT:
0.08901 1.28715 0.04743
0.57638 -0.34521 0.74069
0.28564 0.33236
spine_02 0.59882 spine_01 0.29941 clavicle_l 0.09444 pelvis 0.00734

VERT:
0.16628 1.28297 -0.10127
0.80061 -0.26506 -0.53736
0.71049 0.78383
spine_02 0.48479 spine_01 0.24239 clavicle_l 0.23793 arm_l 0.03489

VERT:
0.13168 1.35550 -0.18858
0.80061 -0.26506 -0.53736
0.74650 0.73366
clavicle_l 0.48146 spine_02 0.48146 arm_l 0.03708

VERT:
0.18076 1.36059 -0.11798
0.80061 -0.26506 -0.53736
0.70264 0.74140
clavicle_l 0.40000 arm_l 0.40000 spine_02 0.20000

VERT:
0.10632 1.28558 -0.17156
0.11387 -0.27392 -0.95499
0.75795 0.77124
spine_02 0.50920 spine_01 0.25460 clavicle_l 0.23621

VERT:
-0.00000 1.35880 -0.20523
0.11387 -0.27392 -0.95499
0.81357 0.73150
spine_02 0.70521 clavicle_l 0.14740 clavicle_r 0.14740

VERT:
0.13168 1.35550 -0.18858
0.11387 -0.27392 -0.95499
0.74650 0.73366
clavicle_l 0.48146 spine_02 0.48146 arm_l 0.03708

VERT:
-0.00000 1.31556 0.06378
0.00088 -0.02446 0.99970
0.27399 0.37892
spine_02 0.61465 spine_01 0.30732 clavicle_l 0.03902 clavicle_r 0.03902

VERT:
0.10888 1.35740 0.06471
0.00088 -0.02446 0.99970
0.25101 0.33044
spine_02 0.70470 clavicle_l 0.29530

VERT:
-0.00000 1.35903 0.06485
0.00088 -0.02446 0.99970
0.25206 0.37892
spine_02 0.59592 spine_01 0.29768 clavicle_l 0.05320 clavicle_r 0.05320

VERT:
0.16628 1.28297 -0.10127
0.95373 -0.26977 0.13273
0.28208 0.23503
spine_02 0.48479 spine_01 0.24239 clavicle_l 0.23793 arm_l 0.03489

VERT:
0.17333 1.35608 -0.00333
0.95373 -0.26977 0.13273
0.24405 0.28792
clavicle_l 0.56200 spine_02 0.39298 arm_l 0.04502

VERT:
0.15345 1.28582 -0.00333
0.95373 -0.26977 0.13273
0.28242 0.28934
spine_02 0.54683 spine_01 0.27341 clavicle_l 0.16249 pelvis 0.01727

VERT:
0.08922 0.98779 -0.14725
0.69179 0.31047 -0.65195
0.76493 0.94860
pelvis 0.99729 spine_02 0.00271

VERT:
0.16957 0.94113 -0.08421
0.69179 0.31047 -0.65195
0.70728 0.96519
thigh_l 0.50049 pelvis 0.49951

VERT:
0.10167 0.92783 -0.16259
0.69179 0.31047 -0.65195
0.75968 0.98195
pelvis 0.64754 thigh_l 0.32377 spine_01 0.02869

VERT:
0.13586 1.18116 -0.08638
0.98439 -0.17554 0.01267
0.34102 0.24355
spine_01 0.65271 pelvis 0.16318 spine_02 0.16318 clavicle_l 0.02094

VERT:
0.15345 1.28582 -0.00333
0.98439 -0.17554 0.01267
0.28242 0.28934
spine_02 0.54683 spine_01 0.27341 clavicle_l 0.16249 pelvis 0.01727

VERT:
0.13537 1.18427 -0.00564
0.98439 -0.17554 0.01267
0.34119 0.28988
spine_01 0.66477 pelvis 0.16619 spine_02 0.16619 clavicle_l 0.00285

VERT:
-0.00000 1.18805 0.06199
0.17639 -0.01385 0.98422
0.34249 0.37892
spine_01 0.66667 pelvis 0.16667 spine_02 0.16667

VERT:
0.08901 1.28715 0.04743
0.17639 -0.01385 0.98422
0.28564 0.33236
spine_02 0.59882 spine_01 0.29941 clavicle_l 0.09444 pelvis 0.00734

VERT:
-0.00000 1.31556 0.06378
0.17639 -0.01385 0.98422
0.27399 0.37892
spine_02 0.61465 spine_01 0.30732 clavicle_l 0.03902 clavicle_r 0.03902

VERT:
0.07130 1.18307 -0.13213
0.02980 -0.36763 -0.92949
0.77200 0.83363
spine_01 0.66139 pelvis 0.16535 spine_02 0.16535 clavicle_l 0.00791

VERT:
-0.00000 1.28854 -0.17614
0.02980 -0.36763 -0.92949
0.81357 0.77069
spine_02 0.57485 spine_01 0.28742 clavicle_l 0.06886 clavicle_r 0.06886

VERT:
0.10632 1.28558 -0.17156
0.02980 -0.36763 -0.92949
0.75795 0.77124
spine_02 0.50920 spine_01 0.25460 clavicle_l 0.23621

VERT:
0.13586 1.18116 -0.08638
0.71863 -0.30601 -0.62445
0.72850 0.83861
spine_01 0.65271 pelvis 0.16318 spine_02 0.16318 clavicle_l 0.02094

VERT:
0.10632 1.28558 -0.17156
0.71863 -0.30601 -0.62445
0.75795 0.77124
spine_02 0.50920 spine_01 0.25460 clavicle_l 0.23621

VERT:
0.16628 1.28297 -0.10127
0.71863 -0.30601 -0.62445
0.71049 0.78383
spine_02 0.48479 spine_01 0.24239 clavicle_l 0.23793 arm_l 0.03489

VERT:
0.13537 1.18427 -0.00564
0.58808 -0.14540 0.79562
0.34119 0.28988
spine_01 0.66477 pelvis 0.16619 spine_02 0.16619 clavicle_l 0.00285

VERT:
0.08901 1.28715 0.04743
0.58808 -0.14540 0.79562
0.28564 0.33236
spine_02 0.59882 spine_01 0.29941 clavicle_l 0.09444 pelvis 0.00734

VERT:
0.07071 1.17893 0.04119
0.58808 -0.14540 0.79562
0.34626 0.33659
spine_01 0.66667 pelvis 0.16667 spine_02 0.16667

VERT:
0.07033 1.52643 -0.07489
0.31339 0.84399 0.43527
0.14173 0.33751
spine_02 0.33334 clavicle_l 0.33333 neck 0.33333

VERT:
0.19718 1.51528 -0.14462
0.31339 0.84399 0.43527
0.11755 0.26385
clavicle_l 0.50000 arm_l 0.50000

VERT:
0.05846 1.56077 -0.13294
0.31339 0.84399 0.43527
0.10533 0.34110
clavicle_l 0.49696 neck 0.49696 spine_02 0.00608 head 0.00000

VERT:
0.10888 1.35740 0.06471
0.00757 0.42960 0.90299
0.25101 0.33044
spine_02 0.70470 clavicle_l 0.29530

VERT:
-0.00000 1.45282 0.02023
0.00757 0.42960 0.90299
0.20189 0.37892
spine_02 0.73142 clavicle_l 0.12060 clavicle_r 0.12060 spine_01 0.02738

VERT:
-0.00000 1.35903 0.06485
0.00757 0.42960 0.90299
0.25206 0.37892
spine_02 0.59592 spine_01 0.29768 clavicle_l 0.05320 clavicle_r 0.05320

VERT:
0.18076 1.36059 -0.11798
0.96892 -0.24155 0.05333
0.23789 0.22742
clavicle_l 0.40000 arm_l 0.40000 spine_02 0.20000

VERT:
0.19720 1.44368 -0.04037
0.96892 -0.24155 0.05333
0.19473 0.27369
clavicle_l 0.47297 arm_l 0.47297 spine_02 0.05405

VERT:
0.17333 1.35608 -0.00333
0.96892 -0.24155 0.05333
0.24405 0.28792
clavicle_l 0.56200 spine_02 0.39298 arm_l 0.04502

VERT:
0.18076 1.36059 -0.11798
0.78445 -0.33648 -0.52098
0.70264 0.74140
clavicle_l 0.40000 arm_l 0.40000 spine_02 0.20000

VERT:
0.13168 1.35550 -0.18858
0.78445 -0.33648 -0.52098
0.74650 0.73366
clavicle_l 0.48146 spine_02 0.48146 arm_l 0.03708

VERT:
0.16424 1.43002 -0.18769
0.78445 -0.33648 -0.52098
0.72885 0.69562
clavicle_l 0.48227 arm_l 0.48217 spine_02 0.03556

VERT:
0.09565 1.47194 -0.19361
0.12533 -0.00407 -0.99211
0.76459 0.67492
clavicle_l 0.50000 spine_02 0.50000

VERT:
0.13168 1.35550 -0.18858
0.12533 -0.00407 -0.99211
0.74650 0.73366
clavicle_l 0.48146 spine_02 0.48146 arm_l 0.03708

VERT:
-0.00000 1.35880 -0.20523
0.12533 -0.00407 -0.99211
0.81357 0.73150
spine_02 0.70521 clavicle_l 0.14740 clavicle_r 0.14740

VERT:
0.18076 1.36059 -0.11798
-0.44975 -0.56051 0.69538
0.81952 0.08941
clavicle_l 0.40000 arm_l 0.40000 spine_02 0.20000

VERT:
0.26669 1.35396 -0.06774
-0.44975 -0.56051 0.69538
0.86775 0.10579
arm_l 0.99407 clavicle_l 0.00593

VERT:
0.19720 1.44368 -0.04037
-0.44975 -0.56051 0.69538
0.85461 0.04660
clavicle_l 0.47297 arm_l 0.47297 spine_02 0.05405

VERT:
-0.21287 1.51300 -0.08034
-0.48369 0.35254 0.80110
0.15284 0.49602
clavicle_r 0.50000 arm_r 0.50000

VERT:
-0.19720 1.44368 -0.04037
-0.48369 0.35254 0.80110
0.19473 0.48414
clavicle_r 0.47297 arm_r 0.47297 spine_02 0.05405

VERT:
-0.10722 1.45381 0.00950
-0.48369 0.35254 0.80110
0.20091 0.43160
spine_02 0.49131 clavicle_r 0.48129 spine_01 0.02740

VERT:
0.18076 1.36059 -0.11798
-0.53979 -0.65688 -0.52643
0.99609 0.07504
clavicle_l 0.40000 arm_l 0.40000 spine_02 0.20000

VERT:
0.16424 1.43002 -0.18769
-0.53979 -0.65688 -0.52643
0.96176 0.03778
clavicle_l 0.48227 arm_l 0.48217 spine_02 0.03556

VERT:
0.25930 1.34482 -0.17885
-0.53979 -0.65688 -0.52643
0.95177 0.10366
arm_l 1.00000 clavicle_l 0.00000

VERT:
0.16424 1.43002 -0.18769
0.41399 0.37579 -0.82909
0.96176 0.03778
clavicle_l 0.48227 arm_l 0.48217 spine_02 0.03556

VERT:
0.28945 1.38392 -0.14607
0.41399 0.37579 -0.82909
0.91960 0.09945
arm_l 0.99999 clavicle_l 0.00001

VERT:
0.25930 1.34482 -0.17885
0.41399 0.37579 -0.82909
0.95177 0.10366
arm_l 1.00000 clavicle_l 0.00000

VERT:
0.10721 1.45381 0.00950
0.49167 0.22202 0.84200
0.20091 0.32624
spine_02 0.49131 clavicle_l 0.48129 spine_01 0.02740

VERT:
0.17333 1.35608 -0.00333
0.49167 0.22202 0.84200
0.24405 0.28792
clavicle_l 0.56200 spine_02 0.39298 arm_l 0.04502

VERT:
0.19720 1.44368 -0.04037
0.49167 0.22202 0.84200
0.19473 0.27369
clavicle_l 0.47297 arm_l 0.47297 spine_02 0.05405

VERT:
0.10721 1.45381 0.00950
0.05903 0.74976 0.65907
0.20091 0.32624
spine_02 0.49131 clavicle_l 0.48129 spine_01 0.02740

VERT:
-0.00000 1.50019 -0.03366
0.05903 0.74976 0.65907
0.16412 0.37892
spine_02 0.30100 neck 0.30071 clavicle_l 0.19915 clavicle_r 0.19915

VERT:
-0.00000 1.45282 0.02023
0.05903 0.74976 0.65907
0.20189 0.37892
spine_02 0.73142 clavicle_l 0.12060 clavicle_r 0.12060 spine_01 0.02738

VERT:
0.19720 1.44368 -0.04037
0.64638 0.26617 0.71509
0.85461 0.04660
clavicle_l 0.47297 arm_l 0.47297 spine_02 0.05405

VERT:
0.28810 1.38378 -0.10024
0.64638 0.26617 0.71509
0.89405 0.09935
arm_l 1.00000 clavicle_l 0.00000

VERT:
0.21287 1.51300 -0.08034
0.64638 0.26617 0.71509
0.88471 0.02007
clavicle_l 0.50000 arm_l 0.50000

VERT:
-0.00000 1.47518 -0.18289
-0.10315 0.18751 -0.97683
0.81357 0.67071
spine_02 0.55530 clavicle_l 0.16321 clavicle_r 0.16321 neck 0.11827

VERT:
0.09565 1.47194 -0.19361
-0.10315 0.18751 -0.97683
0.76459 0.67492
clavicle_l 0.50000 spine_02 0.50000

VERT:
-0.00000 1.35880 -0.20523
-0.10315 0.18751 -0.97683
0.81357 0.73150
spine_02 0.70521 clavicle_l 0.14740 clavicle_r 0.14740

VERT:
0.13168 1.35550 -0.18858
0.07373 -0.02026 -0.99707
0.74650 0.73366
clavicle_l 0.48146 spine_02 0.48146 arm_l 0.03708

VERT:
0.09565 1.47194 -0.19361
0.07373 -0.02026 -0.99707
0.76459 0.67492
clavicle_l 0.50000 spine_02 0.50000

VERT:
0.16424 1.43002 -0.18769
0.07373 -0.02026 -0.99707
0.72885 0.69562
clavicle_l 0.48227 arm_l 0.48217 spine_02 0.03556

VERT:
0.21287 1.51300 -0.08034
0.80458 0.56706 -0.17635
0.88471 0.02007
clavicle_l 0.50000 arm_l 0.50000

VERT:
0.28945 1.38392 -0.14607
0.80458 0.56706 -0.17635
0.91960 0.09945
arm_l 0.99999 clavicle_l 0.00001

VERT:
0.19718 1.51528 -0.14462
0.80458 0.56706 -0.17635
0.91740 0.01435
clavicle_l 0.50000 arm_l 0.50000

VERT:
0.09565 1.47194 -0.19361
0.12852 0.59548 -0.79302
0.76459 0.67492
clavicle_l 0.50000 spine_02 0.50000

VERT:
0.05846 1.56077 -0.13294
0.12852 0.59548 -0.79302
0.78211 0.61906
clavicle_l 0.49696 neck 0.49696 spine_02 0.00608 head 0.00000

VERT:
0.19718 1.51528 -0.14462
0.12852 0.59548 -0.79302
0.70976 0.64571
clavicle_l 0.50000 arm_l 0.50000

VERT:
0.05846 1.56077 -0.13294
0.22150 0.37425 -0.90049
0.78211 0.61906
clavicle_l 0.49696 neck 0.49696 spine_02 0.00608 head 0.00000

VERT:
-0.00000 1.47518 -0.18289
0.22150 0.37425 -0.90049
0.81357 0.67071
spine_02 0.55530 clavicle_l 0.16321 clavicle_r 0.16321 neck 0.11827

VERT:
-0.00000 1.55746 -0.14870
0.22150 0.37425 -0.90049
0.81357 0.62386
neck 0.53753 clavicle_l 0.17174 clavicle_r 0.17174 spine_02 0.11900

VERT:
0.38690 1.27765 -0.10355
0.62863 0.76756 0.12520
0.90358 0.18371
forearm_l 1.00000 arm_l 0.00000

VERT:
0.55130 1.13106 -0.03034
0.62863 0.76756 0.12520
0.91854 0.31178
forearm_l 1.00000

VERT:
0.38459 1.28586 -0.14232
0.62863 0.76756 0.12520
0.92232 0.17412
forearm_l 0.99993 arm_l 0.00007

VERT:
0.36950 1.24541 -0.16735
0.40898 0.36484 -0.83644
0.94679 0.17985
forearm_l 0.50001 arm_l 0.49999

VERT:
0.36130 1.30987 -0.14324
0.40898 0.36484 -0.83644
0.92044 0.15666
arm_l 0.66667 forearm_l 0.33333 clavicle_l 0.00000

VERT:
0.38459 1.28586 -0.14232
0.40898 0.36484 -0.83644
0.92232 0.17412
forearm_l 0.99993 arm_l 0.00007

VERT:
0.36089 1.24532 -0.08132
-0.44856 -0.56626 0.69148
0.87629 0.19047
forearm_l 0.99921 arm_l 0.00079

VERT:
0.30884 1.23449 -0.12395
-0.44856 -0.56626 0.69148
0.84280 0.17351
arm_l 0.65943 forearm_l 0.32972 clavicle_l 0.01085

VERT:
0.33077 1.21522 -0.12551
-0.44856 -0.56626 0.69148
0.84244 0.18757
forearm_l 0.98038 clavicle_l 0.01904 arm_l 0.00058

VERT:
0.25930 1.34482 -0.17885
0.41715 0.37306 -0.82874
0.95177 0.10366
arm_l 1.00000 clavicle_l 0.00000

VERT:
0.28945 1.38392 -0.14607
0.41715 0.37306 -0.82874
0.91960 0.09945
arm_l 0.99999 clavicle_l 0.00001

VERT:
0.36130 1.30987 -0.14324
0.41715 0.37306 -0.82874
0.92044 0.15666
arm_l 0.66667 forearm_l 0.33333 clavicle_l 0.00000

VERT:
0.26669 1.35396 -0.06774
0.54449 0.40789 0.73291
0.86775 0.10579
arm_l 0.99407 clavicle_l 0.00593

VERT:
0.36031 1.30464 -0.10984
0.54449 0.40789 0.73291
0.90201 0.16106
arm_l 0.99165 forearm_l 0.00463 clavicle_l 0.00372

VERT:
0.28810 1.38378 -0.10024
0.54449 0.40789 0.73291
0.89405 0.09935
arm_l 1.00000 clavicle_l 0.00000

VERT:
0.30884 1.23449 -0.12395
-0.45974 -0.46156 -0.75868
0.98234 0.16682
arm_l 0.65943 forearm_l 0.32972 clavicle_l 0.01085

VERT:
0.36950 1.24541 -0.16735
-0.45974 -0.46156 -0.75868
0.94679 0.17985
forearm_l 0.50001 arm_l 0.49999

VERT:
0.33077 1.21522 -0.12551
-0.45974 -0.46156 -0.75868
0.97900 0.18235
forearm_l 0.98038 clavicle_l 0.01904 arm_l 0.00058

VERT:
0.05846 1.56077 -0.13294
0.37444 0.14876 -0.91524
0.80678 0.16719
clavicle_l 0.49696 neck 0.49696 spine_02 0.00608 head 0.00000

VERT:
-0.00000 1.63834 -0.14425
0.37444 0.14876 -0.91524
0.72785 0.10777
head 0.93197 clavicle_l 0.03397 clavicle_r 0.03397 neck 0.00008

VERT:
0.05000 1.64084 -0.12339
0.37444 0.14876 -0.91524
0.72333 0.16055
head 0.92340 clavicle_l 0.07660 neck 0.00000

VERT:
0.05846 1.56077 -0.13294
0.97945 0.17800 -0.09482
0.80678 0.16719
clavicle_l 0.49696 neck 0.49696 spine_02 0.00608 head 0.00000

VERT:
0.05610 1.60795 -0.06881
0.97945 0.17800 -0.09482
0.75125 0.22020
head 0.89400 clavicle_l 0.10600 neck 0.00000

VERT:
0.07033 1.52643 -0.07489
0.97945 0.17800 -0.09482
0.82952 0.23175
spine_02 0.33334 clavicle_l 0.33333 neck 0.33333

VERT:
-0.00000 1.50019 -0.03366
0.33238 -0.10596 0.93718
0.84226 0.31265
spine_02 0.30100 neck 0.30071 clavicle_l 0.19915 clavicle_r 0.19915

VERT:
0.03719 1.57354 -0.03856
0.33238 -0.10596 0.93718
0.76589 0.26715
head 0.58748 neck 0.29377 clavicle_l 0.08639 spine_02 0.03236

VERT:
-0.00000 1.56674 -0.02614
0.33238 -0.10596 0.93718
0.77427 0.31265
head 0.58356 neck 0.29223 spine_02 0.09308 clavicle_l 0.03113

VERT:
-0.00000 1.67926 -0.16476
0.34761 -0.10918 -0.93126
0.68762 0.09830
head 0.94874 neck 0.03126 clavicle_l 0.01000 clavicle_r 0.01000

VERT:
0.06882 1.72625 -0.14458
0.34761 -0.10918 -0.93126
0.65402 0.15851
head 1.00000

VERT:
0.06583 1.68151 -0.14045
0.34761 -0.10918 -0.93126
0.68441 0.15804
head 0.99125 clavicle_l 0.00875

VERT:
-0.00000 1.56674 -0.02614
0.29264 -0.95575 -0.02996
0.77427 0.31265
head 0.58356 neck 0.29223 spine_02 0.09308 clavicle_l 0.03113

VERT:
0.03471 1.57587 0.02155
0.29264 -0.95575 -0.02996
0.73136 0.29675
head 0.89712 clavicle_l 0.05791 spine_02 0.04497 neck 0.00000

VERT:
-0.00000 1.56531 0.01934
0.29264 -0.95575 -0.02996
0.73575 0.31265
head 0.86740 spine_02 0.07072 clavicle_l 0.03094 clavicle_r 0.03094

VERT:
-0.00000 1.56531 0.01934
0.16156 -0.68092 0.71431
0.73575 0.31265
head 0.86740 spine_02 0.07072 clavicle_l 0.03094 clavicle_r 0.03094

VERT:
0.03471 1.57587 0.02155
0.16156 -0.68092 0.71431
0.73136 0.29675
head 0.89712 clavicle_l 0.05791 spine_02 0.04497 neck 0.00000

VERT:
-0.00000 1.57989 0.03323
0.16156 -0.68092 0.71431
0.72600 0.31265
head 0.90064 spine_02 0.04962 clavicle_l 0.02487 clavicle_r 0.02487

VERT:
-0.00000 1.57989 0.03323
0.32502 -0.05574 0.94406
0.72600 0.31265
head 0.90064 spine_02 0.04962 clavicle_l 0.02487 clavicle_r 0.02487

VERT:
0.03118 1.62027 0.02488
0.32502 -0.05574 0.94406
0.70758 0.29368
head 0.97886 clavicle_l 0.02114 neck 0.00000

VERT:
-0.00000 1.61733 0.03544
0.32502 -0.05574 0.94406
0.70707 0.31265
head 0.96859 clavicle_l 0.01090 clavicle_r 0.01090 spine_02 0.00962

VERT:
-0.00000 1.61733 0.03544
0.56703 -0.26352 0.78041
0.70707 0.31265
head 0.96859 clavicle_l 0.01090 clavicle_r 0.01090 spine_02 0.00962

VERT:
0.02099 1.65339 0.03237
0.56703 -0.26352 0.78041
0.68709 0.29774
head 0.99989 neck 0.00011

VERT:
-0.00000 1.64422 0.04452
0.56703 -0.26352 0.78041
0.69041 0.31265
head 0.99778 clavicle_l 0.00100 clavicle_r 0.00100 neck 0.00022

VERT:
0.21570 -0.00044 0.13929
0.00000 -1.00000 -0.00000
0.87458 0.61579
toe_l 1.00000

VERT:
-0.00000 1.65766 0.06089
0.61837 0.34613 0.70556
0.68080 0.31264
head 0.99443 neck 0.00557

VERT:
0.01040 1.69553 0.03320
0.61837 0.34613 0.70556
0.66162 0.30352
head 1.00000

VERT:
-0.00000 1.69774 0.04123
0.61837 0.34613 0.70556
0.65980 0.31265
head 1.00000

VERT:
0.01040 1.69553 0.03320
0.54925 -0.27847 0.78790
0.66162 0.30352
head 1.00000

VERT:
-0.00000 1.71524 0.04742
0.54925 -0.27847 0.78790
0.64680 0.31265
head 1.00000

VERT:
-0.00000 1.69774 0.04123
0.54925 -0.27847 0.78790
0.65980 0.31265
head 1.00000

VERT:
0.02099 1.65339 0.03237
0.42130 0.08801 0.90264
0.68709 0.29774
head 0.99989 neck 0.00011

VERT:
0.06072 1.69968 0.00931
0.42130 0.08801 0.90264
0.66066 0.26733
head 1.00000

VERT:
0.01040 1.69553 0.03320
0.42130 0.08801 0.90264
0.66162 0.30352
head 1.00000

VERT:
0.06372 1.65659 0.00490
0.96819 0.04212 0.24666
0.68883 0.26683
head 0.99242 clavicle_l 0.00704 neck 0.00054

VERT:
0.08009 1.69853 -0.06653
0.96819 0.04212 0.24666
0.66414 0.21672
head 1.00000

VERT:
0.06072 1.69968 0.00931
0.96819 0.04212 0.24666
0.66066 0.26733
head 1.00000

VERT:
0.08998 1.65864 -0.10102
0.91195 -0.11455 0.39398
0.69108 0.19663
head 0.98275 clavicle_l 0.01725

VERT:
0.08009 1.69853 -0.06653
0.91195 -0.11455 0.39398
0.66414 0.21672
head 1.00000

VERT:
0.07457 1.64864 -0.06825
0.91195 -0.11455 0.39398
0.71045 0.21087
head 0.96772 clavicle_l 0.03228 neck 0.00000

VERT:
0.07457 1.64864 -0.06825
-0.38680 -0.81538 -0.43075
0.71045 0.21087
head 0.96772 clavicle_l 0.03228 neck 0.00000

VERT:
0.07705 1.66234 -0.09641
-0.38680 -0.81538 -0.43075
0.69565 0.19089
head 0.98074 clavicle_l 0.01926

VERT:
0.08998 1.65864 -0.10102
-0.38680 -0.81538 -0.43075
0.69108 0.19663
head 0.98275 clavicle_l 0.01725

VERT:
0.08998 1.65864 -0.10102
-0.39702 -0.06856 -0.91525
0.69108 0.19663
head 0.98275 clavicle_l 0.01725

VERT:
0.08004 1.70559 -0.10022
-0.39702 -0.06856 -0.91525
0.67385 0.19016
head 1.00000

VERT:
0.09304 1.71326 -0.10644
-0.39702 -0.06856 -0.91525
0.67932 0.19675
head 1.00000

VERT:
0.05000 1.64084 -0.12339
0.86150 -0.38653 -0.32926
0.72333 0.16055
head 0.92340 clavicle_l 0.07660 neck 0.00000

VERT:
0.07457 1.64864 -0.06825
0.86150 -0.38653 -0.32926
0.71045 0.21087
head 0.96772 clavicle_l 0.03228 neck 0.00000

VERT:
0.05610 1.60795 -0.06881
0.86150 -0.38653 -0.32926
0.75125 0.22020
head 0.89400 clavicle_l 0.10600 neck 0.00000

VERT:
0.09304 1.71326 -0.10644
-0.43212 0.88253 0.18552
0.67932 0.19675
head 1.00000

VERT:
0.08004 1.70559 -0.10022
-0.43212 0.88253 0.18552
0.67385 0.19016
head 1.00000

VERT:
0.08009 1.69853 -0.06653
-0.43212 0.88253 0.18552
0.66414 0.21672
head 1.00000

VERT:
0.05000 1.64084 -0.12339
0.31987 -0.46979 -0.82279
0.72333 0.16055
head 0.92340 clavicle_l 0.07660 neck 0.00000

VERT:
-0.00000 1.67926 -0.16476
0.31987 -0.46979 -0.82279
0.68762 0.09830
head 0.94874 neck 0.03126 clavicle_l 0.01000 clavicle_r 0.01000

VERT:
0.06583 1.68151 -0.14045
0.31987 -0.46979 -0.82279
0.68441 0.15804
head 0.99125 clavicle_l 0.00875

VERT:
0.05000 1.64084 -0.12339
0.78143 -0.47434 -0.40542
0.72333 0.16055
head 0.92340 clavicle_l 0.07660 neck 0.00000

VERT:
0.06583 1.68151 -0.14045
0.78143 -0.47434 -0.40542
0.68441 0.15804
head 0.99125 clavicle_l 0.00875

VERT:
0.07705 1.66234 -0.09641
0.78143 -0.47434 -0.40542
0.69566 0.19087
head 0.98074 clavicle_l 0.01926

VERT:
0.08004 1.70559 -0.10022
0.95480 -0.08998 -0.28330
0.67383 0.19013
head 1.00000

VERT:
0.06583 1.68151 -0.14045
0.95480 -0.08998 -0.28330
0.68441 0.15804
head 0.99125 clavicle_l 0.00875

VERT:
0.06882 1.72625 -0.14458
0.95480 -0.08998 -0.28330
0.65402 0.15851
head 1.00000

VERT:
-0.00000 1.73390 -0.16945
0.35343 0.24313 -0.90331
0.63543 0.10087
head 1.00000

VERT:
0.06790 1.77511 -0.13179
0.35343 0.24313 -0.90331
0.62217 0.16855
head 1.00000

VERT:
0.06882 1.72625 -0.14458
0.35343 0.24313 -0.90331
0.65402 0.15851
head 1.00000

VERT:
-0.00000 1.78784 -0.15063
0.29700 0.78973 -0.53677
0.58501 0.12478
head 1.00000

VERT:
0.04535 1.80147 -0.10548
0.29700 0.78973 -0.53677
0.59475 0.18022
head 1.00000

VERT:
0.06790 1.77511 -0.13179
0.29700 0.78973 -0.53677
0.62217 0.16855
head 1.00000

VERT:
-0.00000 1.81968 -0.04531
0.29457 0.90440 0.30869
0.54569 0.22767
head 1.00000

VERT:
0.03774 1.79270 -0.00229
0.29457 0.90440 0.30869
0.59226 0.25882
head 1.00000

VERT:
0.04032 1.80771 -0.04872
0.29457 0.90440 0.30869
0.58346 0.22192
head 1.00000

VERT:
0.05828 1.76546 -0.01033
0.76266 0.43328 0.48022
0.61709 0.25018
head 1.00000

VERT:
0.03774 1.79270 -0.00229
0.76266 0.43328 0.48022
0.59226 0.25882
head 1.00000

VERT:
0.04128 1.76585 0.01632
0.76266 0.43328 0.48022
0.61357 0.27290
head 1.00000

VERT:
0.03774 1.79270 -0.00229
0.40343 0.55653 0.72631
0.59226 0.25882
head 1.00000

VERT:
-0.00000 1.77128 0.03509
0.40343 0.55653 0.72631
0.59548 0.31265
head 1.00000

VERT:
0.04128 1.76585 0.01632
0.40343 0.55653 0.72631
0.61357 0.27290
head 1.00000

VERT:
-0.00000 1.77128 0.03509
0.42737 0.29302 0.85528
0.59548 0.31265
head 1.00000

VERT:
0.04176 1.71622 0.03308
0.42737 0.29302 0.85528
0.64669 0.28475
head 1.00000

VERT:
0.04128 1.76585 0.01632
0.42737 0.29302 0.85528
0.61357 0.27290
head 1.00000

VERT:
0.04176 1.71622 0.03308
0.38727 -0.58275 0.71444
0.64669 0.28475
head 1.00000

VERT:
0.01040 1.69553 0.03320
0.38727 -0.58275 0.71444
0.66162 0.30352
head 1.00000

VERT:
0.06072 1.69968 0.00931
0.38727 -0.58275 0.71444
0.66066 0.26733
head 1.00000

VERT:
0.08004 1.70559 -0.10022
0.99856 0.05286 0.00946
0.67383 0.19013
head 1.00000

VERT:
0.07665 1.76217 -0.05900
0.99856 0.05286 0.00946
0.62512 0.21521
head 1.00000

VERT:
0.08009 1.69853 -0.06653
0.99856 0.05286 0.00946
0.66414 0.21672
head 1.00000

VERT:
0.07665 1.76217 -0.05900
0.78179 0.62355 0.00074
0.62512 0.21521
head 1.00000

VERT:
0.04535 1.80147 -0.10548
0.78179 0.62355 0.00074
0.59475 0.18022
head 1.00000

VERT:
0.04032 1.80771 -0.04872
0.78179 0.62355 0.00074
0.58346 0.22192
head 1.00000

VERT:
-0.00000 1.81562 -0.11162
0.30652 0.94873 -0.07716
0.55632 0.16290
head 1.00000

VERT:
0.04032 1.80771 -0.04872
0.30652 0.94873 -0.07716
0.58346 0.22192
head 1.00000

VERT:
0.04535 1.80147 -0.10548
0.30652 0.94873 -0.07716
0.59475 0.18022
head 1.00000

VERT:
0.05948 1.62567 -0.00491
0.72441 0.00586 0.68934
0.71067 0.26744
head 0.96538 clavicle_l 0.03462 neck 0.00000

VERT:
0.03118 1.62027 0.02488
0.72441 0.00586 0.68934
0.70758 0.29368
head 0.97886 clavicle_l 0.02114 neck 0.00000

VERT:
0.03471 1.57587 0.02155
0.72441 0.00586 0.68934
0.73136 0.29675
head 0.89712 clavicle_l 0.05791 spine_02 0.04497 neck 0.00000

VERT:
0.06372 1.65659 0.00490
0.71841 -0.29777 0.62866
0.68883 0.26683
head 0.99242 clavicle_l 0.00704 neck 0.00054

VERT:
0.03118 1.62027 0.02488
0.71841 -0.29777 0.62866
0.70758 0.29368
head 0.97886 clavicle_l 0.02114 neck 0.00000

VERT:
0.05948 1.62567 -0.00491
0.71841 -0.29777 0.62866
0.71067 0.26744
head 0.96538 clavicle_l 0.03462 neck 0.00000

VERT:
0.07457 1.64864 -0.06825
0.90823 -0.41315 0.06648
0.71045 0.21087
head 0.96772 clavicle_l 0.03228 neck 0.00000

VERT:
0.05948 1.62567 -0.00491
0.90823 -0.41315 0.06648
0.71067 0.26744
head 0.96538 clavicle_l 0.03462 neck 0.00000

VERT:
0.05610 1.60795 -0.06881
0.90823 -0.41315 0.06648
0.75125 0.22020
head 0.89400 clavicle_l 0.10600 neck 0.00000

VERT:
0.05610 1.60795 -0.06881
0.90708 -0.41556 0.06721
0.75125 0.22020
head 0.89400 clavicle_l 0.10600 neck 0.00000

VERT:
0.05948 1.62567 -0.00491
0.90708 -0.41556 0.06721
0.71067 0.26744
head 0.96538 clavicle_l 0.03462 neck 0.00000

VERT:
0.03471 1.57587 0.02155
0.90708 -0.41556 0.06721
0.73136 0.29675
head 0.89712 clavicle_l 0.05791 spine_02 0.04497 neck 0.00000

VERT:
0.03471 1.57587 0.02155
0.89443 -0.44392 0.05415
0.73136 0.29675
head 0.89712 clavicle_l 0.05791 spine_02 0.04497 neck 0.00000

VERT:
0.03719 1.57354 -0.03856
0.89443 -0.44392 0.05415
0.76589 0.26715
head 0.58748 neck 0.29377 clavicle_l 0.08639 spine_02 0.03236

VERT:
0.05610 1.60795 -0.06881
0.89443 -0.44392 0.05415
0.75125 0.22020
head 0.89400 clavicle_l 0.10600 neck 0.00000

VERT:
0.03719 1.57354 -0.03856
0.79301 0.09349 0.60199
0.76589 0.26715
head 0.58748 neck 0.29377 clavicle_l 0.08639 spine_02 0.03236

VERT:
0.07033 1.52643 -0.07489
0.79301 0.09349 0.60199
0.82952 0.23175
spine_02 0.33334 clavicle_l 0.33333 neck 0.33333

VERT:
0.05610 1.60795 -0.06881
0.79301 0.09349 0.60199
0.75125 0.22020
head 0.89400 clavicle_l 0.10600 neck 0.00000

VERT:
0.05828 1.76546 -0.01033
0.82758 0.18855 0.52874
0.61709 0.25018
head 1.00000

VERT:
0.04176 1.71622 0.03308
0.82758 0.18855 0.52874
0.64669 0.28475
head 1.00000

VERT:
0.06072 1.69968 0.00931
0.82758 0.18855 0.52874
0.66066 0.26733
head 1.00000

VERT:
0.05828 1.76546 -0.01033
0.93575 0.00891 0.35256
0.61709 0.25018
head 1.00000

VERT:
0.08009 1.69853 -0.06653
0.93575 0.00891 0.35256
0.66414 0.21672
head 1.00000

VERT:
0.07665 1.76217 -0.05900
0.93575 0.00891 0.35256
0.62512 0.21521
head 1.00000

VERT:
0.05828 1.76546 -0.01033
0.80896 0.54474 0.22099
0.61709 0.25018
head 1.00000

VERT:
0.04032 1.80771 -0.04872
0.80896 0.54474 0.22099
0.58346 0.22192
head 1.00000

VERT:
0.03774 1.79270 -0.00229
0.80896 0.54474 0.22099
0.59226 0.25882
head 1.00000

VERT:
-0.00000 0.97231 -0.15131
0.00222 0.25073 -0.96805
0.81357 0.95610
pelvis 0.98695 spine_02 0.01275 thigh_l 0.00015 thigh_r 0.00015

VERT:
0.10167 0.92783 -0.16259
0.00222 0.25073 -0.96805
0.75968 0.98195
pelvis 0.64754 thigh_l 0.32377 spine_01 0.02869

VERT:
-0.00000 0.90014 -0.17000
0.00222 0.25073 -0.96805
0.81357 0.99609
pelvis 0.46057 thigh_l 0.26971 thigh_r 0.26971 spine_01 0.00000

VERT:
0.08667 0.51407 0.02245
-0.98383 -0.17480 0.03899
0.47131 0.76189
thigh_l 0.50000 calf_l 0.50000

VERT:
0.08085 0.53046 -0.05113
-0.98383 -0.17480 0.03899
0.43131 0.76238
thigh_l 0.93061 calf_l 0.06939

VERT:
0.08707 0.49505 -0.05275
-0.98383 -0.17480 0.03899
0.43522 0.78143
calf_l 1.00000 thigh_l 0.00000

VERT:
0.08707 0.49505 -0.05275
-0.56420 -0.03676 -0.82482
0.65547 0.78266
calf_l 1.00000 thigh_l 0.00000

VERT:
0.14357 0.53250 -0.09307
-0.56420 -0.03676 -0.82482
0.61581 0.76054
thigh_l 0.96384 calf_l 0.03616

VERT:
0.14752 0.49701 -0.09418
-0.56420 -0.03676 -0.82482
0.61352 0.78179
calf_l 0.99866 thigh_l 0.00134

VERT:
0.20484 0.52413 0.00662
0.94987 0.07733 -0.30293
0.54532 0.76088
thigh_l 0.50000 calf_l 0.50000

VERT:
0.18459 0.50681 -0.06131
0.94987 0.07733 -0.30293
0.58482 0.77466
calf_l 0.99372 thigh_l 0.00628

VERT:
0.18268 0.54279 -0.05810
0.94987 0.07733 -0.30293
0.58534 0.75380
thigh_l 1.00000

VERT:
0.18459 0.50681 -0.06131
0.64808 0.10178 -0.75474
0.58482 0.77466
calf_l 0.99372 thigh_l 0.00628

VERT:
0.14357 0.53250 -0.09307
0.64808 0.10178 -0.75474
0.61581 0.76054
thigh_l 0.96384 calf_l 0.03616

VERT:
0.18268 0.54279 -0.05810
0.64808 0.10178 -0.75474
0.58534 0.75380
thigh_l 1.00000

VERT:
0.08085 0.53046 -0.05113
-0.97727 -0.20983 0.03019
0.43131 0.76238
thigh_l 0.93061 calf_l 0.06939

VERT:
0.02593 0.79657 0.02064
-0.97727 -0.20983 0.03019
0.43790 0.60992
thigh_l 1.00000

VERT:
0.02327 0.79368 -0.08551
-0.97727 -0.20983 0.03019
0.38145 0.62341
thigh_l 1.00000

VERT:
0.36031 1.30464 -0.10984
0.70915 0.69306 0.12955
0.90201 0.16106
arm_l 0.99165 forearm_l 0.00463 clavicle_l 0.00372

VERT:
0.38459 1.28586 -0.14232
0.70915 0.69306 0.12955
0.92232 0.17412
forearm_l 0.99993 arm_l 0.00007

VERT:
0.36130 1.30987 -0.14324
0.70915 0.69306 0.12955
0.92044 0.15666
arm_l 0.66667 forearm_l 0.33333 clavicle_l 0.00000

VERT:
0.38690 1.27765 -0.10355
0.25983 0.39642 0.88053
0.90358 0.18371
forearm_l 1.00000 arm_l 0.00000

VERT:
0.33441 1.27200 -0.08552
0.25983 0.39642 0.88053
0.87435 0.16757
arm_l 0.96814 forearm_l 0.02254 clavicle_l 0.00932

VERT:
0.36089 1.24532 -0.08132
0.25983 0.39642 0.88053
0.87629 0.19047
forearm_l 0.99921 arm_l 0.00079

VERT:
0.33441 1.27200 -0.08552
-0.39558 -0.51175 0.76265
0.87435 0.16757
arm_l 0.96814 forearm_l 0.02254 clavicle_l 0.00932

VERT:
0.22500 1.30819 -0.11798
-0.39558 -0.51175 0.76265
0.82996 0.12053
arm_l 0.99744 clavicle_l 0.00255 forearm_l 0.00002

VERT:
0.30884 1.23449 -0.12395
-0.39558 -0.51175 0.76265
0.84280 0.17351
arm_l 0.65943 forearm_l 0.32972 clavicle_l 0.01085

VERT:
0.08265 0.91851 0.05694
0.04449 -0.60045 0.79842
0.49372 0.33452
thigh_l 0.50008 pelvis 0.49992

VERT:
-0.00000 0.91640 0.05996
0.04449 -0.60045 0.79842
0.49356 0.37892
pelvis 0.99048 thigh_l 0.00476 thigh_r 0.00476

VERT:
-0.00000 0.85518 0.01392
0.04449 -0.60045 0.79842
0.53467 0.37892
pelvis 0.73096 thigh_l 0.13452 thigh_r 0.13452

VERT:
-0.00000 0.97231 -0.15131
0.00096 0.24804 -0.96875
0.81357 0.95610
pelvis 0.98695 spine_02 0.01275 thigh_l 0.00015 thigh_r 0.00015

VERT:
0.07181 1.07162 -0.12580
0.00096 0.24804 -0.96875
0.77233 0.89899
pelvis 0.66902 spine_01 0.32668 spine_02 0.00430 thigh_l 0.00000

VERT:
0.08922 0.98779 -0.14725
0.00096 0.24804 -0.96875
0.76493 0.94860
pelvis 0.99729 spine_02 0.00271

VERT:
0.07955 0.97331 0.05485
0.12536 -0.08655 0.98833
0.46381 0.33481
pelvis 1.00000

VERT:
-0.00000 1.06117 0.07264
0.12536 -0.08655 0.98833
0.41428 0.37892
pelvis 0.66667 spine_01 0.33333 thigh_l 0.00000 thigh_r 0.00000

VERT:
-0.00000 0.91640 0.05996
0.12536 -0.08655 0.98833
0.49356 0.37892
pelvis 0.99048 thigh_l 0.00476 thigh_r 0.00476

VERT:
0.15442 1.00422 -0.08417
0.52714 0.12712 -0.84021
0.71814 0.93282
pelvis 0.66440 thigh_l 0.32873 spine_02 0.00687

VERT:
0.07181 1.07162 -0.12580
0.52714 0.12712 -0.84021
0.77233 0.89899
pelvis 0.66902 spine_01 0.32668 spine_02 0.00430 thigh_l 0.00000

VERT:
0.13727 1.07568 -0.08412
0.52714 0.12712 -0.84021
0.72841 0.89521
pelvis 0.66240 spine_01 0.32319 spine_02 0.01441

VERT:
0.16191 1.00860 0.01398
0.42359 0.05837 0.90397
0.44657 0.28304
pelvis 0.99335 spine_02 0.00665

VERT:
0.07405 1.07049 0.05115
0.42359 0.05837 0.90397
0.40915 0.33557
pelvis 0.66667 spine_01 0.33333 thigh_l 0.00000

VERT:
0.07955 0.97331 0.05485
0.42359 0.05837 0.90397
0.46381 0.33481
pelvis 1.00000

VERT:
0.15442 1.00422 -0.08417
0.95300 0.29058 -0.08570
0.43560 0.23125
pelvis 0.66440 thigh_l 0.32873 spine_02 0.00687

VERT:
0.13850 1.08300 0.00584
0.95300 0.29058 -0.08570
0.40202 0.28964
pelvis 0.65990 spine_01 0.32994 spine_02 0.01016

VERT:
0.16191 1.00860 0.01398
0.95300 0.29058 -0.08570
0.44657 0.28304
pelvis 0.99335 spine_02 0.00665

VERT:
0.36130 1.30987 -0.14324
0.74042 0.66035 0.12535
0.92044 0.15666
arm_l 0.66667 forearm_l 0.33333 clavicle_l 0.00000

VERT:
0.28810 1.38378 -0.10024
0.74042 0.66035 0.12535
0.89405 0.09935
arm_l 1.00000 clavicle_l 0.00000

VERT:
0.36031 1.30464 -0.10984
0.74042 0.66035 0.12535
0.90201 0.16106
arm_l 0.99165 forearm_l 0.00463 clavicle_l 0.00372

VERT:
0.34111 1.27102 -0.17031
-0.41911 -0.54828 -0.72370
0.94757 0.16131
arm_l 1.00000 clavicle_l 0.00000

VERT:
0.36950 1.24541 -0.16735
-0.41911 -0.54828 -0.72370
0.94679 0.17985
forearm_l 0.50001 arm_l 0.49999

VERT:
0.30884 1.23449 -0.12395
-0.41911 -0.54828 -0.72370
0.98234 0.16682
arm_l 0.65943 forearm_l 0.32972 clavicle_l 0.01085

VERT:
0.25327 0.02877 0.08768
0.94380 0.24824 -0.21823
0.51299 0.28363
toe_l 1.00000

VERT:
0.26072 -0.00044 0.08670
0.94380 0.24824 -0.21823
0.52911 0.28482
toe_l 1.00000

VERT:
0.25336 -0.00044 0.05486
0.94380 0.24824 -0.21823
0.52999 0.26733
foot_l 0.50000 toe_l 0.50000

VERT:
-0.00000 1.65766 0.06089
-0.80411 0.19085 0.56302
0.02229 0.22891
head 0.99443 neck 0.00557

VERT:
-0.01040 1.69553 0.03320
-0.80411 0.19085 0.56302
0.00391 0.21087
head 1.00000

VERT:
-0.02099 1.65339 0.03237
-0.80411 0.19085 0.56302
0.00391 0.23416
head 0.99989 neck 0.00011

VERT:
0.15517 0.03934 0.07968
-0.09803 0.86790 0.48697
0.91940 0.58565
foot_l 0.50000 toe_l 0.50000

VERT:
0.18793 0.09760 -0.01757
-0.09803 0.86790 0.48697
0.94594 0.52530
calf_l 0.50112 foot_l 0.49888

VERT:
0.14824 0.10085 -0.03135
-0.09803 0.86790 0.48697
0.92485 0.51484
calf_l 0.50375 foot_l 0.49625

VERT:
0.22958 -0.00044 -0.04798
0.00000 -1.00000 -0.00000
0.85754 0.51661
foot_l 1.00000

VERT:
0.14455 -0.00044 -0.02006
0.00000 -1.00000 -0.00000
0.90433 0.52713
foot_l 1.00000 calf_l 0.00000

VERT:
0.24526 0.03496 0.05714
0.97685 0.11082 -0.18300
0.51051 0.26656
foot_l 0.50000 toe_l 0.50000

VERT:
0.22958 -0.00044 -0.04798
0.97685 0.11082 -0.18300
0.53283 0.21084
foot_l 1.00000

VERT:
0.21940 0.10002 -0.04150
0.97685 0.11082 -0.18300
0.47861 0.21013
calf_l 0.51087 foot_l 0.48913

VERT:
0.18793 0.09760 -0.01757
0.29447 0.83144 0.47116
0.94594 0.52530
calf_l 0.50112 foot_l 0.49888

VERT:
0.24526 0.03496 0.05714
0.29447 0.83144 0.47116
0.97437 0.58272
foot_l 0.50000 toe_l 0.50000

VERT:
0.21940 0.10002 -0.04150
0.29447 0.83144 0.47116
0.96574 0.51474
calf_l 0.51087 foot_l 0.48913

VERT:
0.14455 -0.00044 -0.02006
-0.99509 0.04599 0.08765
0.00633 0.44230
foot_l 1.00000 calf_l 0.00000

VERT:
0.15517 0.03934 0.07968
-0.99509 0.04599 0.08765
0.03014 0.49499
foot_l 0.50000 toe_l 0.50000

VERT:
0.14824 0.10085 -0.03135
-0.99509 0.04599 0.08765
0.06034 0.43393
calf_l 0.50375 foot_l 0.49625

VERT:
0.08004 1.70559 -0.10022
0.98704 0.12881 -0.09575
0.67383 0.19013
head 1.00000

VERT:
0.06790 1.77511 -0.13179
0.98704 0.12881 -0.09575
0.62217 0.16855
head 1.00000

VERT:
0.07665 1.76217 -0.05900
0.98704 0.12881 -0.09575
0.62512 0.21521
head 1.00000

VERT:
0.50988 1.09150 -0.02741
-0.17006 -0.74333 -0.64695
0.96377 0.31117
forearm_l 1.00000

VERT:
0.36950 1.24541 -0.16735
-0.17006 -0.74333 -0.64695
0.94679 0.17985
forearm_l 0.50001 arm_l 0.49999

VERT:
0.54492 1.10407 -0.05107
-0.17006 -0.74333 -0.64695
0.93844 0.31367
hand_l 1.00000

VERT:
0.55130 1.13106 -0.03034
0.66599 0.19667 -0.71957
0.91854 0.31178
forearm_l 1.00000

VERT:
0.36950 1.24541 -0.16735
0.66599 0.19667 -0.71957
0.94679 0.17985
forearm_l 0.50001 arm_l 0.49999

VERT:
0.38459 1.28586 -0.14232
0.66599 0.19667 -0.71957
0.92232 0.17412
forearm_l 0.99993 arm_l 0.00007

VERT:
0.53764 1.13774 -0.00807
0.01825 0.58303 0.81224
0.90446 0.30993
forearm_l 1.00000

VERT:
0.36089 1.24532 -0.08132
0.01825 0.58303 0.81224
0.87629 0.19047
forearm_l 0.99921 arm_l 0.00079

VERT:
0.51390 1.12081 0.00462
0.01825 0.58303 0.81224
0.88791 0.31043
forearm_l 1.00000

VERT:
-0.50988 1.09150 -0.02741
0.69386 -0.48579 0.53156
0.30350 0.10791
forearm_r 1.00000

VERT:
-0.36089 1.24532 -0.08132
0.69386 -0.48579 0.53156
0.18029 0.11908
forearm_r 0.99921 arm_r 0.00079

VERT:
-0.51390 1.12081 0.00462
0.69386 -0.48579 0.53156
0.30026 0.13070
forearm_r 1.00000

VERT:
0.34111 1.27102 -0.17031
0.41578 0.36450 -0.83323
0.94757 0.16131
arm_l 1.00000 clavicle_l 0.00000

VERT:
0.25930 1.34482 -0.17885
0.41578 0.36450 -0.83323
0.95177 0.10366
arm_l 1.00000 clavicle_l 0.00000

VERT:
0.36130 1.30987 -0.14324
0.41578 0.36450 -0.83323
0.92044 0.15666
arm_l 0.66667 forearm_l 0.33333 clavicle_l 0.00000

VERT:
0.22500 1.30819 -0.11798
-0.53448 -0.55651 -0.63610
0.99294 0.11001
arm_l 0.99744 clavicle_l 0.00255 forearm_l 0.00002

VERT:
0.25930 1.34482 -0.17885
-0.53448 -0.55651 -0.63610
0.95177 0.10366
arm_l 1.00000 clavicle_l 0.00000

VERT:
0.30884 1.23449 -0.12395
-0.53448 -0.55651 -0.63610
0.98234 0.16682
arm_l 0.65943 forearm_l 0.32972 clavicle_l 0.01085

VERT:
0.22500 1.30819 -0.11798
-0.59115 -0.49919 -0.63353
0.99294 0.11001
arm_l 0.99744 clavicle_l 0.00255 forearm_l 0.00002

VERT:
0.18076 1.36059 -0.11798
-0.59115 -0.49919 -0.63353
0.99609 0.07504
clavicle_l 0.40000 arm_l 0.40000 spine_02 0.20000

VERT:
0.25930 1.34482 -0.17885
-0.59115 -0.49919 -0.63353
0.95177 0.10366
arm_l 1.00000 clavicle_l 0.00000

VERT:
0.16424 1.43002 -0.18769
0.28614 0.34174 -0.89517
0.72885 0.69562
clavicle_l 0.48227 arm_l 0.48217 spine_02 0.03556

VERT:
0.09565 1.47194 -0.19361
0.28614 0.34174 -0.89517
0.76459 0.67492
clavicle_l 0.50000 spine_02 0.50000

VERT:
0.19718 1.51528 -0.14462
0.28614 0.34174 -0.89517
0.70976 0.64571
clavicle_l 0.50000 arm_l 0.50000

VERT:
0.50988 1.09150 -0.02741
0.59948 -0.58719 0.54391
0.00770 0.74631
forearm_l 1.00000

VERT:
0.55130 1.13106 -0.03034
0.59948 -0.58719 0.54391
0.03222 0.72777
forearm_l 1.00000

VERT:
0.53764 1.13774 -0.00807
0.59948 -0.58719 0.54391
0.02102 0.71864
forearm_l 1.00000

VERT:
0.36950 1.24541 -0.16735
0.41578 0.36450 -0.83323
0.94679 0.17985
forearm_l 0.50001 arm_l 0.49999

VERT:
0.34111 1.27102 -0.17031
0.41578 0.36450 -0.83323
0.94757 0.16131
arm_l 1.00000 clavicle_l 0.00000

VERT:
0.36130 1.30987 -0.14324
0.41578 0.36450 -0.83323
0.92044 0.15666
arm_l 0.66667 forearm_l 0.33333 clavicle_l 0.00000

VERT:
0.25930 1.34482 -0.17885
-0.41910 -0.54828 -0.72370
0.95177 0.10366
arm_l 1.00000 clavicle_l 0.00000

VERT:
-0.15398 -0.00044 0.08391
0.99591 -0.00157 0.09038
0.38145 0.80694
foot_r 0.50000 toe_r 0.50000

VERT:
-0.15873 0.02421 0.13667
0.99591 -0.00157 0.09038
0.36695 0.83469
toe_r 1.00000

VERT:
-0.15883 -0.00044 0.13727
0.99591 -0.00157 0.09038
0.38013 0.83562
toe_r 1.00000

VERT:
-0.20245 0.05297 0.07349
-0.38043 0.90643 0.18344
0.87106 0.40440
foot_r 0.50000 toe_r 0.50000

VERT:
-0.25327 0.02877 0.08768
-0.38043 0.90643 0.18344
0.84349 0.42339
toe_r 1.00000

VERT:
-0.21313 0.03493 0.14047
-0.38043 0.90643 0.18344
0.87152 0.43660
toe_r 1.00000

VERT:
-0.25336 -0.00044 0.05486
-0.95163 0.23086 -0.20273
0.97575 0.82734
foot_r 0.50000 toe_r 0.50000

VERT:
-0.25327 0.02877 0.08768
-0.95163 0.23086 -0.20273
0.95875 0.81105
toe_r 1.00000

VERT:
-0.24526 0.03496 0.05714
-0.95163 0.23086 -0.20273
0.95627 0.82811
foot_r 0.50000 toe_r 0.50000

VERT:
-0.20565 -0.00044 0.07659
0.00000 -1.00000 -0.00000
0.03204 0.96200
foot_r 0.50000 toe_r 0.50000

VERT:
-0.15883 -0.00044 0.13727
0.00000 -1.00000 -0.00000
0.00394 0.99196
toe_r 1.00000

VERT:
-0.21570 -0.00044 0.13929
0.00000 -1.00000 -0.00000
0.03418 0.99596
toe_r 1.00000

VERT:
-0.17601 0.09890 -0.11687
-0.51742 0.24995 -0.81841
0.92437 0.93454
calf_r 0.64087 foot_r 0.35913

VERT:
-0.21716 -0.00044 -0.12119
-0.51742 0.24995 -0.81841
0.98099 0.92356
foot_r 1.00000

VERT:
-0.20632 0.10165 -0.09687
-0.51742 0.24995 -0.81841
0.92509 0.91504
calf_r 0.65232 foot_r 0.34768

VERT:
-0.21570 -0.00044 0.13929
0.06235 -0.03779 0.99734
0.86652 0.45341
toe_r 1.00000

VERT:
-0.15873 0.02421 0.13667
0.06235 -0.03779 0.99734
0.89780 0.43964
toe_r 1.00000

VERT:
-0.21313 0.03493 0.14047
0.06235 -0.03779 0.99734
0.87152 0.43660
toe_r 1.00000

VERT:
-0.25327 0.02877 0.08768
-0.79763 0.03772 0.60196
0.84349 0.42339
toe_r 1.00000

VERT:
-0.21570 -0.00044 0.13929
-0.79763 0.03772 0.60196
0.86652 0.45341
toe_r 1.00000

VERT:
-0.21313 0.03493 0.14047
-0.79763 0.03772 0.60196
0.87152 0.43660
toe_r 1.00000

VERT:
-0.13486 -0.00044 -0.11118
0.64417 0.22494 -0.73106
0.38645 0.70200
foot_r 1.00000

VERT:
-0.17601 0.09890 -0.11687
0.64417 0.22494 -0.73106
0.33005 0.68983
calf_r 0.64087 foot_r 0.35913

VERT:
-0.14633 0.10025 -0.09031
0.64417 0.22494 -0.73106
0.33176 0.71112
calf_r 0.52305 foot_r 0.47695

VERT:
-0.26072 -0.00044 0.08670
0.00000 -1.00000 -0.00000
0.06090 0.97022
toe_r 1.00000

VERT:
-0.25336 -0.00044 0.05486
0.00000 -1.00000 -0.00000
0.05861 0.95286
foot_r 0.50000 toe_r 0.50000

VERT:
-0.20245 0.05297 0.07349
0.23546 0.93560 0.26307
0.87106 0.40440
foot_r 0.50000 toe_r 0.50000

VERT:
-0.15873 0.02421 0.13667
0.23546 0.93560 0.26307
0.89780 0.43964
toe_r 1.00000

VERT:
-0.15517 0.03934 0.07968
0.23546 0.93560 0.26307
0.89783 0.40769
foot_r 0.50000 toe_r 0.50000

VERT:
-0.20632 0.10165 -0.09687
-0.55281 -0.03798 -0.83244
0.13455 0.98460
calf_r 0.65232 foot_r 0.34768

VERT:
-0.17147 0.34151 -0.13095
-0.55281 -0.03798 -0.83244
0.10533 0.86317
calf_r 1.00000

VERT:
-0.17601 0.09890 -0.11687
-0.55281 -0.03798 -0.83244
0.11470 0.98674
calf_r 0.64087 foot_r 0.35913

VERT:
-0.21716 -0.00044 -0.12119
0.00000 -1.00000 -0.00000
0.04836 0.85709
foot_r 1.00000

VERT:
-0.18707 -0.00044 -0.03933
0.00000 -1.00000 -0.00000
0.02810 0.89921
foot_r 1.00000

VERT:
-0.22958 -0.00044 -0.04798
0.00000 -1.00000 -0.00000
0.05122 0.89678
foot_r 1.00000

VERT:
-0.13486 -0.00044 -0.11118
0.00000 -1.00000 -0.00000
0.00394 0.85819
foot_r 1.00000

VERT:
-0.17601 -0.00044 -0.13644
0.00000 -1.00000 -0.00000
0.02720 0.84684
foot_r 1.00000

VERT:
-0.20632 0.10165 -0.09687
-0.96775 0.11263 -0.22533
0.92509 0.91504
calf_r 0.65232 foot_r 0.34768

VERT:
-0.22958 -0.00044 -0.04798
-0.96775 0.11263 -0.22533
0.97859 0.88384
foot_r 1.00000

VERT:
-0.21940 0.10002 -0.04150
-0.96775 0.11263 -0.22533
0.92437 0.88455
calf_r 0.51087 foot_r 0.48913

VERT:
-0.11114 0.33816 -0.08734
0.98862 -0.14666 0.03347
0.27159 0.87042
calf_r 1.00000

VERT:
-0.14824 0.10085 -0.03135
0.98862 -0.14666 0.03347
0.20799 0.98609
calf_r 0.50375 foot_r 0.49625

VERT:
-0.14633 0.10025 -0.09031
0.98862 -0.14666 0.03347
0.23834 0.99478
calf_r 0.52305 foot_r 0.47695

VERT:
-0.14633 0.10025 -0.09031
0.99027 0.09099 0.10532
0.33176 0.71112
calf_r 0.52305 foot_r 0.47695

VERT:
-0.14455 -0.00044 -0.02006
0.99027 0.09099 0.10532
0.38406 0.75105
foot_r 1.00000 calf_r 0.00000

VERT:
-0.13486 -0.00044 -0.11118
0.99027 0.09099 0.10532
0.38645 0.70200
foot_r 1.00000

VERT:
-0.17952 0.34042 0.00626
-0.60706 -0.05679 0.79262
0.19728 0.85632
calf_r 1.00000

VERT:
-0.21940 0.10002 -0.04150
-0.60706 -0.05679 0.79262
0.16509 0.98433
calf_r 0.51087 foot_r 0.48913

VERT:
-0.18793 0.09760 -0.01757
-0.60706 -0.05679 0.79262
0.18583 0.98571
calf_r 0.50112 foot_r 0.49888

VERT:
-0.21940 0.10002 -0.04150
-0.97306 -0.01142 -0.23026
0.16509 0.98433
calf_r 0.51087 foot_r 0.48913

VERT:
-0.20894 0.34995 -0.09812
-0.97306 -0.01142 -0.23026
0.12955 0.85782
calf_r 1.00000

VERT:
-0.20632 0.10165 -0.09687
-0.97306 -0.01142 -0.23026
0.13455 0.98460
calf_r 0.65232 foot_r 0.34768

VERT:
-0.14824 0.10085 -0.03135
0.33380 -0.10351 0.93694
0.20799 0.98609
calf_r 0.50375 foot_r 0.49625

VERT:
-0.17952 0.34042 0.00626
0.33380 -0.10351 0.93694
0.19728 0.85632
calf_r 1.00000

VERT:
-0.18793 0.09760 -0.01757
0.33380 -0.10351 0.93694
0.18583 0.98571
calf_r 0.50112 foot_r 0.49888

VERT:
-0.17147 0.34151 -0.13095
0.66729 -0.05558 -0.74272
0.10533 0.86317
calf_r 1.00000

VERT:
-0.14633 0.10025 -0.09031
0.66729 -0.05558 -0.74272
0.09289 0.98800
calf_r 0.52305 foot_r 0.47695

VERT:
-0.17601 0.09890 -0.11687
0.66729 -0.05558 -0.74272
0.11470 0.98674
calf_r 0.64087 foot_r 0.35913

VERT:
-0.08667 0.51407 0.02245
0.32963 -0.11455 0.93714
0.24460 0.76176
thigh_r 0.50000 calf_r 0.50000

VERT:
-0.12314 0.81339 0.07186
0.32963 -0.11455 0.93714
0.22600 0.60345
thigh_r 1.00000

VERT:
-0.15309 0.51508 0.04593
0.32963 -0.11455 0.93714
0.20692 0.75973
thigh_r 0.50018 calf_r 0.49982

VERT:
-0.08707 0.49505 -0.05275
0.98592 -0.16111 0.04487
0.27986 0.78276
calf_r 1.00000 thigh_r 0.00000

VERT:
-0.11416 0.33945 -0.01636
0.98592 -0.16111 0.04487
0.23480 0.85905
calf_r 1.00000

VERT:
-0.11114 0.33816 -0.08734
0.98592 -0.16111 0.04487
0.27159 0.87042
calf_r 1.00000

VERT:
-0.14357 0.53250 -0.09307
0.53664 -0.22365 -0.81363
0.10028 0.75449
thigh_r 0.96384 calf_r 0.03616

VERT:
-0.02327 0.79368 -0.08551
0.53664 -0.22365 -0.81363
0.02100 0.61283
thigh_r 1.00000

VERT:
-0.08085 0.53046 -0.05113
0.53664 -0.22365 -0.81363
0.05667 0.75611
thigh_r 0.93061 calf_r 0.06939

VERT:
-0.12314 0.81339 0.07186
-0.60577 -0.00831 0.79559
0.22600 0.60345
thigh_r 1.00000

VERT:
-0.20484 0.52413 0.00662
-0.60577 -0.00831 0.79559
0.17069 0.75772
thigh_r 0.50000 calf_r 0.50000

VERT:
-0.15309 0.51508 0.04593
-0.60577 -0.00831 0.79559
0.20692 0.75973
thigh_r 0.50018 calf_r 0.49982

VERT:
-0.18268 0.54279 -0.05810
-0.67481 -0.06734 -0.73491
0.13099 0.74901
thigh_r 1.00000

VERT:
-0.11800 0.81821 -0.14272
-0.67481 -0.06734 -0.73491
0.07706 0.59091
thigh_r 1.00000

VERT:
-0.14357 0.53250 -0.09307
-0.67481 -0.06734 -0.73491
0.10028 0.75449
thigh_r 0.96384 calf_r 0.03616

VERT:
-0.14752 0.49701 -0.09418
0.58649 0.09971 -0.80379
0.10169 0.77581
calf_r 0.99866 thigh_r 0.00134

VERT:
-0.11114 0.33816 -0.08734
0.58649 0.09971 -0.80379
0.06759 0.86247
calf_r 1.00000

VERT:
-0.17147 0.34151 -0.13095
0.58649 0.09971 -0.80379
0.10533 0.86317
calf_r 1.00000

VERT:
-0.17952 0.34042 0.00626
-0.61710 -0.08660 0.78211
0.19728 0.85632
calf_r 1.00000

VERT:
-0.20484 0.52413 0.00662
-0.61710 -0.08660 0.78211
0.17069 0.75772
thigh_r 0.50000 calf_r 0.50000

VERT:
-0.23057 0.34935 -0.03303
-0.61710 -0.08660 0.78211
0.16343 0.85463
calf_r 1.00000

VERT:
-0.20894 0.34995 -0.09812
-0.59940 0.27045 -0.75338
0.12955 0.85782
calf_r 1.00000

VERT:
-0.14752 0.49701 -0.09418
-0.59940 0.27045 -0.75338
0.10169 0.77581
calf_r 0.99866 thigh_r 0.00134

VERT:
-0.17147 0.34151 -0.13095
-0.59940 0.27045 -0.75338
0.10533 0.86317
calf_r 1.00000

VERT:
-0.19748 0.83455 0.03257
-0.94917 0.04852 -0.31099
0.18394 0.59231
thigh_r 0.80000 pelvis 0.20000

VERT:
-0.18268 0.54279 -0.05810
-0.94917 0.04852 -0.31099
0.13099 0.74901
thigh_r 1.00000

VERT:
-0.20484 0.52413 0.00662
-0.94917 0.04852 -0.31099
0.17069 0.75772
thigh_r 0.50000 calf_r 0.50000

VERT:
-0.11416 0.33945 -0.01636
0.31287 -0.25515 0.91488
0.23480 0.85905
calf_r 1.00000

VERT:
-0.15309 0.51508 0.04593
0.31287 -0.25515 0.91488
0.20692 0.75973
thigh_r 0.50018 calf_r 0.49982

VERT:
-0.17952 0.34042 0.00626
0.31287 -0.25515 0.91488
0.19728 0.85632
calf_r 1.00000

VERT:
-0.23057 0.34935 -0.03303
-0.92719 0.21576 -0.30620
0.16343 0.85463
calf_r 1.00000

VERT:
-0.18459 0.50681 -0.06131
-0.92719 0.21576 -0.30620
0.13066 0.76986
calf_r 0.99372 thigh_r 0.00628

VERT:
-0.20894 0.34995 -0.09812
-0.92719 0.21576 -0.30620
0.12955 0.85782
calf_r 1.00000

VERT:
-0.02327 0.79368 -0.08551
0.91543 -0.40105 0.03384
0.34006 0.62708
thigh_r 1.00000

VERT:
-0.00000 0.85518 0.01392
0.91543 -0.40105 0.03384
0.29676 0.57807
pelvis 0.73096 thigh_l 0.13452 thigh_r 0.13452

VERT:
-0.02593 0.79657 0.02064
0.91543 -0.40105 0.03384
0.28421 0.61129
thigh_r 1.00000

VERT:
-0.00000 0.90014 -0.17000
0.27288 -0.63394 -0.72364
0.01760 0.54022
pelvis 0.46057 thigh_l 0.26971 thigh_r 0.26971 spine_01 0.00000

VERT:
-0.02327 0.79368 -0.08551
0.27288 -0.63394 -0.72364
0.02100 0.61283
thigh_r 1.00000

VERT:
-0.11800 0.81821 -0.14272
0.27288 -0.63394 -0.72364
0.07706 0.59091
thigh_r 1.00000

VERT:
-0.02327 0.79368 -0.08551
0.84722 -0.43131 -0.31015
0.02100 0.61283
thigh_r 1.00000

VERT:
-0.00000 0.90014 -0.17000
0.84722 -0.43131 -0.31015
0.01760 0.54022
pelvis 0.46057 thigh_l 0.26971 thigh_r 0.26971 spine_01 0.00000

VERT:
-0.00000 0.84670 -0.09569
0.84722 -0.43131 -0.31015
0.00444 0.58664
thigh_l 0.35497 thigh_r 0.35497 pelvis 0.29007

VERT:
-0.17937 0.95314 0.02004
-0.98713 0.14319 -0.07114
0.18494 0.52961
thigh_r 0.50757 pelvis 0.49243

VERT:
-0.19045 0.83054 -0.07302
-0.98713 0.14319 -0.07114
0.13083 0.58986
thigh_r 0.80000 pelvis 0.20000

VERT:
-0.19748 0.83455 0.03257
-0.98713 0.14319 -0.07114
0.18394 0.59231
thigh_r 0.80000 pelvis 0.20000

VERT:
-0.16957 0.94113 -0.08421
-0.68724 0.05644 -0.72424
0.12785 0.53103
thigh_r 0.50049 pelvis 0.49951

VERT:
-0.11800 0.81821 -0.14272
-0.68724 0.05644 -0.72424
0.07706 0.59091
thigh_r 1.00000

VERT:
-0.19045 0.83054 -0.07302
-0.68724 0.05644 -0.72424
0.13083 0.58986
thigh_r 0.80000 pelvis 0.20000

VERT:
-0.17937 0.95314 0.02004
-0.96562 0.23190 -0.11748
0.47778 0.47974
thigh_r 0.50757 pelvis 0.49243

VERT:
-0.15442 1.00422 -0.08417
-0.96562 0.23190 -0.11748
0.43560 0.52658
pelvis 0.66440 thigh_r 0.32873 spine_02 0.00687

VERT:
-0.16957 0.94113 -0.08421
-0.96562 0.23190 -0.11748
0.46900 0.53502
thigh_r 0.50049 pelvis 0.49951

VERT:
-0.02593 0.79657 0.02064
0.45862 -0.05073 0.88718
0.28421 0.61129
thigh_r 1.00000

VERT:
-0.08265 0.91851 0.05694
0.45862 -0.05073 0.88718
0.24336 0.54590
thigh_r 0.50008 pelvis 0.49992

VERT:
-0.12314 0.81339 0.07186
0.45862 -0.05073 0.88718
0.22600 0.60345
thigh_r 1.00000

VERT:
-0.17937 0.95314 0.02004
-0.35979 0.21254 0.90850
0.47778 0.47974
thigh_r 0.50757 pelvis 0.49243

VERT:
-0.07955 0.97331 0.05485
-0.35979 0.21254 0.90850
0.46381 0.42302
pelvis 1.00000

VERT:
-0.16191 1.00860 0.01398
-0.35979 0.21254 0.90850
0.44657 0.47479
pelvis 0.99335 spine_02 0.00665

VERT:
-0.08265 0.91851 0.05694
-0.38724 0.27408 0.88030
0.24336 0.54590
thigh_r 0.50008 pelvis 0.49992

VERT:
-0.19748 0.83455 0.03257
-0.38724 0.27408 0.88030
0.18394 0.59231
thigh_r 0.80000 pelvis 0.20000

VERT:
-0.12314 0.81339 0.07186
-0.38724 0.27408 0.88030
0.22600 0.60345
thigh_r 1.00000

VERT:
-0.07130 1.18307 -0.13213
0.03119 -0.05680 -0.99790
0.85514 0.83363
spine_01 0.66139 pelvis 0.16535 spine_02 0.16535 clavicle_r 0.00791

VERT:
-0.00000 1.07802 -0.12392
0.03119 -0.05680 -0.99790
0.81357 0.89513
pelvis 0.65402 spine_01 0.32679 spine_02 0.01910 thigh_l 0.00009

VERT:
-0.07181 1.07162 -0.12580
0.03119 -0.05680 -0.99790
0.85481 0.89899
pelvis 0.66902 spine_01 0.32668 spine_02 0.00430 thigh_r 0.00000

VERT:
-0.13727 1.07568 -0.08412
-0.99989 0.01348 0.00548
0.39781 0.51884
pelvis 0.66240 spine_01 0.32319 spine_02 0.01441

VERT:
-0.13537 1.18427 -0.00564
-0.99989 0.01348 0.00548
0.34119 0.46795
spine_01 0.66477 pelvis 0.16619 spine_02 0.16619 clavicle_r 0.00285

VERT:
-0.13586 1.18116 -0.08638
-0.99989 0.01348 0.00548
0.34102 0.51428
spine_01 0.65271 pelvis 0.16318 spine_02 0.16318 clavicle_r 0.02094

VERT:
-0.00000 1.18805 0.06199
-0.26837 0.08055 0.95994
0.34249 0.37892
spine_01 0.66667 pelvis 0.16667 spine_02 0.16667

VERT:
-0.07405 1.07049 0.05115
-0.26837 0.08055 0.95994
0.40915 0.42227
pelvis 0.66667 spine_01 0.33333 thigh_r 0.00000

VERT:
-0.00000 1.06117 0.07264
-0.26837 0.08055 0.95994
0.41428 0.37892
pelvis 0.66667 spine_01 0.33333 thigh_l 0.00000 thigh_r 0.00000

VERT:
-0.13586 1.18116 -0.08638
-0.53757 -0.01090 -0.84315
0.89863 0.83861
spine_01 0.65271 pelvis 0.16318 spine_02 0.16318 clavicle_r 0.02094

VERT:
-0.07181 1.07162 -0.12580
-0.53757 -0.01090 -0.84315
0.85481 0.89899
pelvis 0.66902 spine_01 0.32668 spine_02 0.00430 thigh_r 0.00000

VERT:
-0.13727 1.07568 -0.08412
-0.53757 -0.01090 -0.84315
0.89872 0.89521
pelvis 0.66240 spine_01 0.32319 spine_02 0.01441

VERT:
-0.07071 1.17893 0.04118
-0.56051 0.09293 0.82292
0.34626 0.42124
spine_01 0.66667 pelvis 0.16667 spine_02 0.16667

VERT:
-0.13850 1.08300 0.00584
-0.56051 0.09293 0.82292
0.40202 0.46819
pelvis 0.65990 spine_01 0.32994 spine_02 0.01016

VERT:
-0.07405 1.07049 0.05115
-0.56051 0.09293 0.82292
0.40915 0.42227
pelvis 0.66667 spine_01 0.33333 thigh_r 0.00000

VERT:
-0.10888 1.35740 0.06471
-0.57638 -0.34521 0.74069
0.25101 0.42739
spine_02 0.70470 clavicle_r 0.29530

VERT:
-0.15345 1.28582 -0.00333
-0.57638 -0.34521 0.74069
0.28242 0.46849
spine_02 0.54683 spine_01 0.27341 clavicle_r 0.16249 pelvis 0.01727

VERT:
-0.08901 1.28715 0.04743
-0.57638 -0.34521 0.74069
0.28564 0.42548
spine_02 0.59882 spine_01 0.29941 clavicle_r 0.09444 pelvis 0.00734

VERT:
-0.16628 1.28297 -0.10127
-0.69066 -0.39772 -0.60399
0.91665 0.78383
spine_02 0.48479 spine_01 0.24239 clavicle_r 0.23793 arm_r 0.03489

VERT:
-0.13168 1.35550 -0.18858
-0.69066 -0.39772 -0.60399
0.88064 0.73366
clavicle_r 0.48146 spine_02 0.48146 arm_r 0.03708

VERT:
-0.10632 1.28558 -0.17156
-0.69066 -0.39772 -0.60399
0.86918 0.77124
spine_02 0.50920 spine_01 0.25460 clavicle_r 0.23621

VERT:
-0.10632 1.28558 -0.17156
-0.02913 -0.38249 -0.92350
0.86918 0.77124
spine_02 0.50920 spine_01 0.25460 clavicle_r 0.23621

VERT:
-0.00000 1.35880 -0.20523
-0.02913 -0.38249 -0.92350
0.81357 0.73150
spine_02 0.70521 clavicle_l 0.14740 clavicle_r 0.14740

VERT:
-0.00000 1.28854 -0.17614
-0.02913 -0.38249 -0.92350
0.81357 0.77069
spine_02 0.57485 spine_01 0.28742 clavicle_l 0.06886 clavicle_r 0.06886

VERT:
-0.00000 1.31556 0.06378
-0.09267 -0.26245 0.96049
0.27399 0.37892
spine_02 0.61465 spine_01 0.30732 clavicle_l 0.03902 clavicle_r 0.03902

VERT:
-0.10888 1.35740 0.06471
-0.09267 -0.26245 0.96049
0.25101 0.42739
spine_02 0.70470 clavicle_r 0.29530

VERT:
-0.08901 1.28715 0.04743
-0.09267 -0.26245 0.96049
0.28564 0.42548
spine_02 0.59882 spine_01 0.29941 clavicle_r 0.09444 pelvis 0.00734

VERT:
-0.16628 1.28297 -0.10127
-0.98358 -0.17125 0.05704
0.28208 0.52280
spine_02 0.48479 spine_01 0.24239 clavicle_r 0.23793 arm_r 0.03489

VERT:
-0.17333 1.35608 -0.00333
-0.98358 -0.17125 0.05704
0.24405 0.46991
clavicle_r 0.56200 spine_02 0.39298 arm_r 0.04502

VERT:
-0.18076 1.36059 -0.11798
-0.98358 -0.17125 0.05704
0.23789 0.53041
clavicle_r 0.40000 arm_r 0.40000 spine_02 0.20000

VERT:
-0.16957 0.94113 -0.08421
-0.69178 0.31047 -0.65195
0.91986 0.96519
thigh_r 0.50049 pelvis 0.49951

VERT:
-0.08922 0.98779 -0.14725
-0.69178 0.31047 -0.65195
0.86220 0.94860
pelvis 0.99729 spine_02 0.00271

VERT:
-0.10167 0.92783 -0.16259
-0.69178 0.31047 -0.65195
0.86745 0.98195
pelvis 0.64754 thigh_r 0.32377 spine_01 0.02869

VERT:
-0.13586 1.18116 -0.08638
-0.95483 -0.26586 0.13276
0.34102 0.51428
spine_01 0.65271 pelvis 0.16318 spine_02 0.16318 clavicle_r 0.02094

VERT:
-0.15345 1.28582 -0.00333
-0.95483 -0.26586 0.13276
0.28242 0.46849
spine_02 0.54683 spine_01 0.27341 clavicle_r 0.16249 pelvis 0.01727

VERT:
-0.16628 1.28297 -0.10127
-0.95483 -0.26586 0.13276
0.28208 0.52280
spine_02 0.48479 spine_01 0.24239 clavicle_r 0.23793 arm_r 0.03489

VERT:
-0.00000 1.18805 0.06199
-0.26885 -0.10077 0.95790
0.34249 0.37892
spine_01 0.66667 pelvis 0.16667 spine_02 0.16667

VERT:
-0.08901 1.28715 0.04743
-0.26885 -0.10077 0.95790
0.28564 0.42548
spine_02 0.59882 spine_01 0.29941 clavicle_r 0.09444 pelvis 0.00734

VERT:
-0.07071 1.17893 0.04118
-0.26885 -0.10077 0.95790
0.34626 0.42124
spine_01 0.66667 pelvis 0.16667 spine_02 0.16667

VERT:
-0.07130 1.18307 -0.13213
0.02782 -0.40084 -0.91573
0.85514 0.83363
spine_01 0.66139 pelvis 0.16535 spine_02 0.16535 clavicle_r 0.00791

VERT:
-0.00000 1.28854 -0.17614
0.02782 -0.40084 -0.91573
0.81357 0.77069
spine_02 0.57485 spine_01 0.28742 clavicle_l 0.06886 clavicle_r 0.06886

VERT:
-0.00000 1.18665 -0.13153
0.02782 -0.40084 -0.91573
0.81357 0.83210
spine_01 0.66590 pelvis 0.16648 spine_02 0.16648 thigh_l 0.00115

VERT:
-0.13586 1.18116 -0.08638
-0.50596 -0.45470 -0.73298
0.89863 0.83861
spine_01 0.65271 pelvis 0.16318 spine_02 0.16318 clavicle_r 0.02094

VERT:
-0.10632 1.28558 -0.17156
-0.50596 -0.45470 -0.73298
0.86918 0.77124
spine_02 0.50920 spine_01 0.25460 clavicle_r 0.23621

VERT:
-0.07130 1.18307 -0.13213
-0.50596 -0.45470 -0.73298
0.85514 0.83363
spine_01 0.66139 pelvis 0.16535 spine_02 0.16535 clavicle_r 0.00791

VERT:
-0.08901 1.28715 0.04743
-0.58808 -0.14540 0.79562
0.28564 0.42548
spine_02 0.59882 spine_01 0.29941 clavicle_r 0.09444 pelvis 0.00734

VERT:
-0.13537 1.18427 -0.00564
-0.58808 -0.14540 0.79562
0.34119 0.46795
spine_01 0.66477 pelvis 0.16619 spine_02 0.16619 clavicle_r 0.00285

VERT:
-0.07071 1.17893 0.04118
-0.58808 -0.14540 0.79562
0.34626 0.42124
spine_01 0.66667 pelvis 0.16667 spine_02 0.16667

VERT:
-0.07033 1.52643 -0.07489
-0.09424 0.99547 0.01236
0.14173 0.42032
spine_02 0.33334 neck 0.33333 clavicle_r 0.33333

VERT:
-0.19718 1.51528 -0.14462
-0.09424 0.99547 0.01236
0.11755 0.49398
clavicle_r 0.50000 arm_r 0.50000

VERT:
-0.21287 1.51300 -0.08034
-0.09424 0.99547 0.01236
0.15284 0.49602
clavicle_r 0.50000 arm_r 0.50000

VERT:
-0.00000 1.45282 0.02023
-0.00757 0.42960 0.90299
0.20189 0.37892
spine_02 0.73142 clavicle_l 0.12060 clavicle_r 0.12060 spine_01 0.02738

VERT:
-0.10888 1.35740 0.06471
-0.00757 0.42960 0.90299
0.25101 0.42739
spine_02 0.70470 clavicle_r 0.29530

VERT:
-0.00000 1.35903 0.06485
-0.00757 0.42960 0.90299
0.25206 0.37892
spine_02 0.59592 spine_01 0.29768 clavicle_l 0.05320 clavicle_r 0.05320

VERT:
-0.18076 1.36059 -0.11798
-0.96892 -0.24155 0.05333
0.23789 0.53041
clavicle_r 0.40000 arm_r 0.40000 spine_02 0.20000

VERT:
-0.17333 1.35608 -0.00333
-0.96892 -0.24155 0.05333
0.24405 0.46991
clavicle_r 0.56200 spine_02 0.39298 arm_r 0.04502

VERT:
-0.19720 1.44368 -0.04037
-0.96892 -0.24155 0.05333
0.19473 0.48414
clavicle_r 0.47297 arm_r 0.47297 spine_02 0.05405

VERT:
-0.18076 1.36059 -0.11798
-0.78445 -0.33648 -0.52098
0.92449 0.74140
clavicle_r 0.40000 arm_r 0.40000 spine_02 0.20000

VERT:
-0.16424 1.43002 -0.18769
-0.78445 -0.33648 -0.52098
0.89829 0.69562
clavicle_r 0.48227 arm_r 0.48217 spine_02 0.03556

VERT:
-0.13168 1.35550 -0.18858
-0.78445 -0.33648 -0.52098
0.88064 0.73366
clavicle_r 0.48146 spine_02 0.48146 arm_r 0.03708

VERT:
-0.09565 1.47194 -0.19361
-0.12533 -0.00407 -0.99211
0.86254 0.67492
clavicle_r 0.50000 spine_02 0.50000

VERT:
-0.00000 1.35880 -0.20523
-0.12533 -0.00407 -0.99211
0.81357 0.73150
spine_02 0.70521 clavicle_l 0.14740 clavicle_r 0.14740

VERT:
-0.13168 1.35550 -0.18858
-0.12533 -0.00407 -0.99211
0.88064 0.73366
clavicle_r 0.48146 spine_02 0.48146 arm_r 0.03708

VERT:
-0.18076 1.36059 -0.11798
0.48391 -0.40864 0.77385
0.07924 0.06231
clavicle_r 0.40000 arm_r 0.40000 spine_02 0.20000

VERT:
-0.26669 1.35396 -0.06774
0.48391 -0.40864 0.77385
0.09562 0.11055
arm_r 0.99407 clavicle_r 0.00593

VERT:
-0.22500 1.30819 -0.11798
0.48391 -0.40864 0.77385
0.11036 0.07276
arm_r 0.99744 clavicle_r 0.00255 forearm_r 0.00002

VERT:
-0.18076 1.36059 -0.11798
0.53979 -0.65688 -0.52643
0.06487 0.23889
clavicle_r 0.40000 arm_r 0.40000 spine_02 0.20000

VERT:
-0.25930 1.34482 -0.17885
0.53979 -0.65688 -0.52643
0.09349 0.19456
arm_r 1.00000 clavicle_r 0.00000

VERT:
-0.16424 1.43002 -0.18769
0.53979 -0.65688 -0.52643
0.02761 0.20455
clavicle_r 0.48227 arm_r 0.48217 spine_02 0.03556

VERT:
-0.16424 1.43002 -0.18769
-0.39584 0.28770 -0.87209
0.02761 0.20455
clavicle_r 0.48227 arm_r 0.48217 spine_02 0.03556

VERT:
-0.28945 1.38392 -0.14607
-0.39584 0.28770 -0.87209
0.08928 0.16240
arm_r 0.99999 clavicle_r 0.00001

VERT:
-0.19718 1.51528 -0.14462
-0.39584 0.28770 -0.87209
0.00418 0.16020
clavicle_r 0.50000 arm_r 0.50000

VERT:
-0.17333 1.35608 -0.00333
-0.49167 0.22202 0.84200
0.24405 0.46991
clavicle_r 0.56200 spine_02 0.39298 arm_r 0.04502

VERT:
-0.10722 1.45381 0.00950
-0.49167 0.22202 0.84200
0.20091 0.43160
spine_02 0.49131 clavicle_r 0.48129 spine_01 0.02740

VERT:
-0.19720 1.44368 -0.04037
-0.49167 0.22202 0.84200
0.19473 0.48414
clavicle_r 0.47297 arm_r 0.47297 spine_02 0.05405

VERT:
-0.00000 1.50019 -0.03366
-0.05903 0.74976 0.65907
0.16412 0.37892
spine_02 0.30100 neck 0.30071 clavicle_l 0.19915 clavicle_r 0.19915

VERT:
-0.10722 1.45381 0.00950
-0.05903 0.74976 0.65907
0.20091 0.43160
spine_02 0.49131 clavicle_r 0.48129 spine_01 0.02740

VERT:
-0.00000 1.45282 0.02023
-0.05903 0.74976 0.65907
0.20189 0.37892
spine_02 0.73142 clavicle_l 0.12060 clavicle_r 0.12060 spine_01 0.02738

VERT:
-0.19720 1.44368 -0.04037
-0.65295 0.29262 0.69859
0.03643 0.09740
clavicle_r 0.47297 arm_r 0.47297 spine_02 0.05405

VERT:
-0.28810 1.38378 -0.10024
-0.65295 0.29262 0.69859
0.08918 0.13685
arm_r 1.00000 clavicle_r 0.00000

VERT:
-0.26669 1.35396 -0.06774
-0.65295 0.29262 0.69859
0.09562 0.11055
arm_r 0.99407 clavicle_r 0.00593

VERT:
-0.00000 1.47518 -0.18289
0.10315 0.18751 -0.97683
0.81357 0.67071
spine_02 0.55530 clavicle_l 0.16321 clavicle_r 0.16321 neck 0.11827

VERT:
-0.00000 1.35880 -0.20523
0.10315 0.18751 -0.97683
0.81357 0.73150
spine_02 0.70521 clavicle_l 0.14740 clavicle_r 0.14740

VERT:
-0.09565 1.47194 -0.19361
0.10315 0.18751 -0.97683
0.86254 0.67492
clavicle_r 0.50000 spine_02 0.50000

VERT:
-0.13168 1.35550 -0.18858
-0.07373 -0.02026 -0.99707
0.88064 0.73366
clavicle_r 0.48146 spine_02 0.48146 arm_r 0.03708

VERT:
-0.16424 1.43002 -0.18769
-0.07373 -0.02026 -0.99707
0.89829 0.69562
clavicle_r 0.48227 arm_r 0.48217 spine_02 0.03556

VERT:
-0.09565 1.47194 -0.19361
-0.07373 -0.02026 -0.99707
0.86254 0.67492
clavicle_r 0.50000 spine_02 0.50000

VERT:
-0.21287 1.51300 -0.08034
-0.86572 0.49981 0.02694
0.00990 0.12751
clavicle_r 0.50000 arm_r 0.50000

VERT:
-0.28945 1.38392 -0.14607
-0.86572 0.49981 0.02694
0.08928 0.16240
arm_r 0.99999 clavicle_r 0.00001

VERT:
-0.28810 1.38378 -0.10024
-0.86572 0.49981 0.02694
0.08918 0.13685
arm_r 1.00000 clavicle_r 0.00000

VERT:
-0.09565 1.47194 -0.19361
-0.12852 0.59548 -0.79302
0.86254 0.67492
clavicle_r 0.50000 spine_02 0.50000

VERT:
-0.19718 1.51528 -0.14462
-0.12852 0.59548 -0.79302
0.91738 0.64571
clavicle_r 0.50000 arm_r 0.50000

VERT:
-0.05846 1.56077 -0.13294
-0.12852 0.59548 -0.79302
0.84503 0.61906
clavicle_r 0.49696 neck 0.49696 spine_02 0.00608 head 0.00000

VERT:
-0.05846 1.56077 -0.13294
0.07560 0.54065 -0.83785
0.84503 0.61906
clavicle_r 0.49696 neck 0.49696 spine_02 0.00608 head 0.00000

VERT:
-0.00000 1.47518 -0.18289
0.07560 0.54065 -0.83785
0.81357 0.67071
spine_02 0.55530 clavicle_l 0.16321 clavicle_r 0.16321 neck 0.11827

VERT:
-0.09565 1.47194 -0.19361
0.07560 0.54065 -0.83785
0.86254 0.67492
clavicle_r 0.50000 spine_02 0.50000

VERT:
-0.38690 1.27765 -0.10355
-0.62022 0.77011 0.14921
0.17354 0.14637
forearm_r 1.00000 arm_r 0.00000

VERT:
-0.55130 1.13106 -0.03034
-0.62022 0.77011 0.14921
0.30161 0.16134
forearm_r 1.00000

VERT:
-0.53764 1.13774 -0.00807
-0.62022 0.77011 0.14921
0.29976 0.14725
hand_r 1.00000

VERT:
-0.36950 1.24541 -0.16735
-0.40898 0.36484 -0.83644
0.16968 0.18958
forearm_r 0.50001 arm_r 0.49999

VERT:
-0.38459 1.28586 -0.14232
-0.40898 0.36484 -0.83644
0.16395 0.16511
forearm_r 0.99993 arm_r 0.00007

VERT:
-0.36130 1.30987 -0.14324
-0.40898 0.36484 -0.83644
0.14649 0.16324
arm_r 0.66667 forearm_r 0.33333 clavicle_r 0.00000

VERT:
-0.36089 1.24532 -0.08132
0.52717 -0.40565 0.74669
0.18029 0.11908
forearm_r 0.99921 arm_r 0.00079

VERT:
-0.30884 1.23449 -0.12395
0.52717 -0.40565 0.74669
0.16333 0.08559
arm_r 0.65943 forearm_r 0.32972 clavicle_r 0.01085

VERT:
-0.33441 1.27200 -0.08552
0.52717 -0.40565 0.74669
0.15740 0.11715
arm_r 0.96814 forearm_r 0.02254 clavicle_r 0.00932

VERT:
-0.25930 1.34482 -0.17885
-0.41715 0.37306 -0.82874
0.09349 0.19456
arm_r 1.00000 clavicle_r 0.00000

VERT:
-0.36130 1.30987 -0.14324
-0.41715 0.37306 -0.82874
0.14649 0.16324
arm_r 0.66667 forearm_r 0.33333 clavicle_r 0.00000

VERT:
-0.28945 1.38392 -0.14607
-0.41715 0.37306 -0.82874
0.08928 0.16240
arm_r 0.99999 clavicle_r 0.00001

VERT:
-0.36031 1.30464 -0.10984
-0.54449 0.40789 0.73291
0.15089 0.14480
arm_r 0.99165 forearm_r 0.00463 clavicle_r 0.00372

VERT:
-0.26669 1.35396 -0.06774
-0.54449 0.40789 0.73291
0.09562 0.11055
arm_r 0.99407 clavicle_r 0.00593

VERT:
-0.28810 1.38378 -0.10024
-0.54449 0.40789 0.73291
0.08918 0.13685
arm_r 1.00000 clavicle_r 0.00000

VERT:
-0.30884 1.23449 -0.12395
0.45974 -0.46156 -0.75868
0.15665 0.22514
arm_r 0.65943 forearm_r 0.32972 clavicle_r 0.01085

VERT:
-0.33077 1.21522 -0.12551
0.45974 -0.46156 -0.75868
0.17218 0.22180
forearm_r 0.98038 clavicle_r 0.01904 arm_r 0.00058

VERT:
-0.36950 1.24541 -0.16735
0.45974 -0.46156 -0.75868
0.16968 0.18958
forearm_r 0.50001 arm_r 0.49999

VERT:
-0.05846 1.56077 -0.13294
-0.25704 0.05303 -0.96494
0.80678 0.45811
clavicle_r 0.49696 neck 0.49696 spine_02 0.00608 head 0.00000

VERT:
-0.00000 1.63834 -0.14425
-0.25704 0.05303 -0.96494
0.72785 0.51753
head 0.93197 clavicle_l 0.03397 clavicle_r 0.03397 neck 0.00008

VERT:
-0.00000 1.55746 -0.14870
-0.25704 0.05303 -0.96494
0.80967 0.51931
neck 0.53753 clavicle_l 0.17174 clavicle_r 0.17174 spine_02 0.11900

VERT:
-0.05610 1.60795 -0.06881
-0.97945 0.17800 -0.09482
0.75125 0.40509
head 0.89400 clavicle_r 0.10600 neck 0.00000

VERT:
-0.05846 1.56077 -0.13294
-0.97945 0.17800 -0.09482
0.80678 0.45811
clavicle_r 0.49696 neck 0.49696 spine_02 0.00608 head 0.00000

VERT:
-0.07033 1.52643 -0.07489
-0.97945 0.17800 -0.09482
0.82952 0.39355
spine_02 0.33334 neck 0.33333 clavicle_r 0.33333

VERT:
-0.00000 1.50019 -0.03366
-0.55428 -0.22759 0.80061
0.84226 0.31265
spine_02 0.30100 neck 0.30071 clavicle_l 0.19915 clavicle_r 0.19915

VERT:
-0.03719 1.57354 -0.03856
-0.55428 -0.22759 0.80061
0.76589 0.35814
head 0.58748 neck 0.29377 clavicle_r 0.08639 spine_02 0.03236

VERT:
-0.07033 1.52643 -0.07489
-0.55428 -0.22759 0.80061
0.82952 0.39355
spine_02 0.33334 neck 0.33333 clavicle_r 0.33333

VERT:
-0.06882 1.72625 -0.14458
-0.34761 -0.10918 -0.93126
0.65402 0.46679
head 1.00000

VERT:
-0.00000 1.67926 -0.16476
-0.34761 -0.10918 -0.93126
0.68762 0.52699
head 0.94874 neck 0.03126 clavicle_l 0.01000 clavicle_r 0.01000

VERT:
-0.06583 1.68151 -0.14045
-0.34761 -0.10918 -0.93126
0.68441 0.46726
head 0.99125 clavicle_r 0.00875

VERT:
-0.00000 1.56674 -0.02614
-0.19461 -0.97980 0.04599
0.77427 0.31265
head 0.58356 neck 0.29223 spine_02 0.09308 clavicle_l 0.03113

VERT:
-0.03471 1.57587 0.02155
-0.19461 -0.97980 0.04599
0.73136 0.32855
head 0.89712 clavicle_r 0.05791 spine_02 0.04497 neck 0.00000

VERT:
-0.03719 1.57354 -0.03856
-0.19461 -0.97980 0.04599
0.76589 0.35814
head 0.58748 neck 0.29377 clavicle_r 0.08639 spine_02 0.03236

VERT:
-0.00000 1.56531 0.01934
-0.16156 -0.68092 0.71431
0.73575 0.31265
head 0.86740 spine_02 0.07072 clavicle_l 0.03094 clavicle_r 0.03094

VERT:
-0.00000 1.57989 0.03323
-0.16156 -0.68092 0.71431
0.72600 0.31265
head 0.90064 spine_02 0.04962 clavicle_l 0.02487 clavicle_r 0.02487

VERT:
-0.03471 1.57587 0.02155
-0.16156 -0.68092 0.71431
0.73136 0.32855
head 0.89712 clavicle_r 0.05791 spine_02 0.04497 neck 0.00000

VERT:
-0.00000 1.57989 0.03323
-0.31383 -0.04621 0.94835
0.72600 0.31265
head 0.90064 spine_02 0.04962 clavicle_l 0.02487 clavicle_r 0.02487

VERT:
-0.03118 1.62027 0.02488
-0.31383 -0.04621 0.94835
0.70758 0.33162
head 0.97886 clavicle_r 0.02114 neck 0.00000

VERT:
-0.03471 1.57587 0.02155
-0.31383 -0.04621 0.94835
0.73136 0.32855
head 0.89712 clavicle_r 0.05791 spine_02 0.04497 neck 0.00000

VERT:
-0.00000 1.61733 0.03544
-0.32819 -0.11105 0.93806
0.70707 0.31265
head 0.96859 clavicle_l 0.01090 clavicle_r 0.01090 spine_02 0.00962

VERT:
-0.02099 1.65339 0.03237
-0.32819 -0.11105 0.93806
0.68709 0.32755
head 0.99989 neck 0.00011

VERT:
-0.03118 1.62027 0.02488
-0.32819 -0.11105 0.93806
0.70758 0.33162
head 0.97886 clavicle_r 0.02114 neck 0.00000

VERT:
-0.00000 1.64422 0.04452
-0.57630 -0.63162 0.51859
0.69041 0.31265
head 0.99778 clavicle_l 0.00100 clavicle_r 0.00100 neck 0.00022

VERT:
-0.00000 1.65766 0.06089
-0.57630 -0.63162 0.51859
0.68080 0.31265
head 0.99443 neck 0.00557

VERT:
-0.02099 1.65339 0.03237
-0.57630 -0.63162 0.51859
0.68709 0.32755
head 0.99989 neck 0.00011

VERT:
0.20245 0.05297 0.07349
0.38043 0.90643 0.18344
0.94617 0.58236
foot_l 0.50000 toe_l 0.50000

VERT:
0.21313 0.03493 0.14048
0.38043 0.90643 0.18344
0.94572 0.61456
toe_l 1.00000

VERT:
0.25327 0.02877 0.08768
0.38043 0.90643 0.18344
0.97374 0.60135
toe_l 1.00000

VERT:
-0.00000 1.71524 0.04742
-0.54925 -0.27847 0.78790
0.64680 0.31265
head 1.00000

VERT:
-0.01040 1.69553 0.03320
-0.54925 -0.27847 0.78790
0.66162 0.32178
head 1.00000

VERT:
-0.00000 1.69774 0.04123
-0.54925 -0.27847 0.78790
0.65980 0.31265
head 1.00000

VERT:
-0.06072 1.69968 0.00931
-0.42130 0.08801 0.90264
0.66066 0.35797
head 1.00000

VERT:
-0.02099 1.65339 0.03237
-0.42130 0.08801 0.90264
0.68709 0.32755
head 0.99989 neck 0.00011

VERT:
-0.01040 1.69553 0.03320
-0.42130 0.08801 0.90264
0.66162 0.32178
head 1.00000

VERT:
-0.06372 1.65659 0.00490
-0.98085 -0.11400 0.15789
0.68883 0.35847
head 0.99242 clavicle_r 0.00704 neck 0.00054

VERT:
-0.08009 1.69853 -0.06653
-0.98085 -0.11400 0.15789
0.66414 0.40857
head 1.00000

VERT:
-0.07457 1.64864 -0.06825
-0.98085 -0.11400 0.15789
0.71045 0.41443
head 0.96772 clavicle_r 0.03228 neck 0.00000

VERT:
-0.08009 1.69853 -0.06653
-0.91195 -0.11455 0.39398
0.66414 0.40857
head 1.00000

VERT:
-0.08998 1.65864 -0.10102
-0.91195 -0.11455 0.39398
0.69108 0.42867
head 0.98275 clavicle_r 0.01725

VERT:
-0.07457 1.64864 -0.06825
-0.91195 -0.11455 0.39398
0.71045 0.41443
head 0.96772 clavicle_r 0.03228 neck 0.00000

VERT:
-0.07457 1.64864 -0.06825
0.38680 -0.81538 -0.43075
0.71045 0.41443
head 0.96772 clavicle_r 0.03228 neck 0.00000

VERT:
-0.08998 1.65864 -0.10102
0.38680 -0.81538 -0.43075
0.69108 0.42867
head 0.98275 clavicle_r 0.01725

VERT:
-0.07705 1.66234 -0.09641
0.38680 -0.81538 -0.43075
0.69565 0.43441
head 0.98074 clavicle_r 0.01926

VERT:
-0.08998 1.65864 -0.10102
0.35006 -0.05827 -0.93491
0.69108 0.42867
head 0.98275 clavicle_r 0.01725

VERT:
-0.08004 1.70559 -0.10022
0.35006 -0.05827 -0.93491
0.67385 0.43514
head 1.00000

VERT:
-0.07705 1.66234 -0.09641
0.35006 -0.05827 -0.93491
0.69565 0.43441
head 0.98074 clavicle_r 0.01926

VERT:
-0.07457 1.64864 -0.06825
-0.86150 -0.38653 -0.32926
0.71045 0.41443
head 0.96772 clavicle_r 0.03228 neck 0.00000

VERT:
-0.05000 1.64084 -0.12339
-0.86150 -0.38653 -0.32926
0.72333 0.46475
head 0.92340 clavicle_r 0.07660 neck 0.00000

VERT:
-0.05610 1.60795 -0.06881
-0.86150 -0.38653 -0.32926
0.75125 0.40509
head 0.89400 clavicle_r 0.10600 neck 0.00000

VERT:
-0.09304 1.71326 -0.10644
0.43212 0.88253 0.18552
0.67932 0.42855
head 1.00000

VERT:
-0.08009 1.69853 -0.06653
0.43212 0.88253 0.18552
0.66414 0.40857
head 1.00000

VERT:
-0.08004 1.70559 -0.10022
0.43212 0.88253 0.18552
0.67385 0.43514
head 1.00000

VERT:
-0.05000 1.64084 -0.12339
-0.36772 -0.41672 -0.83134
0.72333 0.46475
head 0.92340 clavicle_r 0.07660 neck 0.00000

VERT:
-0.00000 1.67926 -0.16476
-0.36772 -0.41672 -0.83134
0.68762 0.52699
head 0.94874 neck 0.03126 clavicle_l 0.01000 clavicle_r 0.01000

VERT:
-0.00000 1.63834 -0.14425
-0.36772 -0.41672 -0.83134
0.72785 0.51753
head 0.93197 clavicle_l 0.03397 clavicle_r 0.03397 neck 0.00008

VERT:
-0.05000 1.64084 -0.12339
-0.78143 -0.47434 -0.40542
0.72333 0.46475
head 0.92340 clavicle_r 0.07660 neck 0.00000

VERT:
-0.07705 1.66234 -0.09641
-0.78143 -0.47434 -0.40542
0.69566 0.43443
head 0.98074 clavicle_r 0.01926

VERT:
-0.06583 1.68151 -0.14045
-0.78143 -0.47434 -0.40542
0.68441 0.46726
head 0.99125 clavicle_r 0.00875

VERT:
-0.08004 1.70559 -0.10022
-0.95487 -0.09096 -0.28274
0.67383 0.43516
head 1.00000

VERT:
-0.06583 1.68151 -0.14045
-0.95487 -0.09096 -0.28274
0.68441 0.46726
head 0.99125 clavicle_r 0.00875

VERT:
-0.07705 1.66234 -0.09641
-0.95487 -0.09096 -0.28274
0.69566 0.43443
head 0.98074 clavicle_r 0.01926

VERT:
-0.06790 1.77511 -0.13179
-0.35343 0.24313 -0.90331
0.62217 0.45675
head 1.00000

VERT:
-0.00000 1.73390 -0.16945
-0.35343 0.24313 -0.90331
0.63543 0.52443
head 1.00000

VERT:
-0.06882 1.72625 -0.14458
-0.35343 0.24313 -0.90331
0.65402 0.46679
head 1.00000

VERT:
-0.04535 1.80147 -0.10548
-0.29700 0.78973 -0.53677
0.59475 0.44508
head 1.00000

VERT:
-0.00000 1.78784 -0.15063
-0.29700 0.78973 -0.53677
0.58501 0.50052
head 1.00000

VERT:
-0.06790 1.77511 -0.13179
-0.29700 0.78973 -0.53677
0.62217 0.45675
head 1.00000

VERT:
-0.03774 1.79270 -0.00229
-0.29457 0.90440 0.30869
0.59226 0.36648
head 1.00000

VERT:
-0.00000 1.81968 -0.04531
-0.29457 0.90440 0.30869
0.54569 0.39762
head 1.00000

VERT:
-0.04032 1.80771 -0.04872
-0.29457 0.90440 0.30869
0.58346 0.40338
head 1.00000

VERT:
-0.05828 1.76546 -0.01033
-0.76266 0.43328 0.48022
0.61709 0.37512
head 1.00000

VERT:
-0.04128 1.76585 0.01632
-0.76266 0.43328 0.48022
0.61357 0.35239
head 1.00000

VERT:
-0.03774 1.79270 -0.00229
-0.76266 0.43328 0.48022
0.59226 0.36648
head 1.00000

VERT:
-0.03774 1.79270 -0.00229
-0.29359 0.67091 0.68094
0.59226 0.36648
head 1.00000

VERT:
-0.00000 1.77128 0.03509
-0.29359 0.67091 0.68094
0.59548 0.31265
head 1.00000

VERT:
-0.00000 1.80343 0.00341
-0.29359 0.67091 0.68094
0.56192 0.34800
head 1.00000

VERT:
-0.04176 1.71622 0.03308
-0.42737 0.29302 0.85528
0.64669 0.34055
head 1.00000

VERT:
-0.00000 1.77128 0.03509
-0.42737 0.29302 0.85528
0.59548 0.31265
head 1.00000

VERT:
-0.04128 1.76585 0.01632
-0.42737 0.29302 0.85528
0.61357 0.35239
head 1.00000

VERT:
-0.04176 1.71622 0.03308
-0.38727 -0.58275 0.71444
0.64669 0.34055
head 1.00000

VERT:
-0.06072 1.69968 0.00931
-0.38727 -0.58275 0.71444
0.66066 0.35797
head 1.00000

VERT:
-0.01040 1.69553 0.03320
-0.38727 -0.58275 0.71444
0.66162 0.32178
head 1.00000

VERT:
-0.08004 1.70559 -0.10022
-0.99856 0.05286 0.00946
0.67383 0.43516
head 1.00000

VERT:
-0.08009 1.69853 -0.06653
-0.99856 0.05286 0.00946
0.66414 0.40857
head 1.00000

VERT:
-0.07665 1.76217 -0.05900
-0.99856 0.05286 0.00946
0.62512 0.41009
head 1.00000

VERT:
-0.07665 1.76217 -0.05900
-0.76990 0.63783 0.02082
0.62512 0.41009
head 1.00000

VERT:
-0.04535 1.80147 -0.10548
-0.76990 0.63783 0.02082
0.59475 0.44508
head 1.00000

VERT:
-0.06790 1.77511 -0.13179
-0.76990 0.63783 0.02082
0.62217 0.45675
head 1.00000

VERT:
-0.04032 1.80771 -0.04872
-0.30652 0.94873 -0.07716
0.58346 0.40338
head 1.00000

VERT:
-0.00000 1.81562 -0.11162
-0.30652 0.94873 -0.07716
0.55632 0.46240
head 1.00000

VERT:
-0.04535 1.80147 -0.10548
-0.30652 0.94873 -0.07716
0.59475 0.44508
head 1.00000

VERT:
-0.05948 1.62567 -0.00491
-0.72441 0.00586 0.68934
0.71067 0.35786
head 0.96538 clavicle_r 0.03462 neck 0.00000

VERT:
-0.03471 1.57587 0.02155
-0.72441 0.00586 0.68934
0.73136 0.32855
head 0.89712 clavicle_r 0.05791 spine_02 0.04497 neck 0.00000

VERT:
-0.03118 1.62027 0.02488
-0.72441 0.00586 0.68934
0.70758 0.33162
head 0.97886 clavicle_r 0.02114 neck 0.00000

VERT:
-0.06372 1.65659 0.00490
-0.54181 -0.02319 0.84018
0.68883 0.35847
head 0.99242 clavicle_r 0.00704 neck 0.00054

VERT:
-0.03118 1.62027 0.02488
-0.54181 -0.02319 0.84018
0.70758 0.33162
head 0.97886 clavicle_r 0.02114 neck 0.00000

VERT:
-0.02099 1.65339 0.03237
-0.54181 -0.02319 0.84018
0.68709 0.32755
head 0.99989 neck 0.00011

VERT:
-0.07457 1.64864 -0.06825
-0.96904 -0.18470 0.16383
0.71045 0.41443
head 0.96772 clavicle_r 0.03228 neck 0.00000

VERT:
-0.05948 1.62567 -0.00491
-0.96904 -0.18470 0.16383
0.71067 0.35786
head 0.96538 clavicle_r 0.03462 neck 0.00000

VERT:
-0.06372 1.65659 0.00490
-0.96904 -0.18470 0.16383
0.68883 0.35847
head 0.99242 clavicle_r 0.00704 neck 0.00054

VERT:
-0.05610 1.60795 -0.06881
-0.90708 -0.41556 0.06721
0.75125 0.40509
head 0.89400 clavicle_r 0.10600 neck 0.00000

VERT:
-0.03471 1.57587 0.02155
-0.90708 -0.41556 0.06721
0.73136 0.32855
head 0.89712 clavicle_r 0.05791 spine_02 0.04497 neck 0.00000

VERT:
-0.05948 1.62567 -0.00491
-0.90708 -0.41556 0.06721
0.71067 0.35786
head 0.96538 clavicle_r 0.03462 neck 0.00000

VERT:
-0.03471 1.57587 0.02155
-0.89443 -0.44392 0.05415
0.73136 0.32855
head 0.89712 clavicle_r 0.05791 spine_02 0.04497 neck 0.00000

VERT:
-0.05610 1.60795 -0.06881
-0.89443 -0.44392 0.05415
0.75125 0.40509
head 0.89400 clavicle_r 0.10600 neck 0.00000

VERT:
-0.03719 1.57354 -0.03856
-0.89443 -0.44392 0.05415
0.76589 0.35814
head 0.58748 neck 0.29377 clavicle_r 0.08639 spine_02 0.03236

VERT:
-0.03719 1.57354 -0.03856
-0.79301 0.09349 0.60199
0.76589 0.35814
head 0.58748 neck 0.29377 clavicle_r 0.08639 spine_02 0.03236

VERT:
-0.05610 1.60795 -0.06881
-0.79301 0.09349 0.60199
0.75125 0.40509
head 0.89400 clavicle_r 0.10600 neck 0.00000

VERT:
-0.07033 1.52643 -0.07489
-0.79301 0.09349 0.60199
0.82952 0.39355
spine_02 0.33334 neck 0.33333 clavicle_r 0.33333

VERT:
-0.04176 1.71622 0.03308
-0.82758 0.18855 0.52874
0.64669 0.34055
head 1.00000

VERT:
-0.05828 1.76546 -0.01033
-0.82758 0.18855 0.52874
0.61709 0.37512
head 1.00000

VERT:
-0.06072 1.69968 0.00931
-0.82758 0.18855 0.52874
0.66066 0.35797
head 1.00000

VERT:
-0.05828 1.76546 -0.01033
-0.96354 0.10872 0.24447
0.61709 0.37512
head 1.00000

VERT:
-0.08009 1.69853 -0.06653
-0.96354 0.10872 0.24447
0.66414 0.40857
head 1.00000

VERT:
-0.06072 1.69968 0.00931
-0.96354 0.10872 0.24447
0.66066 0.35797
head 1.00000

VERT:
-0.05828 1.76546 -0.01033
-0.78290 0.56651 0.25715
0.61709 0.37512
head 1.00000

VERT:
-0.04032 1.80771 -0.04872
-0.78290 0.56651 0.25715
0.58346 0.40338
head 1.00000

VERT:
-0.07665 1.76217 -0.05900
-0.78290 0.56651 0.25715
0.62512 0.41009
head 1.00000

VERT:
-0.10167 0.92783 -0.16259
-0.00222 0.25073 -0.96805
0.86745 0.98195
pelvis 0.64754 thigh_r 0.32377 spine_01 0.02869

VERT:
-0.00000 0.97231 -0.15131
-0.00222 0.25073 -0.96805
0.81357 0.95610
pelvis 0.98695 spine_02 0.01275 thigh_l 0.00015 thigh_r 0.00015

VERT:
-0.00000 0.90014 -0.17000
-0.00222 0.25073 -0.96805
0.81357 0.99609
pelvis 0.46057 thigh_l 0.26971 thigh_r 0.26971 spine_01 0.00000

VERT:
-0.08667 0.51407 0.02245
0.98383 -0.17480 0.03899
0.24460 0.76176
thigh_r 0.50000 calf_r 0.50000

VERT:
-0.08707 0.49505 -0.05275
0.98383 -0.17480 0.03899
0.27986 0.78276
calf_r 1.00000 thigh_r 0.00000

VERT:
-0.08085 0.53046 -0.05113
0.98383 -0.17480 0.03899
0.28455 0.76390
thigh_r 0.93061 calf_r 0.06939

VERT:
-0.14357 0.53250 -0.09307
0.56420 -0.03676 -0.82482
0.10028 0.75449
thigh_r 0.96384 calf_r 0.03616

VERT:
-0.08707 0.49505 -0.05275
0.56420 -0.03676 -0.82482
0.05975 0.77497
calf_r 1.00000 thigh_r 0.00000

VERT:
-0.14752 0.49701 -0.09418
0.56420 -0.03676 -0.82482
0.10169 0.77581
calf_r 0.99866 thigh_r 0.00134

VERT:
-0.20484 0.52413 0.00662
-0.94987 0.07733 -0.30293
0.17069 0.75772
thigh_r 0.50000 calf_r 0.50000

VERT:
-0.18268 0.54279 -0.05810
-0.94987 0.07733 -0.30293
0.13099 0.74901
thigh_r 1.00000

VERT:
-0.18459 0.50681 -0.06131
-0.94987 0.07733 -0.30293
0.13066 0.76986
calf_r 0.99372 thigh_r 0.00628

VERT:
-0.18459 0.50681 -0.06131
-0.64617 0.09573 -0.75717
0.13066 0.76986
calf_r 0.99372 thigh_r 0.00628

VERT:
-0.14357 0.53250 -0.09307
-0.64617 0.09573 -0.75717
0.10028 0.75449
thigh_r 0.96384 calf_r 0.03616

VERT:
-0.14752 0.49701 -0.09418
-0.64617 0.09573 -0.75717
0.10169 0.77581
calf_r 0.99866 thigh_r 0.00134

VERT:
-0.08085 0.53046 -0.05113
0.97723 -0.20994 0.03063
0.28455 0.76390
thigh_r 0.93061 calf_r 0.06939

VERT:
-0.02593 0.79657 0.02064
0.97723 -0.20994 0.03063
0.28421 0.61129
thigh_r 1.00000

VERT:
-0.08667 0.51407 0.02245
0.97723 -0.20994 0.03063
0.24460 0.76176
thigh_r 0.50000 calf_r 0.50000

VERT:
-0.38459 1.28586 -0.14232
-0.70915 0.69306 0.12955
0.16395 0.16511
forearm_r 0.99993 arm_r 0.00007

VERT:
-0.36031 1.30464 -0.10984
-0.70915 0.69306 0.12955
0.15089 0.14480
arm_r 0.99165 forearm_r 0.00463 clavicle_r 0.00372

VERT:
-0.36130 1.30987 -0.14324
-0.70915 0.69306 0.12955
0.14649 0.16324
arm_r 0.66667 forearm_r 0.33333 clavicle_r 0.00000

VERT:
-0.38690 1.27765 -0.10355
-0.24780 0.44478 0.86068
0.17354 0.14637
forearm_r 1.00000 arm_r 0.00000

VERT:
-0.33441 1.27200 -0.08552
-0.24780 0.44478 0.86068
0.15740 0.11715
arm_r 0.96814 forearm_r 0.02254 clavicle_r 0.00932

VERT:
-0.36031 1.30464 -0.10984
-0.24780 0.44478 0.86068
0.15089 0.14480
arm_r 0.99165 forearm_r 0.00463 clavicle_r 0.00372

VERT:
-0.22500 1.30819 -0.11798
0.39558 -0.51175 0.76265
0.11036 0.07276
arm_r 0.99744 clavicle_r 0.00255 forearm_r 0.00002

VERT:
-0.33441 1.27200 -0.08552
0.39558 -0.51175 0.76265
0.15740 0.11715
arm_r 0.96814 forearm_r 0.02254 clavicle_r 0.00932

VERT:
-0.30884 1.23449 -0.12395
0.39558 -0.51175 0.76265
0.16333 0.08559
arm_r 0.65943 forearm_r 0.32972 clavicle_r 0.01085

VERT:
-0.08265 0.91851 0.05694
-0.03546 0.04002 0.99857
0.49372 0.42331
thigh_r 0.50008 pelvis 0.49992

VERT:
-0.00000 0.91640 0.05996
-0.03546 0.04002 0.99857
0.49356 0.37892
pelvis 0.99048 thigh_l 0.00476 thigh_r 0.00476

VERT:
-0.07955 0.97331 0.05485
-0.03546 0.04002 0.99857
0.46381 0.42302
pelvis 1.00000

VERT:
-0.07181 1.07162 -0.12580
-0.00096 0.24804 -0.96875
0.85481 0.89899
pelvis 0.66902 spine_01 0.32668 spine_02 0.00430 thigh_r 0.00000

VERT:
-0.00000 0.97231 -0.15131
-0.00096 0.24804 -0.96875
0.81357 0.95610
pelvis 0.98695 spine_02 0.01275 thigh_l 0.00015 thigh_r 0.00015

VERT:
-0.08922 0.98779 -0.14725
-0.00096 0.24804 -0.96875
0.86220 0.94860
pelvis 0.99729 spine_02 0.00271

VERT:
-0.00000 1.06117 0.07264
-0.12536 -0.08655 0.98833
0.41428 0.37892
pelvis 0.66667 spine_01 0.33333 thigh_l 0.00000 thigh_r 0.00000

VERT:
-0.07955 0.97331 0.05485
-0.12536 -0.08655 0.98833
0.46381 0.42302
pelvis 1.00000

VERT:
-0.00000 0.91640 0.05996
-0.12536 -0.08655 0.98833
0.49356 0.37892
pelvis 0.99048 thigh_l 0.00476 thigh_r 0.00476

VERT:
-0.15442 1.00422 -0.08417
-0.61851 0.31286 -0.72081
0.90900 0.93282
pelvis 0.66440 thigh_r 0.32873 spine_02 0.00687

VERT:
-0.07181 1.07162 -0.12580
-0.61851 0.31286 -0.72081
0.85481 0.89899
pelvis 0.66902 spine_01 0.32668 spine_02 0.00430 thigh_r 0.00000

VERT:
-0.08922 0.98779 -0.14725
-0.61851 0.31286 -0.72081
0.86220 0.94860
pelvis 0.99729 spine_02 0.00271

VERT:
-0.07405 1.07049 0.05115
-0.42359 0.05837 0.90397
0.40915 0.42227
pelvis 0.66667 spine_01 0.33333 thigh_r 0.00000

VERT:
-0.16191 1.00860 0.01398
-0.42359 0.05837 0.90397
0.44657 0.47479
pelvis 0.99335 spine_02 0.00665

VERT:
-0.07955 0.97331 0.05485
-0.42359 0.05837 0.90397
0.46381 0.42302
pelvis 1.00000

VERT:
-0.13850 1.08300 0.00584
-0.95300 0.29058 -0.08570
0.40202 0.46819
pelvis 0.65990 spine_01 0.32994 spine_02 0.01016

VERT:
-0.15442 1.00422 -0.08417
-0.95300 0.29058 -0.08570
0.43560 0.52658
pelvis 0.66440 thigh_r 0.32873 spine_02 0.00687

VERT:
-0.16191 1.00860 0.01398
-0.95300 0.29058 -0.08570
0.44657 0.47479
pelvis 0.99335 spine_02 0.00665

VERT:
-0.28810 1.38378 -0.10024
-0.74042 0.66035 0.12535
0.08918 0.13685
arm_r 1.00000 clavicle_r 0.00000

VERT:
-0.36130 1.30987 -0.14324
-0.74042 0.66035 0.12535
0.14649 0.16324
arm_r 0.66667 forearm_r 0.33333 clavicle_r 0.00000

VERT:
-0.36031 1.30464 -0.10984
-0.74042 0.66035 0.12535
0.15089 0.14480
arm_r 0.99165 forearm_r 0.00463 clavicle_r 0.00372

VERT:
-0.34111 1.27102 -0.17031
0.41911 -0.54828 -0.72370
0.15114 0.19036
arm_r 1.00000 clavicle_r 0.00000

VERT:
-0.30884 1.23449 -0.12395
0.41911 -0.54828 -0.72370
0.15665 0.22514
arm_r 0.65943 forearm_r 0.32972 clavicle_r 0.01085

VERT:
-0.36950 1.24541 -0.16735
0.41911 -0.54828 -0.72370
0.16968 0.18958
forearm_r 0.50001 arm_r 0.49999

VERT:
-0.00000 1.64422 0.04452
0.57630 -0.63162 0.51859
0.01012 0.70812
head 0.99778 clavicle_l 0.00100 clavicle_r 0.00100 neck 0.00022

VERT:
0.02099 1.65339 0.03237
0.57630 -0.63162 0.51859
0.02317 0.70334
head 0.99989 neck 0.00011

VERT:
-0.00000 1.65766 0.06089
0.57630 -0.63162 0.51859
0.00479 0.69809
head 0.99443 neck 0.00557

VERT:
0.15398 -0.00044 0.08391
-0.99591 -0.00157 0.09038
0.00893 0.49818
foot_l 0.50000 toe_l 0.50000

VERT:
0.15883 -0.00044 0.13727
-0.99591 -0.00157 0.09038
0.01025 0.52687
toe_l 1.00000

VERT:
0.15873 0.02421 0.13667
-0.99591 -0.00157 0.09038
0.02343 0.52593
toe_l 1.00000

VERT:
-0.18793 0.09760 -0.01757
0.09803 0.86790 0.48697
0.87129 0.34734
calf_r 0.50112 foot_r 0.49888

VERT:
-0.15517 0.03934 0.07968
0.09803 0.86790 0.48697
0.89783 0.40769
foot_r 0.50000 toe_r 0.50000

VERT:
-0.14824 0.10085 -0.03135
0.09803 0.86790 0.48697
0.89238 0.33688
calf_r 0.50375 foot_r 0.49625

VERT:
-0.14455 -0.00044 -0.02006
0.00000 -1.00000 -0.00000
0.00443 0.90730
foot_r 1.00000 calf_r 0.00000

VERT:
-0.22958 -0.00044 -0.04798
-0.97685 0.11082 -0.18300
0.97859 0.88384
foot_r 1.00000

VERT:
-0.24526 0.03496 0.05714
-0.97685 0.11082 -0.18300
0.95627 0.82811
foot_r 0.50000 toe_r 0.50000

VERT:
-0.21940 0.10002 -0.04150
-0.97685 0.11082 -0.18300
0.92437 0.88455
calf_r 0.51087 foot_r 0.48913

VERT:
-0.18793 0.09760 -0.01757
-0.46990 0.81996 0.32690
0.87129 0.34734
calf_r 0.50112 foot_r 0.49888

VERT:
-0.24526 0.03496 0.05714
-0.46990 0.81996 0.32690
0.84286 0.40476
foot_r 0.50000 toe_r 0.50000

VERT:
-0.20245 0.05297 0.07349
-0.46990 0.81996 0.32690
0.87106 0.40440
foot_r 0.50000 toe_r 0.50000

VERT:
-0.14455 -0.00044 -0.02006
0.99514 0.03934 0.09031
0.38406 0.75105
foot_r 1.00000 calf_r 0.00000

VERT:
-0.15517 0.03934 0.07968
0.99514 0.03934 0.09031
0.36025 0.80375
foot_r 0.50000 toe_r 0.50000

VERT:
-0.15398 -0.00044 0.08391
0.99514 0.03934 0.09031
0.38145 0.80694
foot_r 0.50000 toe_r 0.50000

VERT:
-0.06790 1.77511 -0.13179
-0.98704 0.12881 -0.09575
0.62217 0.45675
head 1.00000

VERT:
-0.08004 1.70559 -0.10022
-0.98704 0.12881 -0.09575
0.67383 0.43516
head 1.00000

VERT:
-0.07665 1.76217 -0.05900
-0.98704 0.12881 -0.09575
0.62512 0.41009
head 1.00000

VERT:
-0.36950 1.24541 -0.16735
0.17006 -0.74333 -0.64695
0.16968 0.18958
forearm_r 0.50001 arm_r 0.49999

VERT:
-0.50988 1.09150 -0.02741
0.17006 -0.74333 -0.64695
0.30100 0.20656
forearm_r 1.00000

VERT:
-0.54492 1.10407 -0.05107
0.17006 -0.74333 -0.64695
0.30350 0.18123
hand_r 1.00000

VERT:
-0.55130 1.13106 -0.03034
-0.69170 0.33007 -0.64234
0.30161 0.16134
forearm_r 1.00000

VERT:
-0.36950 1.24541 -0.16735
-0.69170 0.33007 -0.64234
0.16968 0.18958
forearm_r 0.50001 arm_r 0.49999

VERT:
-0.54492 1.10407 -0.05107
-0.69170 0.33007 -0.64234
0.30350 0.18123
hand_r 1.00000

VERT:
-0.53764 1.13774 -0.00807
-0.00226 0.56534 0.82486
0.29976 0.14725
hand_r 1.00000

VERT:
-0.36089 1.24532 -0.08132
-0.00226 0.56534 0.82486
0.18029 0.11908
forearm_r 0.99921 arm_r 0.00079

VERT:
-0.38690 1.27765 -0.10355
-0.00226 0.56534 0.82486
0.17354 0.14637
forearm_r 1.00000 arm_r 0.00000

VERT:
-0.34111 1.27102 -0.17031
-0.41578 0.36450 -0.83323
0.15114 0.19036
arm_r 1.00000 clavicle_r 0.00000

VERT:
-0.36130 1.30987 -0.14324
-0.41578 0.36450 -0.83323
0.14649 0.16324
arm_r 0.66667 forearm_r 0.33333 clavicle_r 0.00000

VERT:
-0.25930 1.34482 -0.17885
-0.41578 0.36450 -0.83323
0.09349 0.19456
arm_r 1.00000 clavicle_r 0.00000

VERT:
-0.22500 1.30819 -0.11798
0.53448 -0.55651 -0.63610
0.09984 0.23573
arm_r 0.99744 clavicle_r 0.00255 forearm_r 0.00002

VERT:
-0.30884 1.23449 -0.12395
0.53448 -0.55651 -0.63610
0.15665 0.22514
arm_r 0.65943 forearm_r 0.32972 clavicle_r 0.01085

VERT:
-0.25930 1.34482 -0.17885
0.53448 -0.55651 -0.63610
0.09349 0.19456
arm_r 1.00000 clavicle_r 0.00000

VERT:
-0.22500 1.30819 -0.11798
0.59115 -0.49919 -0.63353
0.09984 0.23573
arm_r 0.99744 clavicle_r 0.00255 forearm_r 0.00002

VERT:
-0.25930 1.34482 -0.17885
0.59115 -0.49919 -0.63353
0.09349 0.19456
arm_r 1.00000 clavicle_r 0.00000

VERT:
-0.18076 1.36059 -0.11798
0.59115 -0.49919 -0.63353
0.06487 0.23889
clavicle_r 0.40000 arm_r 0.40000 spine_02 0.20000

VERT:
-0.16424 1.43002 -0.18769
-0.28614 0.34174 -0.89517
0.89829 0.69562
clavicle_r 0.48227 arm_r 0.48217 spine_02 0.03556

VERT:
-0.19718 1.51528 -0.14462
-0.28614 0.34174 -0.89517
0.91738 0.64571
clavicle_r 0.50000 arm_r 0.50000

VERT:
-0.09565 1.47194 -0.19361
-0.28614 0.34174 -0.89517
0.86254 0.67492
clavicle_r 0.50000 spine_02 0.50000

VERT:
-0.55130 1.13106 -0.03034
-0.58955 -0.57507 0.56721
0.03222 0.27157
forearm_r 1.00000

VERT:
-0.54492 1.10407 -0.05107
-0.58955 -0.57507 0.56721
0.03134 0.25303
hand_r 1.00000

VERT:
-0.50988 1.09150 -0.02741
-0.58955 -0.57507 0.56721
0.00770 0.25303
forearm_r 1.00000

VERT:
-0.36950 1.24541 -0.16735
-0.41578 0.36450 -0.83323
0.16968 0.18958
forearm_r 0.50001 arm_r 0.49999

VERT:
-0.36130 1.30987 -0.14324
-0.41578 0.36450 -0.83323
0.14649 0.16324
arm_r 0.66667 forearm_r 0.33333 clavicle_r 0.00000

VERT:
-0.34111 1.27102 -0.17031
-0.41578 0.36450 -0.83323
0.15114 0.19036
arm_r 1.00000 clavicle_r 0.00000

VERT:
-0.25930 1.34482 -0.17885
0.41910 -0.54828 -0.72370
0.09349 0.19456
arm_r 1.00000 clavicle_r 0.00000

VERT:
-0.30884 1.23449 -0.12395
0.41910 -0.54828 -0.72370
0.15665 0.22514
arm_r 0.65943 forearm_r 0.32972 clavicle_r 0.01085

VERT:
-0.34111 1.27102 -0.17031
0.41910 -0.54828 -0.72370
0.15114 0.19036
arm_r 1.00000 clavicle_r 0.00000

VERT:
0.60854 1.01882 0.01366
-0.93414 -0.32188 0.15421
0.03066 0.30494
fingers_01_l 0.62083 fingers_02_l 0.36258 fingers_03_l 0.01659

VERT:
0.61358 0.99629 -0.00278
-0.93414 -0.32188 0.15421
0.01888 0.29589
fingers_02_l 0.69232 fingers_03_l 0.30768

VERT:
0.61635 1.00005 0.02181
-0.93414 -0.32188 0.15421
0.01988 0.30900
fingers_02_l 0.74791 fingers_03_l 0.25209

VERT:
0.57863 1.05315 0.04597
-0.66514 -0.74605 -0.03178
0.05493 0.32164
fingers_01_l 0.63723 hand_l 0.36277

VERT:
0.61000 1.02537 0.04160
-0.66514 -0.74605 -0.03178
0.03314 0.31958
fingers_01_l 0.59189 fingers_02_l 0.36336 fingers_03_l 0.04475

VERT:
0.60431 1.02953 0.06300
-0.66514 -0.74605 -0.03178
0.03665 0.33073
fingers_01_l 0.48169 fingers_02_l 0.39798 fingers_03_l 0.07186 index_01_l 0.04847

VERT:
0.53274 1.06391 0.00449
-0.37866 -0.90191 0.20778
0.07992 0.29776
hand_l 0.51592 thumb_01_l 0.38421 fingers_01_l 0.05647 thumb_02_l 0.04340

VERT:
0.58813 1.03989 0.00118
-0.37866 -0.90191 0.20778
0.04613 0.29771
fingers_01_l 0.91756 hand_l 0.08244

VERT:
0.58621 1.04612 0.02470
-0.37866 -0.90191 0.20778
0.04935 0.31042
fingers_01_l 0.78602 index_01_l 0.12112 hand_l 0.09285

VERT:
0.58813 1.03989 0.00118
-0.76446 -0.59901 0.23828
0.04613 0.29771
fingers_01_l 0.91756 hand_l 0.08244

VERT:
0.60682 1.01160 -0.01000
-0.76446 -0.59901 0.23828
0.02776 0.29230
fingers_01_l 0.58066 fingers_02_l 0.37411 fingers_03_l 0.04524

VERT:
0.60854 1.01882 0.01366
-0.76446 -0.59901 0.23828
0.03066 0.30494
fingers_01_l 0.62083 fingers_02_l 0.36258 fingers_03_l 0.01659

VERT:
0.58621 1.04612 0.02470
-0.71946 -0.66688 0.19405
0.04935 0.31042
fingers_01_l 0.78602 index_01_l 0.12112 hand_l 0.09285

VERT:
0.60854 1.01882 0.01366
-0.71946 -0.66688 0.19405
0.03066 0.30494
fingers_01_l 0.62083 fingers_02_l 0.36258 fingers_03_l 0.01659

VERT:
0.61000 1.02537 0.04160
-0.71946 -0.66688 0.19405
0.03314 0.31958
fingers_01_l 0.59189 fingers_02_l 0.36336 fingers_03_l 0.04475

VERT:
0.62062 1.00355 0.05286
-0.94797 -0.06613 0.31143
0.02072 0.32543
fingers_03_l 0.54810 fingers_02_l 0.45190

VERT:
0.61591 0.97337 0.03213
-0.94797 -0.06613 0.31143
0.00555 0.31359
fingers_03_l 0.86329 fingers_02_l 0.12156 fingers_01_l 0.01514

VERT:
0.62636 0.97859 0.06504
-0.94797 -0.06613 0.31143
0.00742 0.33182
fingers_03_l 0.77012 fingers_02_l 0.22988

VERT:
0.61000 1.02537 0.04160
-0.91775 -0.36042 0.16680
0.03314 0.31958
fingers_01_l 0.59189 fingers_02_l 0.36336 fingers_03_l 0.04475

VERT:
0.61635 1.00005 0.02181
-0.91775 -0.36042 0.16680
0.01988 0.30900
fingers_02_l 0.74791 fingers_03_l 0.25209

VERT:
0.62062 1.00355 0.05286
-0.91775 -0.36042 0.16680
0.02072 0.32543
fingers_03_l 0.54810 fingers_02_l 0.45190

VERT:
0.58780 1.03484 -0.02143
-0.59973 -0.61616 -0.51056
0.04324 0.28558
fingers_01_l 0.82834 hand_l 0.17166

VERT:
0.54653 1.07301 -0.01901
-0.59973 -0.61616 -0.51056
0.07414 0.28270
hand_l 0.83700 fingers_01_l 0.11424 thumb_01_l 0.04876

VERT:
0.55980 1.08297 -0.04662
-0.59973 -0.61616 -0.51056
0.06929 0.26568
hand_l 0.88452 fingers_01_l 0.11548

VERT:
0.59057 1.04237 0.08173
-0.42621 -0.89557 -0.12767
0.04617 0.34057
index_01_l 0.50000 index_02_l 0.50000

VERT:
0.57863 1.05315 0.04597
-0.42621 -0.89557 -0.12767
0.05493 0.32164
fingers_01_l 0.63723 hand_l 0.36277

VERT:
0.60126 1.03956 0.06571
-0.42621 -0.89557 -0.12767
0.04065 0.33181
index_01_l 0.50000 index_02_l 0.50000

VERT:
0.61425 1.01911 0.07973
-0.67445 -0.65794 -0.33501
0.02848 0.34039
index_02_l 0.50000 index_03_l 0.50000

VERT:
0.59057 1.04237 0.08173
-0.67445 -0.65794 -0.33501
0.04617 0.34057
index_01_l 0.50000 index_02_l 0.50000

VERT:
0.60126 1.03956 0.06571
-0.67445 -0.65794 -0.33501
0.04065 0.33181
index_01_l 0.50000 index_02_l 0.50000

VERT:
0.53274 1.06391 0.00449
-0.13907 -0.79612 -0.58894
0.07992 0.29776
hand_l 0.51592 thumb_01_l 0.38421 fingers_01_l 0.05647 thumb_02_l 0.04340

VERT:
0.50609 1.06567 0.00840
-0.13907 -0.79612 -0.58894
0.09451 0.30069
thumb_01_l 0.61295 hand_l 0.27044 thumb_02_l 0.11661

VERT:
0.50988 1.09150 -0.02741
-0.13907 -0.79612 -0.58894
0.09629 0.27727
forearm_l 1.00000

VERT:
0.50609 1.06567 0.00840
-0.10200 -0.95931 -0.26327
0.09451 0.30069
thumb_01_l 0.61295 hand_l 0.27044 thumb_02_l 0.11661

VERT:
0.53274 1.06391 0.00449
-0.10200 -0.95931 -0.26327
0.07992 0.29776
hand_l 0.51592 thumb_01_l 0.38421 fingers_01_l 0.05647 thumb_02_l 0.04340

VERT:
0.53402 1.05330 0.04266
-0.10200 -0.95931 -0.26327
0.07865 0.31973
thumb_01_l 0.48610 thumb_02_l 0.48610 hand_l 0.02780

VERT:
0.52109 1.02147 0.05527
0.37340 -0.23180 -0.89824
0.08973 0.33610
thumb_02_l 0.50000 thumb_03_l 0.50000

VERT:
0.54831 1.00005 0.07211
0.37340 -0.23180 -0.89824
0.07940 0.35415
thumb_03_l 0.93869 thumb_02_l 0.06131

VERT:
0.53852 0.99317 0.06982
0.37340 -0.23180 -0.89824
0.08588 0.35531
thumb_03_l 1.00000

VERT:
0.53852 0.99317 0.06982
0.47061 -0.80451 0.36234
0.31679 0.07713
thumb_03_l 1.00000

VERT:
0.54368 1.00265 0.08416
0.47061 -0.80451 0.36234
0.32201 0.08461
thumb_03_l 0.92814 thumb_02_l 0.07186

VERT:
0.53220 0.99483 0.08171
0.47061 -0.80451 0.36234
0.32366 0.07764
thumb_03_l 1.00000

VERT:
0.62247 1.00051 0.10720
0.31859 -0.87141 0.37302
0.31954 0.15813
index_03_l 0.87052 index_02_l 0.12948

VERT:
0.62264 0.99431 0.09258
0.31859 -0.87141 0.37302
0.31779 0.16572
index_03_l 0.95002 index_02_l 0.04998

VERT:
0.63006 0.99849 0.09601
0.31859 -0.87141 0.37302
0.32207 0.16434
index_03_l 0.87536 index_02_l 0.12464

VERT:
0.54492 1.10407 -0.05107
-0.20244 -0.70829 -0.67627
0.08160 0.25955
hand_l 1.00000

VERT:
0.54653 1.07301 -0.01901
-0.20244 -0.70829 -0.67627
0.07414 0.28270
hand_l 0.83700 fingers_01_l 0.11424 thumb_01_l 0.04876

VERT:
0.50988 1.09150 -0.02741
-0.20244 -0.70829 -0.67627
0.09629 0.27727
forearm_l 1.00000

VERT:
0.60196 1.05457 0.08756
-0.55338 0.09968 0.82695
0.34306 0.14705
index_01_l 0.50000 index_02_l 0.50000

VERT:
0.60491 1.02163 0.09350
-0.55338 0.09968 0.82695
0.32821 0.14630
index_02_l 0.50000 index_03_l 0.50000

VERT:
0.61747 1.02934 0.10098
-0.55338 0.09968 0.82695
0.33149 0.15294
index_02_l 0.50000 index_03_l 0.50000

VERT:
0.63046 1.01416 0.08089
-0.29288 0.17214 0.94053
0.37531 0.19754
fingers_02_l 0.50000 fingers_03_l 0.50000

VERT:
0.62482 0.98328 0.08479
-0.29288 0.17214 0.94053
0.36948 0.21260
fingers_03_l 0.81464 fingers_02_l 0.18536

VERT:
0.63397 0.98489 0.08734
-0.29288 0.17214 0.94053
0.37500 0.21284
fingers_03_l 0.82176 fingers_02_l 0.17824

VERT:
0.62636 0.97859 0.06504
-0.95385 -0.27657 -0.11696
0.00742 0.33182
fingers_03_l 0.77012 fingers_02_l 0.22988

VERT:
0.61700 1.00694 0.07433
-0.95385 -0.27657 -0.11696
0.02307 0.33663
fingers_03_l 0.54038 fingers_02_l 0.45962

VERT:
0.62062 1.00355 0.05286
-0.95385 -0.27657 -0.11696
0.02072 0.32543
fingers_03_l 0.54810 fingers_02_l 0.45190

VERT:
0.63232 1.00087 0.02544
0.93222 0.31836 -0.17210
0.40317 0.19546
fingers_02_l 0.50000 fingers_03_l 0.50000

VERT:
0.62423 1.03524 0.04520
0.93222 0.31836 -0.17210
0.38796 0.18136
fingers_01_l 0.49070 fingers_02_l 0.48529 fingers_03_l 0.02401

VERT:
0.63551 1.00904 0.05784
0.93222 0.31836 -0.17210
0.38675 0.19676
fingers_02_l 0.50000 fingers_03_l 0.50000

VERT:
0.63046 1.01416 0.08089
0.97716 0.08319 0.19555
0.37531 0.19754
fingers_02_l 0.50000 fingers_03_l 0.50000

VERT:
0.63626 0.97945 0.06670
0.97716 0.08319 0.19555
0.38616 0.21172
fingers_03_l 0.79044 fingers_02_l 0.20956

VERT:
0.63551 1.00904 0.05784
0.97716 0.08319 0.19555
0.38675 0.19676
fingers_02_l 0.50000 fingers_03_l 0.50000

VERT:
0.62423 1.03524 0.04520
0.81087 0.57279 0.11997
0.38796 0.18136
fingers_01_l 0.49070 fingers_02_l 0.48529 fingers_03_l 0.02401

VERT:
0.60038 1.07027 0.03918
0.81087 0.57279 0.11997
0.38304 0.15576
fingers_01_l 0.51686 hand_l 0.48314

VERT:
0.61681 1.04098 0.06789
0.81087 0.57279 0.11997
0.37534 0.18174
fingers_02_l 0.46563 fingers_01_l 0.44751 fingers_03_l 0.06101 hand_l 0.02586

VERT:
0.61681 1.04098 0.06789
0.47621 0.73722 0.47930
0.37534 0.18174
fingers_02_l 0.46563 fingers_01_l 0.44751 fingers_03_l 0.06101 hand_l 0.02586

VERT:
0.60038 1.07027 0.03918
0.47621 0.73722 0.47930
0.38304 0.15576
fingers_01_l 0.51686 hand_l 0.48314

VERT:
0.59229 1.06959 0.04826
0.47621 0.73722 0.47930
0.37406 0.15402
fingers_01_l 0.56303 hand_l 0.43697

VERT:
0.60038 1.07027 0.03918
0.45041 0.76611 0.45848
0.38304 0.15576
fingers_01_l 0.51686 hand_l 0.48314

VERT:
0.58580 1.08622 0.02684
0.45041 0.76611 0.45848
0.38953 0.13998
hand_l 0.95287 fingers_01_l 0.04713

VERT:
0.59229 1.06959 0.04826
0.45041 0.76611 0.45848
0.37406 0.15402
fingers_01_l 0.56303 hand_l 0.43697

VERT:
0.59229 1.06959 0.04826
0.50821 0.74799 0.42689
0.37406 0.15402
fingers_01_l 0.56303 hand_l 0.43697

VERT:
0.58580 1.08622 0.02684
0.50821 0.74799 0.42689
0.38953 0.13998
hand_l 0.95287 fingers_01_l 0.04713

VERT:
0.58686 1.07301 0.04873
0.50821 0.74799 0.42689
0.37170 0.14896
index_01_l 0.77835 hand_l 0.16836 fingers_01_l 0.05329

VERT:
0.58580 1.08622 0.02684
0.56303 0.71931 0.40693
0.38953 0.13998
hand_l 0.95287 fingers_01_l 0.04713

VERT:
0.56890 1.08842 0.04635
0.56303 0.71931 0.40693
0.37655 0.13041
index_01_l 0.74182 hand_l 0.25818

VERT:
0.58686 1.07301 0.04873
0.56303 0.71931 0.40693
0.37170 0.14896
index_01_l 0.77835 hand_l 0.16836 fingers_01_l 0.05329

VERT:
0.58686 1.07301 0.04873
0.65517 0.75128 -0.07957
0.37170 0.14896
index_01_l 0.77835 hand_l 0.16836 fingers_01_l 0.05329

VERT:
0.56890 1.08842 0.04635
0.65517 0.75128 -0.07957
0.37655 0.13041
index_01_l 0.74182 hand_l 0.25818

VERT:
0.58097 1.07909 0.05769
0.65517 0.75128 -0.07957
0.36762 0.13997
index_01_l 0.94768 hand_l 0.05232

VERT:
0.56890 1.08842 0.04635
0.00201 0.77365 0.63361
0.37655 0.13041
index_01_l 0.74182 hand_l 0.25818

VERT:
0.56983 1.07227 0.06606
0.00201 0.77365 0.63361
0.36038 0.13285
index_01_l 1.00000

VERT:
0.58097 1.07909 0.05769
0.00201 0.77365 0.63361
0.36762 0.13997
index_01_l 0.94768 hand_l 0.05232

VERT:
0.58097 1.07909 0.05769
0.00208 0.77360 0.63367
0.36762 0.13997
index_01_l 0.94768 hand_l 0.05232

VERT:
0.56983 1.07227 0.06606
0.00208 0.77360 0.63367
0.36038 0.13285
index_01_l 1.00000

VERT:
0.60196 1.05457 0.08756
0.00208 0.77360 0.63367
0.34306 0.14705
index_01_l 0.50000 index_02_l 0.50000

VERT:
0.60126 1.03956 0.06571
0.51531 -0.20087 -0.83313
0.34878 0.16207
index_01_l 0.50000 index_02_l 0.50000

VERT:
0.58686 1.07301 0.04873
0.51531 -0.20087 -0.83313
0.37170 0.14896
index_01_l 0.77835 hand_l 0.16836 fingers_01_l 0.05329

VERT:
0.61347 1.05139 0.07041
0.51531 -0.20087 -0.83313
0.34643 0.15557
index_01_l 0.50000 index_02_l 0.50000

VERT:
0.56983 1.07227 0.06606
-0.52243 0.08278 0.84865
0.36038 0.13285
index_01_l 1.00000

VERT:
0.59057 1.04237 0.08173
-0.52243 0.08278 0.84865
0.33959 0.13988
index_01_l 0.50000 index_02_l 0.50000

VERT:
0.60196 1.05457 0.08756
-0.52243 0.08278 0.84865
0.34306 0.14705
index_01_l 0.50000 index_02_l 0.50000

VERT:
0.61681 1.04098 0.06789
0.87287 0.45760 0.16940
0.37534 0.18174
fingers_02_l 0.46563 fingers_01_l 0.44751 fingers_03_l 0.06101 hand_l 0.02586

VERT:
0.63551 1.00904 0.05784
0.87287 0.45760 0.16940
0.38675 0.19676
fingers_02_l 0.50000 fingers_03_l 0.50000

VERT:
0.62423 1.03524 0.04520
0.87287 0.45760 0.16940
0.38796 0.18136
fingers_01_l 0.49070 fingers_02_l 0.48529 fingers_03_l 0.02401

VERT:
0.61681 1.04098 0.06789
-0.49997 0.15833 0.85144
0.37534 0.18174
fingers_02_l 0.46563 fingers_01_l 0.44751 fingers_03_l 0.06101 hand_l 0.02586

VERT:
0.61700 1.00694 0.07433
-0.49997 0.15833 0.85144
0.36683 0.19768
fingers_03_l 0.54038 fingers_02_l 0.45962

VERT:
0.63046 1.01416 0.08089
-0.49997 0.15833 0.85144
0.37531 0.19754
fingers_02_l 0.50000 fingers_03_l 0.50000

VERT:
0.57863 1.05315 0.04597
0.00032 -0.13794 0.99044
0.36100 0.16305
fingers_01_l 0.63723 hand_l 0.36277

VERT:
0.59229 1.06959 0.04826
0.00032 -0.13794 0.99044
0.37406 0.15402
fingers_01_l 0.56303 hand_l 0.43697

VERT:
0.58686 1.07301 0.04873
0.00032 -0.13794 0.99044
0.37170 0.14896
index_01_l 0.77835 hand_l 0.16836 fingers_01_l 0.05329

VERT:
0.59229 1.06959 0.04826
-0.48895 0.16834 0.85592
0.37406 0.15402
fingers_01_l 0.56303 hand_l 0.43697

VERT:
0.60431 1.02953 0.06300
-0.48895 0.16834 0.85592
0.36632 0.18238
fingers_01_l 0.48169 fingers_02_l 0.39798 fingers_03_l 0.07186 index_01_l 0.04847

VERT:
0.61681 1.04098 0.06789
-0.48895 0.16834 0.85592
0.37534 0.18174
fingers_02_l 0.46563 fingers_01_l 0.44751 fingers_03_l 0.06101 hand_l 0.02586

VERT:
0.61347 1.05139 0.07041
0.69931 0.62004 0.35569
0.34643 0.15557
index_01_l 0.50000 index_02_l 0.50000

VERT:
0.61747 1.02934 0.10098
0.69931 0.62004 0.35569
0.33149 0.15294
index_02_l 0.50000 index_03_l 0.50000

VERT:
0.62761 1.02659 0.08583
0.69931 0.62004 0.35569
0.33432 0.15961
index_02_l 0.50000 index_03_l 0.50000

VERT:
0.58097 1.07909 0.05769
0.66289 0.74539 -0.07048
0.36762 0.13997
index_01_l 0.94768 hand_l 0.05232

VERT:
0.61347 1.05139 0.07041
0.66289 0.74539 -0.07048
0.34643 0.15557
index_01_l 0.50000 index_02_l 0.50000

VERT:
0.58686 1.07301 0.04873
0.66289 0.74539 -0.07048
0.37170 0.14896
index_01_l 0.77835 hand_l 0.16836 fingers_01_l 0.05329

VERT:
0.63006 0.99849 0.09601
0.82163 0.25287 0.51085
0.32207 0.16434
index_03_l 0.87536 index_02_l 0.12464

VERT:
0.61747 1.02934 0.10098
0.82163 0.25287 0.51085
0.33149 0.15294
index_02_l 0.50000 index_03_l 0.50000

VERT:
0.62247 1.00051 0.10720
0.82163 0.25287 0.51085
0.31954 0.15813
index_03_l 0.87052 index_02_l 0.12948

VERT:
0.62264 0.99431 0.09258
-0.76363 -0.48130 -0.43037
0.01609 0.34971
index_03_l 0.95002 index_02_l 0.04998

VERT:
0.60491 1.02163 0.09350
-0.76363 -0.48130 -0.43037
0.03333 0.34792
index_02_l 0.50000 index_03_l 0.50000

VERT:
0.61425 1.01911 0.07973
-0.76363 -0.48130 -0.43037
0.02848 0.34039
index_02_l 0.50000 index_03_l 0.50000

VERT:
0.60491 1.02163 0.09350
-0.54751 0.08473 0.83250
0.32821 0.14630
index_02_l 0.50000 index_03_l 0.50000

VERT:
0.62247 1.00051 0.10720
-0.54751 0.08473 0.83250
0.31954 0.15813
index_03_l 0.87052 index_02_l 0.12948

VERT:
0.61747 1.02934 0.10098
-0.54751 0.08473 0.83250
0.33149 0.15294
index_02_l 0.50000 index_03_l 0.50000

VERT:
0.61425 1.01911 0.07973
0.50737 -0.22769 -0.83111
0.33677 0.16639
index_02_l 0.50000 index_03_l 0.50000

VERT:
0.61347 1.05139 0.07041
0.50737 -0.22769 -0.83111
0.34643 0.15557
index_01_l 0.50000 index_02_l 0.50000

VERT:
0.62761 1.02659 0.08583
0.50737 -0.22769 -0.83111
0.33432 0.15961
index_02_l 0.50000 index_03_l 0.50000

VERT:
0.63006 0.99849 0.09601
0.51536 -0.25167 -0.81919
0.32207 0.16434
index_03_l 0.87536 index_02_l 0.12464

VERT:
0.61425 1.01911 0.07973
0.51536 -0.25167 -0.81919
0.33677 0.16639
index_02_l 0.50000 index_03_l 0.50000

VERT:
0.62761 1.02659 0.08583
0.51536 -0.25167 -0.81919
0.33432 0.15961
index_02_l 0.50000 index_03_l 0.50000

VERT:
0.56511 1.05783 0.06380
-0.11891 -0.11502 0.98622
0.35282 0.12797
index_01_l 1.00000

VERT:
0.56983 1.07227 0.06606
-0.11891 -0.11502 0.98622
0.36038 0.13285
index_01_l 1.00000

VERT:
0.51810 1.06495 0.05896
-0.11891 -0.11502 0.98622
0.35786 0.09888
thumb_01_l 0.50000 thumb_02_l 0.50000

VERT:
0.56983 1.07227 0.06606
-0.18674 0.50097 0.84508
0.36038 0.13285
index_01_l 1.00000

VERT:
0.50893 1.08867 0.04288
-0.18674 0.50097 0.84508
0.37437 0.09565
thumb_01_l 1.00000

VERT:
0.51810 1.06495 0.05896
-0.18674 0.50097 0.84508
0.35786 0.09888
thumb_01_l 0.50000 thumb_02_l 0.50000

VERT:
0.52837 1.10935 0.02421
-0.22336 0.76042 0.60981
0.39028 0.10299
hand_l 1.00000

VERT:
0.51390 1.12081 0.00462
-0.22336 0.76042 0.60981
0.39991 0.09267
forearm_l 1.00000

VERT:
0.50893 1.08867 0.04288
-0.22336 0.76042 0.60981
0.37437 0.09565
thumb_01_l 1.00000

VERT:
0.57224 1.10447 -0.02524
0.63521 0.37054 -0.67765
0.42064 0.12740
hand_l 0.91944 fingers_01_l 0.08056

VERT:
0.54492 1.10407 -0.05107
0.63521 0.37054 -0.67765
0.43869 0.12000
hand_l 1.00000

VERT:
0.55130 1.13106 -0.03034
0.63521 0.37054 -0.67765
0.42411 0.11010
forearm_l 1.00000

VERT:
0.55130 1.13106 -0.03034
0.76352 0.62917 0.14555
0.42411 0.11010
forearm_l 1.00000

VERT:
0.55240 1.11886 0.01663
0.76352 0.62917 0.14555
0.39922 0.11374
hand_l 0.98593 index_01_l 0.01407

VERT:
0.57224 1.10447 -0.02524
0.76352 0.62917 0.14555
0.42064 0.12740
hand_l 0.91944 fingers_01_l 0.08056

VERT:
0.52837 1.10935 0.02421
-0.04250 0.68596 0.72640
0.39028 0.10299
hand_l 1.00000

VERT:
0.56890 1.08842 0.04635
-0.04250 0.68596 0.72640
0.37655 0.13041
index_01_l 0.74182 hand_l 0.25818

VERT:
0.55240 1.11886 0.01663
-0.04250 0.68596 0.72640
0.39922 0.11374
hand_l 0.98593 index_01_l 0.01407

VERT:
0.58580 1.08622 0.02684
0.68495 0.72466 0.07549
0.38953 0.13998
hand_l 0.95287 fingers_01_l 0.04713

VERT:
0.57224 1.10447 -0.02524
0.68495 0.72466 0.07549
0.42064 0.12740
hand_l 0.91944 fingers_01_l 0.08056

VERT:
0.55240 1.11886 0.01663
0.68495 0.72466 0.07549
0.39922 0.11374
hand_l 0.98593 index_01_l 0.01407

VERT:
0.59363 1.07038 -0.02174
0.63570 0.32721 -0.69916
0.41944 0.14921
fingers_01_l 0.62171 hand_l 0.37829

VERT:
0.55980 1.08297 -0.04662
0.63570 0.32721 -0.69916
0.43670 0.13327
hand_l 0.88452 fingers_01_l 0.11548

VERT:
0.57224 1.10447 -0.02524
0.63570 0.32721 -0.69916
0.42064 0.12740
hand_l 0.91944 fingers_01_l 0.08056

VERT:
0.59205 1.07769 0.00422
0.84750 0.52217 -0.09529
0.40414 0.14602
hand_l 0.85439 fingers_01_l 0.14561

VERT:
0.59363 1.07038 -0.02174
0.84750 0.52217 -0.09529
0.41944 0.14921
fingers_01_l 0.62171 hand_l 0.37829

VERT:
0.57224 1.10447 -0.02524
0.84750 0.52217 -0.09529
0.42064 0.12740
hand_l 0.91944 fingers_01_l 0.08056

VERT:
0.59363 1.07038 -0.02174
0.63226 0.44130 -0.63678
0.41944 0.14921
fingers_01_l 0.62171 hand_l 0.37829

VERT:
0.60497 1.04960 -0.02490
0.63226 0.44130 -0.63678
0.42226 0.16157
fingers_01_l 0.82496 hand_l 0.17504

VERT:
0.55980 1.08297 -0.04662
0.63226 0.44130 -0.63678
0.43670 0.13327
hand_l 0.88452 fingers_01_l 0.11548

VERT:
0.55980 1.08297 -0.04662
0.15029 -0.38836 -0.90917
0.43670 0.13327
hand_l 0.88452 fingers_01_l 0.11548

VERT:
0.60497 1.04960 -0.02490
0.15029 -0.38836 -0.90917
0.42226 0.16157
fingers_01_l 0.82496 hand_l 0.17504

VERT:
0.58780 1.03484 -0.02143
0.15029 -0.38836 -0.90917
0.43348 0.16605
fingers_01_l 0.82834 hand_l 0.17166

VERT:
0.61358 0.99629 -0.00278
0.07214 -0.37007 -0.92620
0.42493 0.19279
fingers_02_l 0.69232 fingers_03_l 0.30768

VERT:
0.62314 1.01860 -0.01095
0.07214 -0.37007 -0.92620
0.41828 0.18074
fingers_01_l 0.60485 fingers_02_l 0.37266 fingers_03_l 0.02249

VERT:
0.62989 0.99384 -0.00053
0.07214 -0.37007 -0.92620
0.41623 0.19403
fingers_02_l 0.50000 fingers_03_l 0.50000

VERT:
0.60758 0.97020 0.00790
-0.96542 0.25109 0.07016
0.00434 0.30009
fingers_03_l 0.75760 fingers_02_l 0.24240

VERT:
0.61635 1.00005 0.02181
-0.96542 0.25109 0.07016
0.01988 0.30900
fingers_02_l 0.74791 fingers_03_l 0.25209

VERT:
0.61358 0.99629 -0.00278
-0.96542 0.25109 0.07016
0.01888 0.29589
fingers_02_l 0.69232 fingers_03_l 0.30768

VERT:
0.60038 1.07027 0.03918
0.83021 0.55215 -0.07669
0.38304 0.15576
fingers_01_l 0.51686 hand_l 0.48314

VERT:
0.62423 1.03524 0.04520
0.83021 0.55215 -0.07669
0.38796 0.18136
fingers_01_l 0.49070 fingers_02_l 0.48529 fingers_03_l 0.02401

VERT:
0.60317 1.06439 0.02710
0.83021 0.55215 -0.07669
0.39173 0.15819
fingers_01_l 0.72584 hand_l 0.27416

VERT:
0.60038 1.07027 0.03918
0.77762 0.61709 -0.12047
0.38304 0.15576
fingers_01_l 0.51686 hand_l 0.48314

VERT:
0.60317 1.06439 0.02710
0.77762 0.61709 -0.12047
0.39173 0.15819
fingers_01_l 0.72584 hand_l 0.27416

VERT:
0.58580 1.08622 0.02684
0.77762 0.61709 -0.12047
0.38953 0.13998
hand_l 0.95287 fingers_01_l 0.04713

VERT:
0.58580 1.08622 0.02684
0.78258 0.62228 -0.01851
0.38953 0.13998
hand_l 0.95287 fingers_01_l 0.04713

VERT:
0.60317 1.06439 0.02710
0.78258 0.62228 -0.01851
0.39173 0.15819
fingers_01_l 0.72584 hand_l 0.27416

VERT:
0.59205 1.07769 0.00422
0.78258 0.62228 -0.01851
0.40414 0.14602
hand_l 0.85439 fingers_01_l 0.14561

VERT:
0.59205 1.07769 0.00422
0.74253 0.66922 0.02824
0.40414 0.14602
hand_l 0.85439 fingers_01_l 0.14561

VERT:
0.60317 1.06439 0.02710
0.74253 0.66922 0.02824
0.39173 0.15819
fingers_01_l 0.72584 hand_l 0.27416

VERT:
0.60671 1.06101 0.01393
0.74253 0.66922 0.02824
0.40002 0.15957
fingers_01_l 0.90335 hand_l 0.09665

VERT:
0.60317 1.06439 0.02710
0.79204 0.60778 0.05729
0.39173 0.15819
fingers_01_l 0.72584 hand_l 0.27416

VERT:
0.62423 1.03524 0.04520
0.79204 0.60778 0.05729
0.38796 0.18136
fingers_01_l 0.49070 fingers_02_l 0.48529 fingers_03_l 0.02401

VERT:
0.60671 1.06101 0.01393
0.79204 0.60778 0.05729
0.40002 0.15957
fingers_01_l 0.90335 hand_l 0.09665

VERT:
0.60671 1.06101 0.01393
0.88330 0.45279 -0.12154
0.40002 0.15957
fingers_01_l 0.90335 hand_l 0.09665

VERT:
0.62423 1.03524 0.04520
0.88330 0.45279 -0.12154
0.38796 0.18136
fingers_01_l 0.49070 fingers_02_l 0.48529 fingers_03_l 0.02401

VERT:
0.62448 1.02665 0.01500
0.88330 0.45279 -0.12154
0.40419 0.18057
fingers_01_l 0.64255 fingers_02_l 0.35745

VERT:
0.62621 0.97230 0.03330
0.95937 -0.05832 -0.27607
0.40460 0.21113
fingers_03_l 0.91611 fingers_02_l 0.08389

VERT:
0.63551 1.00904 0.05784
0.95937 -0.05832 -0.27607
0.38675 0.19676
fingers_02_l 0.50000 fingers_03_l 0.50000

VERT:
0.63626 0.97945 0.06670
0.95937 -0.05832 -0.27607
0.38616 0.21172
fingers_03_l 0.79044 fingers_02_l 0.20956

VERT:
0.61816 0.96760 0.00798
0.93158 -0.26698 -0.24672
0.41928 0.20946
fingers_03_l 0.79103 fingers_02_l 0.20897

VERT:
0.63232 1.00087 0.02544
0.93158 -0.26698 -0.24672
0.40317 0.19546
fingers_02_l 0.50000 fingers_03_l 0.50000

VERT:
0.62621 0.97230 0.03330
0.93158 -0.26698 -0.24672
0.40460 0.21113
fingers_03_l 0.91611 fingers_02_l 0.08389

VERT:
0.60431 1.02953 0.06300
-0.85621 -0.51275 -0.06316
0.03665 0.33073
fingers_01_l 0.48169 fingers_02_l 0.39798 fingers_03_l 0.07186 index_01_l 0.04847

VERT:
0.62062 1.00355 0.05286
-0.85621 -0.51275 -0.06316
0.02072 0.32543
fingers_03_l 0.54810 fingers_02_l 0.45190

VERT:
0.61700 1.00694 0.07433
-0.85621 -0.51275 -0.06316
0.02307 0.33663
fingers_03_l 0.54038 fingers_02_l 0.45962

VERT:
0.62448 1.02665 0.01500
0.88305 0.45258 -0.12402
0.40419 0.18057
fingers_01_l 0.64255 fingers_02_l 0.35745

VERT:
0.60671 1.05725 0.00017
0.88305 0.45258 -0.12402
0.40805 0.16013
fingers_01_l 0.87979 hand_l 0.12021

VERT:
0.60671 1.06101 0.01393
0.88305 0.45258 -0.12402
0.40002 0.15957
fingers_01_l 0.90335 hand_l 0.09665

VERT:
0.60671 1.06101 0.01393
0.78612 0.59615 -0.16316
0.40002 0.15957
fingers_01_l 0.90335 hand_l 0.09665

VERT:
0.60671 1.05725 0.00017
0.78612 0.59615 -0.16316
0.40805 0.16013
fingers_01_l 0.87979 hand_l 0.12021

VERT:
0.59205 1.07769 0.00422
0.78612 0.59615 -0.16316
0.40414 0.14602
hand_l 0.85439 fingers_01_l 0.14561

VERT:
0.60671 1.05725 0.00017
0.79559 0.59410 -0.11868
0.40805 0.16013
fingers_01_l 0.87979 hand_l 0.12021

VERT:
0.59363 1.07038 -0.02174
0.79559 0.59410 -0.11868
0.41944 0.14921
fingers_01_l 0.62171 hand_l 0.37829

VERT:
0.59205 1.07769 0.00422
0.79559 0.59410 -0.11868
0.40414 0.14602
hand_l 0.85439 fingers_01_l 0.14561

VERT:
0.59363 1.07038 -0.02174
0.73908 0.67255 -0.03795
0.41944 0.14921
fingers_01_l 0.62171 hand_l 0.37829

VERT:
0.60671 1.05725 0.00017
0.73908 0.67255 -0.03795
0.40805 0.16013
fingers_01_l 0.87979 hand_l 0.12021

VERT:
0.60976 1.05307 -0.01454
0.73908 0.67255 -0.03795
0.41613 0.16193
fingers_01_l 0.85854 hand_l 0.14146

VERT:
0.60671 1.05725 0.00017
0.85757 0.51337 0.03195
0.40805 0.16013
fingers_01_l 0.87979 hand_l 0.12021

VERT:
0.62448 1.02665 0.01500
0.85757 0.51337 0.03195
0.40419 0.18057
fingers_01_l 0.64255 fingers_02_l 0.35745

VERT:
0.60976 1.05307 -0.01454
0.85757 0.51337 0.03195
0.41613 0.16193
fingers_01_l 0.85854 hand_l 0.14146

VERT:
0.60976 1.05307 -0.01454
0.92637 0.34361 -0.15419
0.41613 0.16193
fingers_01_l 0.85854 hand_l 0.14146

VERT:
0.62448 1.02665 0.01500
0.92637 0.34361 -0.15419
0.40419 0.18057
fingers_01_l 0.64255 fingers_02_l 0.35745

VERT:
0.62314 1.01860 -0.01095
0.92637 0.34361 -0.15419
0.41828 0.18074
fingers_01_l 0.60485 fingers_02_l 0.37266 fingers_03_l 0.02249

VERT:
0.62989 0.99384 -0.00053
0.96106 0.23067 -0.15219
0.41623 0.19403
fingers_02_l 0.50000 fingers_03_l 0.50000

VERT:
0.62448 1.02665 0.01500
0.96106 0.23067 -0.15219
0.40419 0.18057
fingers_01_l 0.64255 fingers_02_l 0.35745

VERT:
0.63232 1.00087 0.02544
0.96106 0.23067 -0.15219
0.40317 0.19546
fingers_02_l 0.50000 fingers_03_l 0.50000

VERT:
0.62636 0.97859 0.06504
0.05178 -0.97966 0.19388
0.38800 0.21657
fingers_03_l 0.77012 fingers_02_l 0.22988

VERT:
0.62621 0.97230 0.03330
0.05178 -0.97966 0.19388
0.40460 0.21113
fingers_03_l 0.91611 fingers_02_l 0.08389

VERT:
0.63626 0.97945 0.06670
0.05178 -0.97966 0.19388
0.38616 0.21172
fingers_03_l 0.79044 fingers_02_l 0.20956

VERT:
0.63626 0.97945 0.06670
0.04432 -0.97120 0.23409
0.38616 0.21172
fingers_03_l 0.79044 fingers_02_l 0.20956

VERT:
0.62482 0.98328 0.08479
0.04432 -0.97120 0.23409
0.37678 0.21811
fingers_03_l 0.81464 fingers_02_l 0.18536

VERT:
0.62636 0.97859 0.06504
0.04432 -0.97120 0.23409
0.38800 0.21657
fingers_03_l 0.77012 fingers_02_l 0.22988

VERT:
0.62314 1.01860 -0.01095
0.83443 0.27415 -0.47809
0.41828 0.18074
fingers_01_l 0.60485 fingers_02_l 0.37266 fingers_03_l 0.02249

VERT:
0.60497 1.04960 -0.02490
0.83443 0.27415 -0.47809
0.42226 0.16157
fingers_01_l 0.82496 hand_l 0.17504

VERT:
0.60976 1.05307 -0.01454
0.83443 0.27415 -0.47809
0.41613 0.16193
fingers_01_l 0.85854 hand_l 0.14146

VERT:
0.60976 1.05307 -0.01454
0.72875 0.47249 -0.49566
0.41613 0.16193
fingers_01_l 0.85854 hand_l 0.14146

VERT:
0.60497 1.04960 -0.02490
0.72875 0.47249 -0.49566
0.42226 0.16157
fingers_01_l 0.82496 hand_l 0.17504

VERT:
0.59363 1.07038 -0.02174
0.72875 0.47249 -0.49566
0.41944 0.14921
fingers_01_l 0.62171 hand_l 0.37829

VERT:
0.52109 1.02147 0.05527
-0.67075 -0.59871 -0.43777
0.34295 0.07235
thumb_02_l 0.50000 thumb_03_l 0.50000

VERT:
0.49762 1.05303 0.04807
-0.67075 -0.59871 -0.43777
0.36007 0.08352
thumb_01_l 0.50000 thumb_02_l 0.50000

VERT:
0.51623 1.04334 0.03282
-0.67075 -0.59871 -0.43777
0.35927 0.07007
thumb_01_l 0.49369 thumb_02_l 0.49369 hand_l 0.01261

VERT:
0.48924 1.07397 0.02518
-0.74560 0.55472 0.36928
0.37488 0.08178
thumb_01_l 0.75681 hand_l 0.12989 thumb_02_l 0.11329

VERT:
0.50893 1.08867 0.04288
-0.74560 0.55472 0.36928
0.37437 0.09565
thumb_01_l 1.00000

VERT:
0.51390 1.12081 0.00462
-0.74560 0.55472 0.36928
0.39991 0.09267
forearm_l 1.00000

VERT:
0.53697 1.03252 0.06025
0.82293 0.49048 0.28673
0.33493 0.09864
thumb_02_l 0.50000 thumb_03_l 0.50000

VERT:
0.51810 1.06495 0.05896
0.82293 0.49048 0.28673
0.35786 0.09888
thumb_01_l 0.50000 thumb_02_l 0.50000

VERT:
0.53034 1.03403 0.07671
0.82293 0.49048 0.28673
0.33742 0.09048
thumb_02_l 0.50000 thumb_03_l 0.50000

VERT:
0.53697 1.03252 0.06025
0.61286 -0.45809 -0.64386
0.07906 0.33451
thumb_02_l 0.50000 thumb_03_l 0.50000

VERT:
0.51623 1.04334 0.03282
0.61286 -0.45809 -0.64386
0.09085 0.31901
thumb_01_l 0.49369 thumb_02_l 0.49369 hand_l 0.01261

VERT:
0.53402 1.05330 0.04266
0.61286 -0.45809 -0.64386
0.07865 0.31973
thumb_01_l 0.48610 thumb_02_l 0.48610 hand_l 0.02780

VERT:
0.50988 1.09150 -0.02741
-0.71558 -0.52834 -0.45694
0.40019 0.06852
forearm_l 1.00000

VERT:
0.50609 1.06567 0.00840
-0.71558 -0.52834 -0.45694
0.37726 0.07046
thumb_01_l 0.61295 hand_l 0.27044 thumb_02_l 0.11661

VERT:
0.48924 1.07397 0.02518
-0.71558 -0.52834 -0.45694
0.37488 0.08178
thumb_01_l 0.75681 hand_l 0.12989 thumb_02_l 0.11329

VERT:
0.53697 1.03252 0.06025
0.88126 0.39979 0.25208
0.33493 0.09864
thumb_02_l 0.50000 thumb_03_l 0.50000

VERT:
0.54368 1.00265 0.08416
0.88126 0.39979 0.25208
0.32201 0.08461
thumb_03_l 0.92814 thumb_02_l 0.07186

VERT:
0.54831 1.00005 0.07211
0.88126 0.39979 0.25208
0.31909 0.09038
thumb_03_l 0.93869 thumb_02_l 0.06131

VERT:
0.51220 1.02170 0.07148
-0.44905 0.30431 0.84009
0.34008 0.08091
thumb_02_l 0.50000 thumb_03_l 0.50000

VERT:
0.53034 1.03403 0.07671
-0.44905 0.30431 0.84009
0.33742 0.09048
thumb_02_l 0.50000 thumb_03_l 0.50000

VERT:
0.51810 1.06495 0.05896
-0.44905 0.30431 0.84009
0.35786 0.09888
thumb_01_l 0.50000 thumb_02_l 0.50000

VERT:
0.53220 0.99483 0.08171
-0.27783 0.10864 0.95447
0.32366 0.07764
thumb_03_l 1.00000

VERT:
0.54368 1.00265 0.08416
-0.27783 0.10864 0.95447
0.32201 0.08461
thumb_03_l 0.92814 thumb_02_l 0.07186

VERT:
0.53034 1.03403 0.07671
-0.27783 0.10864 0.95447
0.33742 0.09048
thumb_02_l 0.50000 thumb_03_l 0.50000

VERT:
0.51623 1.04334 0.03282
-0.66376 -0.66845 -0.33557
0.35927 0.07007
thumb_01_l 0.49369 thumb_02_l 0.49369 hand_l 0.01261

VERT:
0.48924 1.07397 0.02518
-0.66376 -0.66845 -0.33557
0.37488 0.08178
thumb_01_l 0.75681 hand_l 0.12989 thumb_02_l 0.11329

VERT:
0.50609 1.06567 0.00840
-0.66376 -0.66845 -0.33557
0.37726 0.07046
thumb_01_l 0.61295 hand_l 0.27044 thumb_02_l 0.11661

VERT:
0.49762 1.05303 0.04807
-0.57661 0.29416 0.76223
0.36007 0.08352
thumb_01_l 0.50000 thumb_02_l 0.50000

VERT:
0.51810 1.06495 0.05896
-0.57661 0.29416 0.76223
0.35786 0.09888
thumb_01_l 0.50000 thumb_02_l 0.50000

VERT:
0.50893 1.08867 0.04288
-0.57661 0.29416 0.76223
0.37437 0.09565
thumb_01_l 1.00000

VERT:
0.61358 0.99629 -0.00278
-0.08183 -0.36140 -0.92881
0.42493 0.19279
fingers_02_l 0.69232 fingers_03_l 0.30768

VERT:
0.61816 0.96760 0.00798
-0.08183 -0.36140 -0.92881
0.41928 0.20946
fingers_03_l 0.79103 fingers_02_l 0.20897

VERT:
0.60758 0.97020 0.00790
-0.08183 -0.36140 -0.92881
0.42547 0.20916
fingers_03_l 0.75760 fingers_02_l 0.24240

VERT:
0.61591 0.97337 0.03213
-0.12469 -0.96766 0.21928
0.40712 0.21622
fingers_03_l 0.86329 fingers_02_l 0.12156 fingers_01_l 0.01514

VERT:
0.61816 0.96760 0.00798
-0.12469 -0.96766 0.21928
0.41928 0.20946
fingers_03_l 0.79103 fingers_02_l 0.20897

VERT:
0.62621 0.97230 0.03330
-0.12469 -0.96766 0.21928
0.40460 0.21113
fingers_03_l 0.91611 fingers_02_l 0.08389

VERT:
0.60682 1.01160 -0.01000
0.10001 -0.35906 -0.92794
0.42755 0.18267
fingers_01_l 0.58066 fingers_02_l 0.37411 fingers_03_l 0.04524

VERT:
0.60497 1.04960 -0.02490
0.10001 -0.35906 -0.92794
0.42226 0.16157
fingers_01_l 0.82496 hand_l 0.17504

VERT:
0.62314 1.01860 -0.01095
0.10001 -0.35906 -0.92794
0.41828 0.18074
fingers_01_l 0.60485 fingers_02_l 0.37266 fingers_03_l 0.02249

VERT:
0.55240 1.11886 0.01663
-0.13834 0.80695 0.57419
0.39922 0.11374
hand_l 0.98593 index_01_l 0.01407

VERT:
0.51390 1.12081 0.00462
-0.13834 0.80695 0.57419
0.39991 0.09267
forearm_l 1.00000

VERT:
0.52837 1.10935 0.02421
-0.13834 0.80695 0.57419
0.39028 0.10299
hand_l 1.00000

VERT:
0.53852 0.99317 0.06982
-0.69292 -0.61787 -0.37160
0.32446 0.07052
thumb_03_l 1.00000

VERT:
0.51220 1.02170 0.07148
-0.69292 -0.61787 -0.37160
0.34008 0.08091
thumb_02_l 0.50000 thumb_03_l 0.50000

VERT:
0.52109 1.02147 0.05527
-0.69292 -0.61787 -0.37160
0.34295 0.07235
thumb_02_l 0.50000 thumb_03_l 0.50000

VERT:
0.50988 1.09150 -0.02741
-0.89920 0.37299 -0.22873
0.40019 0.06852
forearm_l 1.00000

VERT:
0.48924 1.07397 0.02518
-0.89920 0.37299 -0.22873
0.37488 0.08178
thumb_01_l 0.75681 hand_l 0.12989 thumb_02_l 0.11329

VERT:
0.51390 1.12081 0.00462
-0.89920 0.37299 -0.22873
0.39991 0.09267
forearm_l 1.00000

VERT:
0.56890 1.08842 0.04635
0.56885 0.71130 0.41287
0.37655 0.13041
index_01_l 0.74182 hand_l 0.25818

VERT:
0.58580 1.08622 0.02684
0.56885 0.71130 0.41287
0.38953 0.13998
hand_l 0.95287 fingers_01_l 0.04713

VERT:
0.55240 1.11886 0.01663
0.56885 0.71130 0.41287
0.39922 0.11374
hand_l 0.98593 index_01_l 0.01407

VERT:
0.53402 1.05330 0.04266
0.01664 -0.96319 -0.26831
0.07865 0.31973
thumb_01_l 0.48610 thumb_02_l 0.48610 hand_l 0.02780

VERT:
0.53274 1.06391 0.00449
0.01664 -0.96319 -0.26831
0.07992 0.29776
hand_l 0.51592 thumb_01_l 0.38421 fingers_01_l 0.05647 thumb_02_l 0.04340

VERT:
0.57863 1.05315 0.04597
0.01664 -0.96319 -0.26831
0.05493 0.32164
fingers_01_l 0.63723 hand_l 0.36277

VERT:
0.57863 1.05315 0.04597
-0.36858 -0.91380 0.17066
0.05493 0.32164
fingers_01_l 0.63723 hand_l 0.36277

VERT:
0.53274 1.06391 0.00449
-0.36858 -0.91380 0.17066
0.07992 0.29776
hand_l 0.51592 thumb_01_l 0.38421 fingers_01_l 0.05647 thumb_02_l 0.04340

VERT:
0.58621 1.04612 0.02470
-0.36858 -0.91380 0.17066
0.04935 0.31042
fingers_01_l 0.78602 index_01_l 0.12112 hand_l 0.09285

VERT:
0.52837 1.10935 0.02421
-0.07715 0.70708 0.70291
0.39028 0.10299
hand_l 1.00000

VERT:
0.50893 1.08867 0.04288
-0.07715 0.70708 0.70291
0.37437 0.09565
thumb_01_l 1.00000

VERT:
0.56983 1.07227 0.06606
-0.07715 0.70708 0.70291
0.36038 0.13285
index_01_l 1.00000

VERT:
0.56890 1.08842 0.04635
0.05487 0.77371 0.63115
0.37655 0.13041
index_01_l 0.74182 hand_l 0.25818

VERT:
0.52837 1.10935 0.02421
0.05487 0.77371 0.63115
0.39028 0.10299
hand_l 1.00000

VERT:
0.56983 1.07227 0.06606
0.05487 0.77371 0.63115
0.36038 0.13285
index_01_l 1.00000

VERT:
0.48924 1.07397 0.02518
-0.75435 0.32279 0.57163
0.37488 0.08178
thumb_01_l 0.75681 hand_l 0.12989 thumb_02_l 0.11329

VERT:
0.49762 1.05303 0.04807
-0.75435 0.32279 0.57163
0.36007 0.08352
thumb_01_l 0.50000 thumb_02_l 0.50000

VERT:
0.50893 1.08867 0.04288
-0.75435 0.32279 0.57163
0.37437 0.09565
thumb_01_l 1.00000

VERT:
0.49762 1.05303 0.04807
-0.57779 0.29858 0.75961
0.36007 0.08352
thumb_01_l 0.50000 thumb_02_l 0.50000

VERT:
0.51220 1.02170 0.07148
-0.57779 0.29858 0.75961
0.34008 0.08091
thumb_02_l 0.50000 thumb_03_l 0.50000

VERT:
0.51810 1.06495 0.05896
-0.57779 0.29858 0.75961
0.35786 0.09888
thumb_01_l 0.50000 thumb_02_l 0.50000

VERT:
0.51220 1.02170 0.07148
-0.33968 0.10321 0.93486
0.34008 0.08091
thumb_02_l 0.50000 thumb_03_l 0.50000

VERT:
0.53220 0.99483 0.08171
-0.33968 0.10321 0.93486
0.32366 0.07764
thumb_03_l 1.00000

VERT:
0.53034 1.03403 0.07671
-0.33968 0.10321 0.93486
0.33742 0.09048
thumb_02_l 0.50000 thumb_03_l 0.50000

VERT:
0.51623 1.04334 0.03282
0.61088 -0.44116 -0.65742
0.09085 0.31901
thumb_01_l 0.49369 thumb_02_l 0.49369 hand_l 0.01261

VERT:
0.50609 1.06567 0.00840
0.61088 -0.44116 -0.65742
0.09451 0.30069
thumb_01_l 0.61295 hand_l 0.27044 thumb_02_l 0.11661

VERT:
0.53402 1.05330 0.04266
0.61088 -0.44116 -0.65742
0.07865 0.31973
thumb_01_l 0.48610 thumb_02_l 0.48610 hand_l 0.02780

VERT:
0.54653 1.07301 -0.01901
-0.29962 -0.81730 -0.49219
0.07414 0.28270
hand_l 0.83700 fingers_01_l 0.11424 thumb_01_l 0.04876

VERT:
0.53274 1.06391 0.00449
-0.29962 -0.81730 -0.49219
0.07992 0.29776
hand_l 0.51592 thumb_01_l 0.38421 fingers_01_l 0.05647 thumb_02_l 0.04340

VERT:
0.50988 1.09150 -0.02741
-0.29962 -0.81730 -0.49219
0.09629 0.27727
forearm_l 1.00000

VERT:
0.53402 1.05330 0.04266
-0.17879 -0.87467 0.45053
0.34483 0.10889
thumb_01_l 0.48610 thumb_02_l 0.48610 hand_l 0.02780

VERT:
0.56511 1.05783 0.06380
-0.17879 -0.87467 0.45053
0.35282 0.12797
index_01_l 1.00000

VERT:
0.51810 1.06495 0.05896
-0.17879 -0.87467 0.45053
0.35786 0.09888
thumb_01_l 0.50000 thumb_02_l 0.50000

VERT:
0.56511 1.05783 0.06380
-0.02108 -0.97074 0.23920
0.06221 0.33138
index_01_l 1.00000

VERT:
0.53402 1.05330 0.04266
-0.02108 -0.97074 0.23920
0.07865 0.31973
thumb_01_l 0.48610 thumb_02_l 0.48610 hand_l 0.02780

VERT:
0.57863 1.05315 0.04597
-0.02108 -0.97074 0.23920
0.05493 0.32164
fingers_01_l 0.63723 hand_l 0.36277

VERT:
0.53764 1.13774 -0.00807
-0.06732 0.94349 -0.32449
0.00458 0.77825
forearm_l 1.00000

VERT:
0.55130 1.13106 -0.03034
-0.06732 0.94349 -0.32449
0.01472 0.79137
forearm_l 1.00000

VERT:
0.51933 1.12832 -0.03166
-0.06732 0.94349 -0.32449
0.02039 0.77600
hand_l 1.00000

VERT:
0.50988 1.09150 -0.02741
-0.96683 0.23684 -0.09565
0.03569 0.76367
forearm_l 1.00000

VERT:
0.51390 1.12081 0.00462
-0.96683 0.23684 -0.09565
0.01023 0.75968
forearm_l 1.00000

VERT:
0.51933 1.12832 -0.03166
-0.96683 0.23684 -0.09565
0.02039 0.77600
hand_l 1.00000

VERT:
0.55130 1.13106 -0.03034
-0.01955 0.61202 -0.79060
0.01472 0.79137
forearm_l 1.00000

VERT:
0.54492 1.10407 -0.05107
-0.01955 0.61202 -0.79060
0.03569 0.78987
hand_l 1.00000

VERT:
0.51933 1.12832 -0.03166
-0.01955 0.61202 -0.79060
0.02039 0.77600
hand_l 1.00000

VERT:
0.51390 1.12081 0.00462
-0.54562 0.83309 0.09091
0.01023 0.75968
forearm_l 1.00000

VERT:
0.53764 1.13774 -0.00807
-0.54562 0.83309 0.09091
0.00458 0.77825
forearm_l 1.00000

VERT:
0.51933 1.12832 -0.03166
-0.54562 0.83309 0.09091
0.02039 0.77600
hand_l 1.00000

VERT:
0.54492 1.10407 -0.05107
-0.57167 0.05191 -0.81884
0.03569 0.78987
hand_l 1.00000

VERT:
0.50988 1.09150 -0.02741
-0.57167 0.05191 -0.81884
0.03569 0.76367
forearm_l 1.00000

VERT:
0.51933 1.12832 -0.03166
-0.57167 0.05191 -0.81884
0.02039 0.77600
hand_l 1.00000

VERT:
-0.60854 1.01882 0.01366
0.92848 -0.33099 0.16843
0.51068 0.08425
fingers_01_r 0.62083 fingers_02_r 0.36258 fingers_03_r 0.01659

VERT:
-0.61358 0.99629 -0.00278
0.92848 -0.33099 0.16843
0.52245 0.07519
fingers_02_r 0.69232 fingers_03_r 0.30768

VERT:
-0.60682 1.01160 -0.01000
0.92848 -0.33099 0.16843
0.51358 0.07160
fingers_01_r 0.58066 fingers_02_r 0.37411 fingers_03_r 0.04524

VERT:
-0.57863 1.05315 0.04597
0.66202 -0.74939 0.01186
0.48641 0.10095
fingers_01_r 0.63723 hand_r 0.36277

VERT:
-0.61000 1.02537 0.04160
0.66202 -0.74939 0.01186
0.50820 0.09889
fingers_01_r 0.59189 fingers_02_r 0.36336 fingers_03_r 0.04475

VERT:
-0.58621 1.04612 0.02470
0.66202 -0.74939 0.01186
0.49199 0.08972
fingers_01_r 0.78602 index_01_r 0.12112 hand_r 0.09285

VERT:
-0.58813 1.03989 0.00118
0.37866 -0.90191 0.20778
0.49521 0.07701
fingers_01_r 0.91756 hand_r 0.08244

VERT:
-0.53274 1.06391 0.00449
0.37866 -0.90191 0.20778
0.46142 0.07706
hand_r 0.51592 thumb_01_r 0.38421 fingers_01_r 0.05647 thumb_02_r 0.04340

VERT:
-0.58621 1.04612 0.02470
0.37866 -0.90191 0.20778
0.49199 0.08972
fingers_01_r 0.78602 index_01_r 0.12112 hand_r 0.09285

VERT:
-0.58813 1.03989 0.00118
0.79921 -0.58398 0.14221
0.49521 0.07701
fingers_01_r 0.91756 hand_r 0.08244

VERT:
-0.60682 1.01160 -0.01000
0.79921 -0.58398 0.14221
0.51358 0.07160
fingers_01_r 0.58066 fingers_02_r 0.37411 fingers_03_r 0.04524

VERT:
-0.58780 1.03484 -0.02143
0.79921 -0.58398 0.14221
0.49810 0.06489
fingers_01_r 0.82834 hand_r 0.17166

VERT:
-0.58621 1.04612 0.02470
0.74636 -0.65595 0.11256
0.49199 0.08972
fingers_01_r 0.78602 index_01_r 0.12112 hand_r 0.09285

VERT:
-0.60854 1.01882 0.01366
0.74636 -0.65595 0.11256
0.51068 0.08425
fingers_01_r 0.62083 fingers_02_r 0.36258 fingers_03_r 0.01659

VERT:
-0.58813 1.03989 0.00118
0.74636 -0.65595 0.11256
0.49521 0.07701
fingers_01_r 0.91756 hand_r 0.08244

VERT:
-0.62062 1.00355 0.05286
0.98950 0.06591 0.12860
0.52062 0.10473
fingers_03_r 0.54810 fingers_02_r 0.45190

VERT:
-0.61591 0.97337 0.03213
0.98950 0.06591 0.12860
0.53578 0.09289
fingers_03_r 0.86329 fingers_02_r 0.12156 fingers_01_r 0.01514

VERT:
-0.61635 1.00005 0.02181
0.98950 0.06591 0.12860
0.52145 0.08830
fingers_02_r 0.74791 fingers_03_r 0.25209

VERT:
-0.61000 1.02537 0.04160
0.93410 -0.33358 0.12721
0.50820 0.09889
fingers_01_r 0.59189 fingers_02_r 0.36336 fingers_03_r 0.04475

VERT:
-0.61635 1.00005 0.02181
0.93410 -0.33358 0.12721
0.52145 0.08830
fingers_02_r 0.74791 fingers_03_r 0.25209

VERT:
-0.60854 1.01882 0.01366
0.93410 -0.33358 0.12721
0.51068 0.08425
fingers_01_r 0.62083 fingers_02_r 0.36258 fingers_03_r 0.01659

VERT:
-0.54653 1.07301 -0.01901
0.59973 -0.61616 -0.51056
0.46720 0.06201
hand_r 0.83700 fingers_01_r 0.11424 thumb_01_r 0.04876

VERT:
-0.58780 1.03484 -0.02143
0.59973 -0.61616 -0.51056
0.49810 0.06489
fingers_01_r 0.82834 hand_r 0.17166

VERT:
-0.55980 1.08297 -0.04662
0.59973 -0.61616 -0.51056
0.47204 0.04498
hand_r 0.88452 fingers_01_r 0.11548

VERT:
-0.57863 1.05315 0.04597
0.42621 -0.89557 -0.12767
0.48641 0.10095
fingers_01_r 0.63723 hand_r 0.36277

VERT:
-0.59057 1.04237 0.08173
0.42621 -0.89557 -0.12767
0.49516 0.11987
index_01_r 0.50000 index_02_r 0.50000

VERT:
-0.60126 1.03956 0.06571
0.42621 -0.89557 -0.12767
0.50069 0.11111
index_01_r 0.50000 index_02_r 0.50000

VERT:
-0.61425 1.01911 0.07973
0.67398 -0.65725 -0.33730
0.51285 0.11969
index_02_r 0.50000 index_03_r 0.50000

VERT:
-0.59057 1.04237 0.08173
0.67398 -0.65725 -0.33730
0.49516 0.11987
index_01_r 0.50000 index_02_r 0.50000

VERT:
-0.60491 1.02163 0.09350
0.67398 -0.65725 -0.33730
0.50801 0.12722
index_02_r 0.50000 index_03_r 0.50000

VERT:
-0.53274 1.06391 0.00449
0.13907 -0.79612 -0.58894
0.46142 0.07706
hand_r 0.51592 thumb_01_r 0.38421 fingers_01_r 0.05647 thumb_02_r 0.04340

VERT:
-0.50988 1.09150 -0.02741
0.13907 -0.79612 -0.58894
0.44505 0.05657
forearm_r 1.00000

VERT:
-0.50609 1.06567 0.00840
0.13907 -0.79612 -0.58894
0.44682 0.07999
thumb_01_r 0.61295 hand_r 0.27044 thumb_02_r 0.11661

VERT:
-0.50609 1.06567 0.00840
0.10200 -0.95931 -0.26327
0.44682 0.07999
thumb_01_r 0.61295 hand_r 0.27044 thumb_02_r 0.11661

VERT:
-0.53402 1.05330 0.04266
0.10200 -0.95931 -0.26327
0.46269 0.09903
thumb_01_r 0.48610 thumb_02_r 0.48610 hand_r 0.02780

VERT:
-0.53274 1.06391 0.00449
0.10200 -0.95931 -0.26327
0.46142 0.07706
hand_r 0.51592 thumb_01_r 0.38421 fingers_01_r 0.05647 thumb_02_r 0.04340

VERT:
-0.52109 1.02147 0.05527
-0.40845 -0.18398 -0.89405
0.45160 0.11540
thumb_02_r 0.50000 thumb_03_r 0.50000

VERT:
-0.54831 1.00005 0.07211
-0.40845 -0.18398 -0.89405
0.46193 0.13345
thumb_03_r 0.93869 thumb_02_r 0.06131

VERT:
-0.53697 1.03252 0.06025
-0.40845 -0.18398 -0.89405
0.46227 0.11381
thumb_02_r 0.50000 thumb_03_r 0.50000

VERT:
-0.53852 0.99317 0.06982
-0.47960 -0.80153 0.35712
0.40037 0.85468
thumb_03_r 1.00000

VERT:
-0.54368 1.00265 0.08416
-0.47960 -0.80153 0.35712
0.39516 0.86216
thumb_03_r 0.92814 thumb_02_r 0.07186

VERT:
-0.54831 1.00005 0.07211
-0.47960 -0.80153 0.35712
0.40169 0.86072
thumb_03_r 0.93869 thumb_02_r 0.06131

VERT:
-0.62264 0.99431 0.09258
-0.31860 -0.87141 0.37302
0.39937 0.94326
index_03_r 0.95002 index_02_r 0.04998

VERT:
-0.62247 1.00051 0.10720
-0.31860 -0.87141 0.37302
0.39763 0.93567
index_03_r 0.87052 index_02_r 0.12948

VERT:
-0.63006 0.99849 0.09601
-0.31860 -0.87141 0.37302
0.39509 0.94188
index_03_r 0.87536 index_02_r 0.12464

VERT:
-0.54492 1.10407 -0.05107
0.64627 -0.56395 -0.51410
0.45974 0.03886
hand_r 1.00000

VERT:
-0.54653 1.07301 -0.01901
0.64627 -0.56395 -0.51410
0.46720 0.06201
hand_r 0.83700 fingers_01_r 0.11424 thumb_01_r 0.04876

VERT:
-0.55980 1.08297 -0.04662
0.64627 -0.56395 -0.51410
0.47204 0.04498
hand_r 0.88452 fingers_01_r 0.11548

VERT:
-0.60491 1.02163 0.09350
0.55338 0.09968 0.82695
0.38895 0.92385
index_02_r 0.50000 index_03_r 0.50000

VERT:
-0.60196 1.05457 0.08756
0.55338 0.09968 0.82695
0.37410 0.92460
index_01_r 0.50000 index_02_r 0.50000

VERT:
-0.61747 1.02934 0.10098
0.55338 0.09968 0.82695
0.38567 0.93048
index_02_r 0.50000 index_03_r 0.50000

VERT:
-0.63046 1.01416 0.08089
0.51362 0.19909 0.83460
0.34185 0.97509
fingers_02_r 0.50000 fingers_03_r 0.50000

VERT:
-0.62482 0.98328 0.08479
0.51362 0.19909 0.83460
0.34768 0.99014
fingers_03_r 0.81464 fingers_02_r 0.18536

VERT:
-0.61700 1.00694 0.07433
0.51362 0.19909 0.83460
0.35033 0.97523
fingers_03_r 0.54038 fingers_02_r 0.45962

VERT:
-0.62636 0.97859 0.06504
0.94953 -0.31367 0.00061
0.53391 0.11113
fingers_03_r 0.77012 fingers_02_r 0.22988

VERT:
-0.61700 1.00694 0.07433
0.94953 -0.31367 0.00061
0.51827 0.11594
fingers_03_r 0.54038 fingers_02_r 0.45962

VERT:
-0.62482 0.98328 0.08479
0.94953 -0.31367 0.00061
0.53129 0.12146
fingers_03_r 0.81464 fingers_02_r 0.18536

VERT:
-0.62423 1.03524 0.04520
-0.93222 0.31836 -0.17210
0.32920 0.95890
fingers_01_r 0.49070 fingers_02_r 0.48529 fingers_03_r 0.02401

VERT:
-0.63232 1.00087 0.02544
-0.93222 0.31836 -0.17210
0.31399 0.97301
fingers_02_r 0.50000 fingers_03_r 0.50000

VERT:
-0.63551 1.00904 0.05784
-0.93222 0.31836 -0.17210
0.33041 0.97430
fingers_02_r 0.50000 fingers_03_r 0.50000

VERT:
-0.63626 0.97945 0.06670
-0.97716 0.08318 0.19555
0.33100 0.98926
fingers_03_r 0.79044 fingers_02_r 0.20956

VERT:
-0.63046 1.01416 0.08089
-0.97716 0.08318 0.19555
0.34185 0.97509
fingers_02_r 0.50000 fingers_03_r 0.50000

VERT:
-0.63551 1.00904 0.05784
-0.97716 0.08318 0.19555
0.33041 0.97430
fingers_02_r 0.50000 fingers_03_r 0.50000

VERT:
-0.62423 1.03524 0.04520
-0.81087 0.57279 0.11997
0.32920 0.95890
fingers_01_r 0.49070 fingers_02_r 0.48529 fingers_03_r 0.02401

VERT:
-0.61681 1.04098 0.06789
-0.81087 0.57279 0.11997
0.34183 0.95928
fingers_02_r 0.46563 fingers_01_r 0.44751 fingers_03_r 0.06101 hand_r 0.02586

VERT:
-0.60038 1.07027 0.03918
-0.81087 0.57279 0.11997
0.33412 0.93330
fingers_01_r 0.51686 hand_r 0.48314

VERT:
-0.61681 1.04098 0.06789
-0.47621 0.73722 0.47930
0.34183 0.95928
fingers_02_r 0.46563 fingers_01_r 0.44751 fingers_03_r 0.06101 hand_r 0.02586

VERT:
-0.59229 1.06959 0.04826
-0.47621 0.73722 0.47930
0.34311 0.93156
fingers_01_r 0.56303 hand_r 0.43697

VERT:
-0.60038 1.07027 0.03918
-0.47621 0.73722 0.47930
0.33412 0.93330
fingers_01_r 0.51686 hand_r 0.48314

VERT:
-0.60038 1.07027 0.03918
-0.45041 0.76611 0.45848
0.33412 0.93330
fingers_01_r 0.51686 hand_r 0.48314

VERT:
-0.59229 1.06959 0.04826
-0.45041 0.76611 0.45848
0.34311 0.93156
fingers_01_r 0.56303 hand_r 0.43697

VERT:
-0.58580 1.08622 0.02684
-0.45041 0.76611 0.45848
0.32763 0.91752
hand_r 0.95287 fingers_01_r 0.04713

VERT:
-0.59229 1.06959 0.04826
-0.50821 0.74799 0.42689
0.34311 0.93156
fingers_01_r 0.56303 hand_r 0.43697

VERT:
-0.58686 1.07301 0.04873
-0.50821 0.74799 0.42689
0.34546 0.92651
index_01_r 0.77835 hand_r 0.16836 fingers_01_r 0.05329

VERT:
-0.58580 1.08622 0.02684
-0.50821 0.74799 0.42689
0.32763 0.91752
hand_r 0.95287 fingers_01_r 0.04713

VERT:
-0.58580 1.08622 0.02684
-0.56303 0.71931 0.40693
0.32763 0.91752
hand_r 0.95287 fingers_01_r 0.04713

VERT:
-0.58686 1.07301 0.04873
-0.56303 0.71931 0.40693
0.34546 0.92651
index_01_r 0.77835 hand_r 0.16836 fingers_01_r 0.05329

VERT:
-0.56890 1.08842 0.04635
-0.56303 0.71931 0.40693
0.34062 0.90795
index_01_r 0.74182 hand_r 0.25818

VERT:
-0.58686 1.07301 0.04873
-0.65517 0.75128 -0.07957
0.34546 0.92651
index_01_r 0.77835 hand_r 0.16836 fingers_01_r 0.05329

VERT:
-0.58097 1.07909 0.05769
-0.65517 0.75128 -0.07957
0.34954 0.91752
index_01_r 0.94768 hand_r 0.05232

VERT:
-0.56890 1.08842 0.04635
-0.65517 0.75128 -0.07957
0.34062 0.90795
index_01_r 0.74182 hand_r 0.25818

VERT:
-0.56890 1.08842 0.04635
-0.00201 0.77365 0.63361
0.34062 0.90795
index_01_r 0.74182 hand_r 0.25818

VERT:
-0.58097 1.07909 0.05769
-0.00201 0.77365 0.63361
0.34954 0.91752
index_01_r 0.94768 hand_r 0.05232

VERT:
-0.56983 1.07227 0.06606
-0.00201 0.77365 0.63361
0.35678 0.91039
index_01_r 1.00000

VERT:
-0.58097 1.07909 0.05769
-0.00208 0.77360 0.63367
0.34954 0.91752
index_01_r 0.94768 hand_r 0.05232

VERT:
-0.60196 1.05457 0.08756
-0.00208 0.77360 0.63367
0.37410 0.92460
index_01_r 0.50000 index_02_r 0.50000

VERT:
-0.56983 1.07227 0.06606
-0.00208 0.77360 0.63367
0.35678 0.91039
index_01_r 1.00000

VERT:
-0.58686 1.07301 0.04873
-0.51531 -0.20087 -0.83313
0.34546 0.92651
index_01_r 0.77835 hand_r 0.16836 fingers_01_r 0.05329

VERT:
-0.60126 1.03956 0.06571
-0.51531 -0.20087 -0.83313
0.36838 0.93961
index_01_r 0.50000 index_02_r 0.50000

VERT:
-0.61347 1.05139 0.07041
-0.51531 -0.20087 -0.83313
0.37073 0.93311
index_01_r 0.50000 index_02_r 0.50000

VERT:
-0.56983 1.07227 0.06606
0.55408 0.05152 0.83087
0.35678 0.91039
index_01_r 1.00000

VERT:
-0.59057 1.04237 0.08173
0.55408 0.05152 0.83087
0.37757 0.91742
index_01_r 0.50000 index_02_r 0.50000

VERT:
-0.56511 1.05783 0.06380
0.55408 0.05152 0.83087
0.36434 0.90551
index_01_r 1.00000

VERT:
-0.63551 1.00904 0.05784
-0.87287 0.45760 0.16940
0.33041 0.97430
fingers_02_r 0.50000 fingers_03_r 0.50000

VERT:
-0.61681 1.04098 0.06789
-0.87287 0.45760 0.16940
0.34183 0.95928
fingers_02_r 0.46563 fingers_01_r 0.44751 fingers_03_r 0.06101 hand_r 0.02586

VERT:
-0.62423 1.03524 0.04520
-0.87287 0.45760 0.16940
0.32920 0.95890
fingers_01_r 0.49070 fingers_02_r 0.48529 fingers_03_r 0.02401

VERT:
-0.61681 1.04098 0.06789
0.48332 0.16016 0.86067
0.34183 0.95928
fingers_02_r 0.46563 fingers_01_r 0.44751 fingers_03_r 0.06101 hand_r 0.02586

VERT:
-0.61700 1.00694 0.07433
0.48332 0.16016 0.86067
0.35033 0.97523
fingers_03_r 0.54038 fingers_02_r 0.45962

VERT:
-0.60431 1.02953 0.06300
0.48332 0.16016 0.86067
0.35084 0.95993
fingers_01_r 0.48169 fingers_02_r 0.39798 fingers_03_r 0.07186 index_01_r 0.04847

VERT:
-0.57863 1.05315 0.04597
-0.00032 -0.13794 0.99044
0.35616 0.94059
fingers_01_r 0.63723 hand_r 0.36277

VERT:
-0.58686 1.07301 0.04873
-0.00032 -0.13794 0.99044
0.34546 0.92651
index_01_r 0.77835 hand_r 0.16836 fingers_01_r 0.05329

VERT:
-0.59229 1.06959 0.04826
-0.00032 -0.13794 0.99044
0.34311 0.93156
fingers_01_r 0.56303 hand_r 0.43697

VERT:
-0.59229 1.06959 0.04826
0.40020 0.20840 0.89242
0.34311 0.93156
fingers_01_r 0.56303 hand_r 0.43697

VERT:
-0.60431 1.02953 0.06300
0.40020 0.20840 0.89242
0.35084 0.95993
fingers_01_r 0.48169 fingers_02_r 0.39798 fingers_03_r 0.07186 index_01_r 0.04847

VERT:
-0.57863 1.05315 0.04597
0.40020 0.20840 0.89242
0.35616 0.94059
fingers_01_r 0.63723 hand_r 0.36277

VERT:
-0.61347 1.05139 0.07041
-0.70032 0.61929 0.35501
0.37073 0.93311
index_01_r 0.50000 index_02_r 0.50000

VERT:
-0.61747 1.02934 0.10098
-0.70032 0.61929 0.35501
0.38567 0.93048
index_02_r 0.50000 index_03_r 0.50000

VERT:
-0.60196 1.05457 0.08756
-0.70032 0.61929 0.35501
0.37410 0.92460
index_01_r 0.50000 index_02_r 0.50000

VERT:
-0.58097 1.07909 0.05769
-0.57376 0.78317 0.23969
0.34954 0.91752
index_01_r 0.94768 hand_r 0.05232

VERT:
-0.61347 1.05139 0.07041
-0.57376 0.78317 0.23969
0.37073 0.93311
index_01_r 0.50000 index_02_r 0.50000

VERT:
-0.60196 1.05457 0.08756
-0.57376 0.78317 0.23969
0.37410 0.92460
index_01_r 0.50000 index_02_r 0.50000

VERT:
-0.61747 1.02934 0.10098
-0.82164 0.25287 0.51085
0.38567 0.93048
index_02_r 0.50000 index_03_r 0.50000

VERT:
-0.63006 0.99849 0.09601
-0.82164 0.25287 0.51085
0.39509 0.94188
index_03_r 0.87536 index_02_r 0.12464

VERT:
-0.62247 1.00051 0.10720
-0.82164 0.25287 0.51085
0.39763 0.93567
index_03_r 0.87052 index_02_r 0.12948

VERT:
-0.62264 0.99431 0.09258
0.76333 -0.48107 -0.43116
0.52525 0.12902
index_03_r 0.95002 index_02_r 0.04998

VERT:
-0.60491 1.02163 0.09350
0.76333 -0.48107 -0.43116
0.50801 0.12722
index_02_r 0.50000 index_03_r 0.50000

VERT:
-0.61573 0.99612 0.10280
0.76333 -0.48107 -0.43116
0.52168 0.13461
index_03_r 1.00000

VERT:
-0.62247 1.00051 0.10720
0.54751 0.08473 0.83250
0.39763 0.93567
index_03_r 0.87052 index_02_r 0.12948

VERT:
-0.60491 1.02163 0.09350
0.54751 0.08473 0.83250
0.38895 0.92385
index_02_r 0.50000 index_03_r 0.50000

VERT:
-0.61747 1.02934 0.10098
0.54751 0.08473 0.83250
0.38567 0.93048
index_02_r 0.50000 index_03_r 0.50000

VERT:
-0.61347 1.05139 0.07041
-0.50737 -0.22769 -0.83111
0.37073 0.93311
index_01_r 0.50000 index_02_r 0.50000

VERT:
-0.61425 1.01911 0.07973
-0.50737 -0.22769 -0.83111
0.38039 0.94394
index_02_r 0.50000 index_03_r 0.50000

VERT:
-0.62761 1.02659 0.08583
-0.50737 -0.22769 -0.83111
0.38284 0.93715
index_02_r 0.50000 index_03_r 0.50000

VERT:
-0.63006 0.99849 0.09601
-0.51856 -0.24841 -0.81816
0.39509 0.94188
index_03_r 0.87536 index_02_r 0.12464

VERT:
-0.61425 1.01911 0.07973
-0.51856 -0.24841 -0.81816
0.38039 0.94394
index_02_r 0.50000 index_03_r 0.50000

VERT:
-0.62264 0.99431 0.09258
-0.51856 -0.24841 -0.81816
0.39432 0.94625
index_03_r 0.95002 index_02_r 0.04998

VERT:
-0.56511 1.05783 0.06380
0.11891 -0.11502 0.98622
0.36434 0.90551
index_01_r 1.00000

VERT:
-0.51810 1.06495 0.05896
0.11891 -0.11502 0.98622
0.35930 0.87643
thumb_01_r 0.50000 thumb_02_r 0.50000

VERT:
-0.56983 1.07227 0.06606
0.11891 -0.11502 0.98622
0.35678 0.91039
index_01_r 1.00000

VERT:
-0.56983 1.07227 0.06606
0.18674 0.50097 0.84508
0.35678 0.91039
index_01_r 1.00000

VERT:
-0.51810 1.06495 0.05896
0.18674 0.50097 0.84508
0.35930 0.87643
thumb_01_r 0.50000 thumb_02_r 0.50000

VERT:
-0.50893 1.08867 0.04288
0.18674 0.50097 0.84508
0.34279 0.87319
thumb_01_r 1.00000

VERT:
-0.52837 1.10935 0.02421
0.22336 0.76042 0.60981
0.32688 0.88053
hand_r 1.00000

VERT:
-0.50893 1.08867 0.04288
0.22336 0.76042 0.60981
0.34279 0.87319
thumb_01_r 1.00000

VERT:
-0.51390 1.12081 0.00462
0.22336 0.76042 0.60981
0.31726 0.87021
forearm_r 1.00000

VERT:
-0.57224 1.10447 -0.02525
-0.65018 0.31232 -0.69262
0.29652 0.90494
hand_r 0.91944 fingers_01_r 0.08056

VERT:
-0.54492 1.10407 -0.05107
-0.65018 0.31232 -0.69262
0.27848 0.89754
hand_r 1.00000

VERT:
-0.55980 1.08297 -0.04662
-0.65018 0.31232 -0.69262
0.28046 0.91081
hand_r 0.88452 fingers_01_r 0.11548

VERT:
-0.55130 1.13106 -0.03034
-0.64998 0.73911 0.17677
0.29305 0.88764
forearm_r 1.00000

VERT:
-0.55240 1.11886 0.01663
-0.64998 0.73911 0.17677
0.31794 0.89128
hand_r 0.98593 index_01_r 0.01407

VERT:
-0.53764 1.13774 -0.00807
-0.64998 0.73911 0.17677
0.30424 0.87969
hand_r 1.00000

VERT:
-0.52837 1.10935 0.02421
0.04250 0.68596 0.72640
0.32688 0.88053
hand_r 1.00000

VERT:
-0.55240 1.11886 0.01663
0.04250 0.68596 0.72640
0.31794 0.89128
hand_r 0.98593 index_01_r 0.01407

VERT:
-0.56890 1.08842 0.04635
0.04250 0.68596 0.72640
0.34062 0.90795
index_01_r 0.74182 hand_r 0.25818

VERT:
-0.58580 1.08622 0.02684
-0.80472 0.59365 -0.00158
0.32763 0.91752
hand_r 0.95287 fingers_01_r 0.04713

VERT:
-0.57224 1.10447 -0.02525
-0.80472 0.59365 -0.00158
0.29652 0.90494
hand_r 0.91944 fingers_01_r 0.08056

VERT:
-0.59205 1.07769 0.00422
-0.80472 0.59365 -0.00158
0.31302 0.92357
hand_r 0.85439 fingers_01_r 0.14561

VERT:
-0.59363 1.07038 -0.02174
-0.63570 0.32721 -0.69916
0.29772 0.92676
fingers_01_r 0.62171 hand_r 0.37829

VERT:
-0.57224 1.10447 -0.02525
-0.63570 0.32721 -0.69916
0.29652 0.90494
hand_r 0.91944 fingers_01_r 0.08056

VERT:
-0.55980 1.08297 -0.04662
-0.63570 0.32721 -0.69916
0.28046 0.91081
hand_r 0.88452 fingers_01_r 0.11548

VERT:
-0.59205 1.07769 0.00422
-0.84750 0.52217 -0.09529
0.31302 0.92357
hand_r 0.85439 fingers_01_r 0.14561

VERT:
-0.57224 1.10447 -0.02525
-0.84750 0.52217 -0.09529
0.29652 0.90494
hand_r 0.91944 fingers_01_r 0.08056

VERT:
-0.59363 1.07038 -0.02174
-0.84750 0.52217 -0.09529
0.29772 0.92676
fingers_01_r 0.62171 hand_r 0.37829

VERT:
-0.59363 1.07038 -0.02174
-0.63226 0.44130 -0.63678
0.29772 0.92676
fingers_01_r 0.62171 hand_r 0.37829

VERT:
-0.55980 1.08297 -0.04662
-0.63226 0.44130 -0.63678
0.28046 0.91081
hand_r 0.88452 fingers_01_r 0.11548

VERT:
-0.60497 1.04960 -0.02490
-0.63226 0.44130 -0.63678
0.29490 0.93912
fingers_01_r 0.82496 hand_r 0.17504

VERT:
-0.55980 1.08297 -0.04662
-0.15029 -0.38836 -0.90917
0.28046 0.91081
hand_r 0.88452 fingers_01_r 0.11548

VERT:
-0.58780 1.03484 -0.02143
-0.15029 -0.38836 -0.90917
0.28368 0.94360
fingers_01_r 0.82834 hand_r 0.17166

VERT:
-0.60497 1.04960 -0.02490
-0.15029 -0.38836 -0.90917
0.29490 0.93912
fingers_01_r 0.82496 hand_r 0.17504

VERT:
-0.62314 1.01860 -0.01095
-0.07214 -0.37007 -0.92620
0.29888 0.95829
fingers_01_r 0.60485 fingers_02_r 0.37266 fingers_03_r 0.02249

VERT:
-0.61358 0.99629 -0.00278
-0.07214 -0.37007 -0.92620
0.29223 0.97034
fingers_02_r 0.69232 fingers_03_r 0.30768

VERT:
-0.62989 0.99384 -0.00053
-0.07214 -0.37007 -0.92620
0.30093 0.97157
fingers_02_r 0.50000 fingers_03_r 0.50000

VERT:
-0.60758 0.97020 0.00790
0.94230 0.13407 0.30673
0.53699 0.07939
fingers_03_r 0.75760 fingers_02_r 0.24240

VERT:
-0.61635 1.00005 0.02181
0.94230 0.13407 0.30673
0.52145 0.08830
fingers_02_r 0.74791 fingers_03_r 0.25209

VERT:
-0.61591 0.97337 0.03213
0.94230 0.13407 0.30673
0.53578 0.09289
fingers_03_r 0.86329 fingers_02_r 0.12156 fingers_01_r 0.01514

VERT:
-0.60038 1.07027 0.03918
-0.83021 0.55215 -0.07669
0.33412 0.93330
fingers_01_r 0.51686 hand_r 0.48314

VERT:
-0.60317 1.06439 0.02710
-0.83021 0.55215 -0.07669
0.32543 0.93573
fingers_01_r 0.72584 hand_r 0.27416

VERT:
-0.62423 1.03524 0.04520
-0.83021 0.55215 -0.07669
0.32920 0.95890
fingers_01_r 0.49070 fingers_02_r 0.48529 fingers_03_r 0.02401

VERT:
-0.60038 1.07027 0.03918
-0.77762 0.61709 -0.12047
0.33412 0.93330
fingers_01_r 0.51686 hand_r 0.48314

VERT:
-0.58580 1.08622 0.02684
-0.77762 0.61709 -0.12047
0.32763 0.91752
hand_r 0.95287 fingers_01_r 0.04713

VERT:
-0.60317 1.06439 0.02710
-0.77762 0.61709 -0.12047
0.32543 0.93573
fingers_01_r 0.72584 hand_r 0.27416

VERT:
-0.58580 1.08622 0.02684
-0.78258 0.62228 -0.01851
0.32763 0.91752
hand_r 0.95287 fingers_01_r 0.04713

VERT:
-0.59205 1.07769 0.00422
-0.78258 0.62228 -0.01851
0.31302 0.92357
hand_r 0.85439 fingers_01_r 0.14561

VERT:
-0.60317 1.06439 0.02710
-0.78258 0.62228 -0.01851
0.32543 0.93573
fingers_01_r 0.72584 hand_r 0.27416

VERT:
-0.59205 1.07769 0.00422
-0.74253 0.66922 0.02824
0.31302 0.92357
hand_r 0.85439 fingers_01_r 0.14561

VERT:
-0.60671 1.06101 0.01393
-0.74253 0.66922 0.02824
0.31714 0.93711
fingers_01_r 0.90335 hand_r 0.09665

VERT:
-0.60317 1.06439 0.02710
-0.74253 0.66922 0.02824
0.32543 0.93573
fingers_01_r 0.72584 hand_r 0.27416

VERT:
-0.60317 1.06439 0.02710
-0.79204 0.60778 0.05729
0.32543 0.93573
fingers_01_r 0.72584 hand_r 0.27416

VERT:
-0.60671 1.06101 0.01393
-0.79204 0.60778 0.05729
0.31714 0.93711
fingers_01_r 0.90335 hand_r 0.09665

VERT:
-0.62423 1.03524 0.04520
-0.79204 0.60778 0.05729
0.32920 0.95890
fingers_01_r 0.49070 fingers_02_r 0.48529 fingers_03_r 0.02401

VERT:
-0.60671 1.06101 0.01393
-0.88330 0.45279 -0.12154
0.31714 0.93711
fingers_01_r 0.90335 hand_r 0.09665

VERT:
-0.62448 1.02665 0.01500
-0.88330 0.45279 -0.12154
0.31297 0.95812
fingers_01_r 0.64255 fingers_02_r 0.35745

VERT:
-0.62423 1.03524 0.04520
-0.88330 0.45279 -0.12154
0.32920 0.95890
fingers_01_r 0.49070 fingers_02_r 0.48529 fingers_03_r 0.02401

VERT:
-0.63551 1.00904 0.05784
-0.95937 -0.05833 -0.27606
0.33041 0.97430
fingers_02_r 0.50000 fingers_03_r 0.50000

VERT:
-0.62621 0.97230 0.03330
-0.95937 -0.05833 -0.27606
0.31256 0.98867
fingers_03_r 0.91611 fingers_02_r 0.08389

VERT:
-0.63626 0.97945 0.06670
-0.95937 -0.05833 -0.27606
0.33100 0.98926
fingers_03_r 0.79044 fingers_02_r 0.20956

VERT:
-0.63232 1.00087 0.02544
-0.93158 -0.26699 -0.24672
0.31399 0.97301
fingers_02_r 0.50000 fingers_03_r 0.50000

VERT:
-0.61816 0.96760 0.00798
-0.93158 -0.26699 -0.24672
0.29788 0.98700
fingers_03_r 0.79103 fingers_02_r 0.20897

VERT:
-0.62621 0.97230 0.03330
-0.93158 -0.26699 -0.24672
0.31256 0.98867
fingers_03_r 0.91611 fingers_02_r 0.08389

VERT:
-0.60431 1.02953 0.06300
0.86207 -0.48869 -0.13422
0.50469 0.11003
fingers_01_r 0.48169 fingers_02_r 0.39798 fingers_03_r 0.07186 index_01_r 0.04847

VERT:
-0.62062 1.00355 0.05286
0.86207 -0.48869 -0.13422
0.52062 0.10473
fingers_03_r 0.54810 fingers_02_r 0.45190

VERT:
-0.61000 1.02537 0.04160
0.86207 -0.48869 -0.13422
0.50820 0.09889
fingers_01_r 0.59189 fingers_02_r 0.36336 fingers_03_r 0.04475

VERT:
-0.62448 1.02665 0.01500
-0.88305 0.45258 -0.12402
0.31297 0.95812
fingers_01_r 0.64255 fingers_02_r 0.35745

VERT:
-0.60671 1.06101 0.01393
-0.88305 0.45258 -0.12402
0.31714 0.93711
fingers_01_r 0.90335 hand_r 0.09665

VERT:
-0.60671 1.05725 0.00017
-0.88305 0.45258 -0.12402
0.30911 0.93767
fingers_01_r 0.87979 hand_r 0.12021

VERT:
-0.60671 1.06101 0.01393
-0.78612 0.59615 -0.16316
0.31714 0.93711
fingers_01_r 0.90335 hand_r 0.09665

VERT:
-0.59205 1.07769 0.00422
-0.78612 0.59615 -0.16316
0.31302 0.92357
hand_r 0.85439 fingers_01_r 0.14561

VERT:
-0.60671 1.05725 0.00017
-0.78612 0.59615 -0.16316
0.30911 0.93767
fingers_01_r 0.87979 hand_r 0.12021

VERT:
-0.60671 1.05725 0.00017
-0.79559 0.59410 -0.11868
0.30911 0.93767
fingers_01_r 0.87979 hand_r 0.12021

VERT:
-0.59205 1.07769 0.00422
-0.79559 0.59410 -0.11868
0.31302 0.92357
hand_r 0.85439 fingers_01_r 0.14561

VERT:
-0.59363 1.07038 -0.02174
-0.79559 0.59410 -0.11868
0.29772 0.92676
fingers_01_r 0.62171 hand_r 0.37829

VERT:
-0.59363 1.07038 -0.02174
-0.73908 0.67255 -0.03795
0.29772 0.92676
fingers_01_r 0.62171 hand_r 0.37829

VERT:
-0.60976 1.05307 -0.01454
-0.73908 0.67255 -0.03795
0.30103 0.93948
fingers_01_r 0.85854 hand_r 0.14146

VERT:
-0.60671 1.05725 0.00017
-0.73908 0.67255 -0.03795
0.30911 0.93767
fingers_01_r 0.87979 hand_r 0.12021

VERT:
-0.60671 1.05725 0.00017
-0.85757 0.51337 0.03195
0.30911 0.93767
fingers_01_r 0.87979 hand_r 0.12021

VERT:
-0.60976 1.05307 -0.01454
-0.85757 0.51337 0.03195
0.30103 0.93948
fingers_01_r 0.85854 hand_r 0.14146

VERT:
-0.62448 1.02665 0.01500
-0.85757 0.51337 0.03195
0.31297 0.95812
fingers_01_r 0.64255 fingers_02_r 0.35745

VERT:
-0.60976 1.05307 -0.01454
-0.92637 0.34361 -0.15419
0.30103 0.93948
fingers_01_r 0.85854 hand_r 0.14146

VERT:
-0.62314 1.01860 -0.01095
-0.92637 0.34361 -0.15419
0.29888 0.95829
fingers_01_r 0.60485 fingers_02_r 0.37266 fingers_03_r 0.02249

VERT:
-0.62448 1.02665 0.01500
-0.92637 0.34361 -0.15419
0.31297 0.95812
fingers_01_r 0.64255 fingers_02_r 0.35745

VERT:
-0.62448 1.02665 0.01500
-0.96106 0.23067 -0.15219
0.31297 0.95812
fingers_01_r 0.64255 fingers_02_r 0.35745

VERT:
-0.62989 0.99384 -0.00053
-0.96106 0.23067 -0.15219
0.30093 0.97157
fingers_02_r 0.50000 fingers_03_r 0.50000

VERT:
-0.63232 1.00087 0.02544
-0.96106 0.23067 -0.15219
0.31399 0.97301
fingers_02_r 0.50000 fingers_03_r 0.50000

VERT:
-0.62621 0.97230 0.03330
-0.05178 -0.97966 0.19388
0.31256 0.98867
fingers_03_r 0.91611 fingers_02_r 0.08389

VERT:
-0.62636 0.97859 0.06504
-0.05178 -0.97966 0.19388
0.32917 0.99412
fingers_03_r 0.77012 fingers_02_r 0.22988

VERT:
-0.63626 0.97945 0.06670
-0.05178 -0.97966 0.19388
0.33100 0.98926
fingers_03_r 0.79044 fingers_02_r 0.20956

VERT:
-0.62482 0.98328 0.08479
-0.04432 -0.97120 0.23409
0.34038 0.99566
fingers_03_r 0.81464 fingers_02_r 0.18536

VERT:
-0.63626 0.97945 0.06670
-0.04432 -0.97120 0.23409
0.33100 0.98926
fingers_03_r 0.79044 fingers_02_r 0.20956

VERT:
-0.62636 0.97859 0.06504
-0.04432 -0.97120 0.23409
0.32917 0.99412
fingers_03_r 0.77012 fingers_02_r 0.22988

VERT:
-0.62314 1.01860 -0.01095
-0.83443 0.27415 -0.47809
0.29888 0.95829
fingers_01_r 0.60485 fingers_02_r 0.37266 fingers_03_r 0.02249

VERT:
-0.60976 1.05307 -0.01454
-0.83443 0.27415 -0.47809
0.30103 0.93948
fingers_01_r 0.85854 hand_r 0.14146

VERT:
-0.60497 1.04960 -0.02490
-0.83443 0.27415 -0.47809
0.29490 0.93912
fingers_01_r 0.82496 hand_r 0.17504

VERT:
-0.60976 1.05307 -0.01454
-0.72875 0.47249 -0.49566
0.30103 0.93948
fingers_01_r 0.85854 hand_r 0.14146

VERT:
-0.59363 1.07038 -0.02174
-0.72875 0.47249 -0.49566
0.29772 0.92676
fingers_01_r 0.62171 hand_r 0.37829

VERT:
-0.60497 1.04960 -0.02490
-0.72875 0.47249 -0.49566
0.29490 0.93912
fingers_01_r 0.82496 hand_r 0.17504

VERT:
-0.52109 1.02147 0.05527
0.70045 -0.60669 -0.37589
0.37421 0.84990
thumb_02_r 0.50000 thumb_03_r 0.50000

VERT:
-0.49762 1.05303 0.04807
0.70045 -0.60669 -0.37589
0.35709 0.86106
thumb_01_r 0.50000 thumb_02_r 0.50000

VERT:
-0.51220 1.02170 0.07148
0.70045 -0.60669 -0.37589
0.37708 0.85845
thumb_02_r 0.50000 thumb_03_r 0.50000

VERT:
-0.48924 1.07397 0.02518
0.74560 0.55472 0.36928
0.34228 0.85932
thumb_01_r 0.75681 hand_r 0.12989 thumb_02_r 0.11329

VERT:
-0.51390 1.12081 0.00462
0.74560 0.55472 0.36928
0.31726 0.87021
forearm_r 1.00000

VERT:
-0.50893 1.08867 0.04288
0.74560 0.55472 0.36928
0.34279 0.87319
thumb_01_r 1.00000

VERT:
-0.51810 1.06495 0.05896
-0.82293 0.49048 0.28673
0.35930 0.87643
thumb_01_r 0.50000 thumb_02_r 0.50000

VERT:
-0.53697 1.03252 0.06025
-0.82293 0.49048 0.28673
0.38223 0.87618
thumb_02_r 0.50000 thumb_03_r 0.50000

VERT:
-0.53034 1.03403 0.07671
-0.82293 0.49048 0.28673
0.37975 0.86802
thumb_02_r 0.50000 thumb_03_r 0.50000

VERT:
-0.53697 1.03252 0.06025
-0.56541 -0.52646 -0.63494
0.46227 0.11381
thumb_02_r 0.50000 thumb_03_r 0.50000

VERT:
-0.51623 1.04334 0.03281
-0.56541 -0.52646 -0.63494
0.45049 0.09831
thumb_01_r 0.49369 thumb_02_r 0.49369 hand_r 0.01261

VERT:
-0.52109 1.02147 0.05527
-0.56541 -0.52646 -0.63494
0.45160 0.11540
thumb_02_r 0.50000 thumb_03_r 0.50000

VERT:
-0.50988 1.09150 -0.02741
0.71558 -0.52835 -0.45694
0.31697 0.84606
forearm_r 1.00000

VERT:
-0.48924 1.07397 0.02518
0.71558 -0.52835 -0.45694
0.34228 0.85932
thumb_01_r 0.75681 hand_r 0.12989 thumb_02_r 0.11329

VERT:
-0.50609 1.06567 0.00840
0.71558 -0.52835 -0.45694
0.33990 0.84800
thumb_01_r 0.61295 hand_r 0.27044 thumb_02_r 0.11661

VERT:
-0.53697 1.03252 0.06025
-0.84911 0.43297 0.30256
0.38223 0.87618
thumb_02_r 0.50000 thumb_03_r 0.50000

VERT:
-0.54368 1.00265 0.08416
-0.84911 0.43297 0.30256
0.39516 0.86216
thumb_03_r 0.92814 thumb_02_r 0.07186

VERT:
-0.53034 1.03403 0.07671
-0.84911 0.43297 0.30256
0.37975 0.86802
thumb_02_r 0.50000 thumb_03_r 0.50000

VERT:
-0.51220 1.02170 0.07148
0.44905 0.30431 0.84009
0.37708 0.85845
thumb_02_r 0.50000 thumb_03_r 0.50000

VERT:
-0.51810 1.06495 0.05896
0.44905 0.30431 0.84009
0.35930 0.87643
thumb_01_r 0.50000 thumb_02_r 0.50000

VERT:
-0.53034 1.03403 0.07671
0.44905 0.30431 0.84009
0.37975 0.86802
thumb_02_r 0.50000 thumb_03_r 0.50000

VERT:
-0.53220 0.99483 0.08171
0.27783 0.10864 0.95447
0.39350 0.85518
thumb_03_r 1.00000

VERT:
-0.53034 1.03403 0.07671
0.27783 0.10864 0.95447
0.37975 0.86802
thumb_02_r 0.50000 thumb_03_r 0.50000

VERT:
-0.54368 1.00265 0.08416
0.27783 0.10864 0.95447
0.39516 0.86216
thumb_03_r 0.92814 thumb_02_r 0.07186

VERT:
-0.51623 1.04334 0.03281
0.64939 -0.66437 -0.37001
0.35789 0.84762
thumb_01_r 0.49369 thumb_02_r 0.49369 hand_r 0.01261

VERT:
-0.48924 1.07397 0.02518
0.64939 -0.66437 -0.37001
0.34228 0.85932
thumb_01_r 0.75681 hand_r 0.12989 thumb_02_r 0.11329

VERT:
-0.49762 1.05303 0.04807
0.64939 -0.66437 -0.37001
0.35709 0.86106
thumb_01_r 0.50000 thumb_02_r 0.50000

VERT:
-0.49762 1.05303 0.04807
0.57661 0.29416 0.76223
0.35709 0.86106
thumb_01_r 0.50000 thumb_02_r 0.50000

VERT:
-0.50893 1.08867 0.04288
0.57661 0.29416 0.76223
0.34279 0.87319
thumb_01_r 1.00000

VERT:
-0.51810 1.06495 0.05896
0.57661 0.29416 0.76223
0.35930 0.87643
thumb_01_r 0.50000 thumb_02_r 0.50000

VERT:
-0.61816 0.96760 0.00798
0.08183 -0.36140 -0.92881
0.29788 0.98700
fingers_03_r 0.79103 fingers_02_r 0.20897

VERT:
-0.61358 0.99629 -0.00278
0.08183 -0.36140 -0.92881
0.29223 0.97034
fingers_02_r 0.69232 fingers_03_r 0.30768

VERT:
-0.60758 0.97020 0.00790
0.08183 -0.36140 -0.92881
0.29170 0.98670
fingers_03_r 0.75760 fingers_02_r 0.24240

VERT:
-0.61816 0.96760 0.00798
0.12469 -0.96766 0.21928
0.29788 0.98700
fingers_03_r 0.79103 fingers_02_r 0.20897

VERT:
-0.61591 0.97337 0.03213
0.12469 -0.96766 0.21928
0.31004 0.99377
fingers_03_r 0.86329 fingers_02_r 0.12156 fingers_01_r 0.01514

VERT:
-0.62621 0.97230 0.03330
0.12469 -0.96766 0.21928
0.31256 0.98867
fingers_03_r 0.91611 fingers_02_r 0.08389

VERT:
-0.60497 1.04960 -0.02490
-0.10001 -0.35906 -0.92794
0.29490 0.93912
fingers_01_r 0.82496 hand_r 0.17504

VERT:
-0.60682 1.01160 -0.01000
-0.10001 -0.35906 -0.92794
0.28961 0.96022
fingers_01_r 0.58066 fingers_02_r 0.37411 fingers_03_r 0.04524

VERT:
-0.62314 1.01860 -0.01095
-0.10001 -0.35906 -0.92794
0.29888 0.95829
fingers_01_r 0.60485 fingers_02_r 0.37266 fingers_03_r 0.02249

VERT:
-0.51390 1.12081 0.00462
0.13834 0.80695 0.57419
0.31726 0.87021
forearm_r 1.00000

VERT:
-0.55240 1.11886 0.01663
0.13834 0.80695 0.57419
0.31794 0.89128
hand_r 0.98593 index_01_r 0.01407

VERT:
-0.52837 1.10935 0.02421
0.13834 0.80695 0.57419
0.32688 0.88053
hand_r 1.00000

VERT:
-0.53852 0.99317 0.06982
0.71173 -0.63999 -0.28959
0.39271 0.84806
thumb_03_r 1.00000

VERT:
-0.51220 1.02170 0.07148
0.71173 -0.63999 -0.28959
0.37708 0.85845
thumb_02_r 0.50000 thumb_03_r 0.50000

VERT:
-0.53220 0.99483 0.08171
0.71173 -0.63999 -0.28959
0.39350 0.85518
thumb_03_r 1.00000

VERT:
-0.50988 1.09150 -0.02741
0.89920 0.37299 -0.22873
0.31697 0.84606
forearm_r 1.00000

VERT:
-0.51390 1.12081 0.00462
0.89920 0.37299 -0.22873
0.31726 0.87021
forearm_r 1.00000

VERT:
-0.48924 1.07397 0.02518
0.89920 0.37299 -0.22873
0.34228 0.85932
thumb_01_r 0.75681 hand_r 0.12989 thumb_02_r 0.11329

VERT:
-0.56890 1.08842 0.04635
-0.56885 0.71130 0.41287
0.34062 0.90795
index_01_r 0.74182 hand_r 0.25818

VERT:
-0.55240 1.11886 0.01663
-0.56885 0.71130 0.41287
0.31794 0.89128
hand_r 0.98593 index_01_r 0.01407

VERT:
-0.58580 1.08622 0.02684
-0.56885 0.71130 0.41287
0.32763 0.91752
hand_r 0.95287 fingers_01_r 0.04713

VERT:
-0.53402 1.05330 0.04266
-0.01664 -0.96319 -0.26831
0.46269 0.09903
thumb_01_r 0.48610 thumb_02_r 0.48610 hand_r 0.02780

VERT:
-0.57863 1.05315 0.04597
-0.01664 -0.96319 -0.26831
0.48641 0.10095
fingers_01_r 0.63723 hand_r 0.36277

VERT:
-0.53274 1.06391 0.00449
-0.01664 -0.96319 -0.26831
0.46142 0.07706
hand_r 0.51592 thumb_01_r 0.38421 fingers_01_r 0.05647 thumb_02_r 0.04340

VERT:
-0.57863 1.05315 0.04597
0.36858 -0.91380 0.17066
0.48641 0.10095
fingers_01_r 0.63723 hand_r 0.36277

VERT:
-0.58621 1.04612 0.02470
0.36858 -0.91380 0.17066
0.49199 0.08972
fingers_01_r 0.78602 index_01_r 0.12112 hand_r 0.09285

VERT:
-0.53274 1.06391 0.00449
0.36858 -0.91380 0.17066
0.46142 0.07706
hand_r 0.51592 thumb_01_r 0.38421 fingers_01_r 0.05647 thumb_02_r 0.04340

VERT:
-0.52837 1.10935 0.02421
0.07715 0.70708 0.70291
0.32688 0.88053
hand_r 1.00000

VERT:
-0.56983 1.07227 0.06606
0.07715 0.70708 0.70291
0.35678 0.91039
index_01_r 1.00000

VERT:
-0.50893 1.08867 0.04288
0.07715 0.70708 0.70291
0.34279 0.87319
thumb_01_r 1.00000

VERT:
-0.56890 1.08842 0.04635
-0.05487 0.77371 0.63115
0.34062 0.90795
index_01_r 0.74182 hand_r 0.25818

VERT:
-0.56983 1.07227 0.06606
-0.05487 0.77371 0.63115
0.35678 0.91039
index_01_r 1.00000

VERT:
-0.52837 1.10935 0.02421
-0.05487 0.77371 0.63115
0.32688 0.88053
hand_r 1.00000

VERT:
-0.48924 1.07397 0.02518
0.75435 0.32279 0.57163
0.34228 0.85932
thumb_01_r 0.75681 hand_r 0.12989 thumb_02_r 0.11329

VERT:
-0.50893 1.08867 0.04288
0.75435 0.32279 0.57163
0.34279 0.87319
thumb_01_r 1.00000

VERT:
-0.49762 1.05303 0.04807
0.75435 0.32279 0.57163
0.35709 0.86106
thumb_01_r 0.50000 thumb_02_r 0.50000

VERT:
-0.49762 1.05303 0.04807
0.57779 0.29858 0.75961
0.35709 0.86106
thumb_01_r 0.50000 thumb_02_r 0.50000

VERT:
-0.51810 1.06495 0.05896
0.57779 0.29858 0.75961
0.35930 0.87643
thumb_01_r 0.50000 thumb_02_r 0.50000

VERT:
-0.51220 1.02170 0.07148
0.57779 0.29858 0.75961
0.37708 0.85845
thumb_02_r 0.50000 thumb_03_r 0.50000

VERT:
-0.51220 1.02170 0.07148
0.33968 0.10321 0.93486
0.37708 0.85845
thumb_02_r 0.50000 thumb_03_r 0.50000

VERT:
-0.53034 1.03403 0.07671
0.33968 0.10321 0.93486
0.37975 0.86802
thumb_02_r 0.50000 thumb_03_r 0.50000

VERT:
-0.53220 0.99483 0.08171
0.33968 0.10321 0.93486
0.39350 0.85518
thumb_03_r 1.00000

VERT:
-0.51623 1.04334 0.03281
-0.61088 -0.44116 -0.65742
0.45049 0.09831
thumb_01_r 0.49369 thumb_02_r 0.49369 hand_r 0.01261

VERT:
-0.53402 1.05330 0.04266
-0.61088 -0.44116 -0.65742
0.46269 0.09903
thumb_01_r 0.48610 thumb_02_r 0.48610 hand_r 0.02780

VERT:
-0.50609 1.06567 0.00840
-0.61088 -0.44116 -0.65742
0.44682 0.07999
thumb_01_r 0.61295 hand_r 0.27044 thumb_02_r 0.11661

VERT:
-0.54653 1.07301 -0.01901
0.29962 -0.81730 -0.49219
0.46720 0.06201
hand_r 0.83700 fingers_01_r 0.11424 thumb_01_r 0.04876

VERT:
-0.50988 1.09150 -0.02741
0.29962 -0.81730 -0.49219
0.44505 0.05657
forearm_r 1.00000

VERT:
-0.53274 1.06391 0.00449
0.29962 -0.81730 -0.49219
0.46142 0.07706
hand_r 0.51592 thumb_01_r 0.38421 fingers_01_r 0.05647 thumb_02_r 0.04340

VERT:
-0.53402 1.05330 0.04266
0.17879 -0.87467 0.45053
0.37233 0.88643
thumb_01_r 0.48610 thumb_02_r 0.48610 hand_r 0.02780

VERT:
-0.51810 1.06495 0.05896
0.17879 -0.87467 0.45053
0.35930 0.87643
thumb_01_r 0.50000 thumb_02_r 0.50000

VERT:
-0.56511 1.05783 0.06380
0.17879 -0.87467 0.45053
0.36434 0.90551
index_01_r 1.00000

VERT:
-0.56511 1.05783 0.06380
0.02108 -0.97074 0.23920
0.47912 0.11068
index_01_r 1.00000

VERT:
-0.57863 1.05315 0.04597
0.02108 -0.97074 0.23920
0.48641 0.10095
fingers_01_r 0.63723 hand_r 0.36277

VERT:
-0.53402 1.05330 0.04266
0.02108 -0.97074 0.23920
0.46269 0.09903
thumb_01_r 0.48610 thumb_02_r 0.48610 hand_r 0.02780

VERT:
-0.53764 1.13774 -0.00807
0.06732 0.94349 -0.32449
0.00458 0.81755
hand_r 1.00000

VERT:
-0.51933 1.12832 -0.03167
0.06732 0.94349 -0.32449
0.02039 0.81980
hand_r 1.00000

VERT:
-0.55130 1.13106 -0.03034
0.06732 0.94349 -0.32449
0.01472 0.80442
forearm_r 1.00000

VERT:
-0.50988 1.09150 -0.02741
0.96683 0.23684 -0.09565
0.03569 0.83212
forearm_r 1.00000

VERT:
-0.51933 1.12832 -0.03167
0.96683 0.23684 -0.09565
0.02039 0.81980
hand_r 1.00000

VERT:
-0.51390 1.12081 0.00462
0.96683 0.23684 -0.09565
0.01023 0.83612
forearm_r 1.00000

VERT:
-0.55130 1.13106 -0.03034
0.01955 0.61202 -0.79060
0.01472 0.80442
forearm_r 1.00000

VERT:
-0.51933 1.12832 -0.03167
0.01955 0.61202 -0.79060
0.02039 0.81980
hand_r 1.00000

VERT:
-0.54492 1.10407 -0.05107
0.01955 0.61202 -0.79060
0.03569 0.80592
hand_r 1.00000

VERT:
-0.51390 1.12081 0.00462
0.54562 0.83309 0.09091
0.01023 0.83612
forearm_r 1.00000

VERT:
-0.51933 1.12832 -0.03167
0.54562 0.83309 0.09091
0.02039 0.81980
hand_r 1.00000

VERT:
-0.53764 1.13774 -0.00807
0.54562 0.83309 0.09091
0.00458 0.81755
hand_r 1.00000

VERT:
-0.54492 1.10407 -0.05107
0.57167 0.05191 -0.81884
0.03569 0.80592
hand_r 1.00000

VERT:
-0.51933 1.12832 -0.03167
0.57167 0.05191 -0.81884
0.02039 0.81980
hand_r 1.00000

VERT:
-0.50988 1.09150 -0.02741
0.57167 0.05191 -0.81884
0.03569 0.83212
forearm_r 1.00000

VERT:
0.36089 1.24532 -0.08132
-0.69386 -0.48579 0.53156
0.87629 0.19047
forearm_l 0.99921 arm_l 0.00079

VERT:
0.50988 1.09150 -0.02741
-0.69386 -0.48579 0.53156
0.86512 0.31367
forearm_l 1.00000

VERT:
0.51390 1.12081 0.00462
-0.69386 -0.48579 0.53156
0.88791 0.31043
forearm_l 1.00000

VERT:
0.10167 0.92783 -0.16259
0.11511 -0.16054 -0.98029
0.65293 0.53791
pelvis 0.64754 thigh_l 0.32377 spine_01 0.02869

VERT:
0.11800 0.81821 -0.14272
0.11511 -0.16054 -0.98029
0.64571 0.59805
thigh_l 1.00000

VERT:
-0.00000 0.90014 -0.17000
0.11511 -0.16054 -0.98029
0.70720 0.54984
pelvis 0.46057 thigh_l 0.26971 thigh_r 0.26971 spine_01 0.00000

VERT:
-0.10167 0.92783 -0.16259
-0.11511 -0.16054 -0.98029
0.07232 0.53053
pelvis 0.64754 thigh_r 0.32377 spine_01 0.02869

VERT:
-0.00000 0.90014 -0.17000
-0.11511 -0.16054 -0.98029
0.01760 0.54022
pelvis 0.46057 thigh_l 0.26971 thigh_r 0.26971 spine_01 0.00000

VERT:
-0.11800 0.81821 -0.14272
-0.11511 -0.16054 -0.98029
0.07706 0.59091
thigh_r 1.00000

VERT:
0.21287 1.51300 -0.08034
0.09689 0.77497 0.62453
0.15284 0.26181
clavicle_l 0.50000 arm_l 0.50000

VERT:
0.07033 1.52643 -0.07489
0.09689 0.77497 0.62453
0.14173 0.33751
spine_02 0.33334 clavicle_l 0.33333 neck 0.33333

VERT:
0.10721 1.45381 0.00950
0.09689 0.77497 0.62453
0.20091 0.32624
spine_02 0.49131 clavicle_l 0.48129 spine_01 0.02740

VERT:
-0.07033 1.52643 -0.07489
-0.09689 0.77497 0.62453
0.14173 0.42032
spine_02 0.33334 neck 0.33333 clavicle_r 0.33333

VERT:
-0.21287 1.51300 -0.08034
-0.09689 0.77497 0.62453
0.15284 0.49602
clavicle_r 0.50000 arm_r 0.50000

VERT:
-0.10722 1.45381 0.00950
-0.09689 0.77497 0.62453
0.20091 0.43160
spine_02 0.49131 clavicle_r 0.48129 spine_01 0.02740

VERT:
0.19720 1.44368 -0.04037
0.48369 0.35254 0.80110
0.19473 0.27369
clavicle_l 0.47297 arm_l 0.47297 spine_02 0.05405

VERT:
0.21287 1.51300 -0.08034
0.48369 0.35254 0.80110
0.15284 0.26181
clavicle_l 0.50000 arm_l 0.50000

VERT:
0.10721 1.45381 0.00950
0.48369 0.35254 0.80110
0.20091 0.32624
spine_02 0.49131 clavicle_l 0.48129 spine_01 0.02740

VERT:
0.17601 0.09890 -0.11687
0.51742 0.24995 -0.81841
0.47861 0.16013
calf_l 0.64087 foot_l 0.35913

VERT:
0.20632 0.10165 -0.09687
0.51742 0.24995 -0.81841
0.47933 0.17964
calf_l 0.65232 foot_l 0.34768

VERT:
0.21716 -0.00044 -0.12119
0.51742 0.24995 -0.81841
0.53523 0.17111
foot_l 1.00000

VERT:
0.15873 0.02421 0.13667
-0.03551 0.02443 0.99907
0.91943 0.61760
toe_l 1.00000

VERT:
0.15883 -0.00044 0.13727
-0.03551 0.02443 0.99907
0.91940 0.63116
toe_l 1.00000

VERT:
0.21570 -0.00044 0.13929
-0.03551 0.02443 0.99907
0.95071 0.63137
toe_l 1.00000

VERT:
0.25327 0.02877 0.08768
0.79763 0.03772 0.60196
0.97374 0.60135
toe_l 1.00000

VERT:
0.21313 0.03493 0.14048
0.79763 0.03772 0.60196
0.94572 0.61456
toe_l 1.00000

VERT:
0.21570 -0.00044 0.13929
0.79763 0.03772 0.60196
0.95071 0.63137
toe_l 1.00000

VERT:
0.17601 0.09890 -0.11687
-0.51593 0.16555 -0.84048
0.06034 0.38107
calf_l 0.64087 foot_l 0.35913

VERT:
0.17601 -0.00044 -0.13644
-0.51593 0.16555 -0.84048
0.00776 0.36766
foot_l 1.00000

VERT:
0.13486 -0.00044 -0.11118
-0.51593 0.16555 -0.84048
0.00393 0.39325
foot_l 1.00000

VERT:
0.15873 0.02421 0.13667
-0.20459 0.93649 0.28484
0.91943 0.61760
toe_l 1.00000

VERT:
0.21313 0.03493 0.14048
-0.20459 0.93649 0.28484
0.94572 0.61456
toe_l 1.00000

VERT:
0.20245 0.05297 0.07349
-0.20459 0.93649 0.28484
0.94617 0.58236
foot_l 0.50000 toe_l 0.50000

VERT:
0.20632 0.10165 -0.09687
0.55281 -0.03798 -0.83244
0.57213 0.98905
calf_l 0.65232 foot_l 0.34768

VERT:
0.17601 0.09890 -0.11687
0.55281 -0.03798 -0.83244
0.59187 0.99200
calf_l 0.64087 foot_l 0.35913

VERT:
0.17147 0.34151 -0.13095
0.55281 -0.03798 -0.83244
0.60630 0.86892
calf_l 1.00000

VERT:
0.20632 0.10165 -0.09687
0.96775 0.11263 -0.22533
0.47933 0.17964
calf_l 0.65232 foot_l 0.34768

VERT:
0.21940 0.10002 -0.04150
0.96775 0.11263 -0.22533
0.47861 0.21013
calf_l 0.51087 foot_l 0.48913

VERT:
0.22958 -0.00044 -0.04798
0.96775 0.11263 -0.22533
0.53283 0.21084
foot_l 1.00000

VERT:
0.14824 0.10085 -0.03135
-0.98857 -0.14401 0.04467
0.49869 0.98753
calf_l 0.50375 foot_l 0.49625

VERT:
0.11416 0.33945 -0.01636
-0.98857 -0.14401 0.04467
0.47711 0.85950
calf_l 1.00000

VERT:
0.11114 0.33816 -0.08734
-0.98857 -0.14401 0.04467
0.43988 0.86935
calf_l 1.00000

VERT:
0.14455 -0.00044 -0.02006
-0.99869 0.03990 0.03188
0.00633 0.44230
foot_l 1.00000 calf_l 0.00000

VERT:
0.14824 0.10085 -0.03135
-0.99869 0.03990 0.03188
0.06034 0.43393
calf_l 0.50375 foot_l 0.49625

VERT:
0.14633 0.10025 -0.09031
-0.99869 0.03990 0.03188
0.05862 0.40236
calf_l 0.52305 foot_l 0.47695

VERT:
0.21940 0.10002 -0.04150
0.61497 -0.05430 0.78668
0.54163 0.98753
calf_l 0.51087 foot_l 0.48913

VERT:
0.23057 0.34935 -0.03303
0.61497 -0.05430 0.78668
0.54861 0.85800
calf_l 1.00000

VERT:
0.17952 0.34042 0.00626
0.61497 -0.05430 0.78668
0.51472 0.85831
calf_l 1.00000

VERT:
0.21940 0.10002 -0.04150
0.97306 -0.01142 -0.23026
0.54163 0.98753
calf_l 0.51087 foot_l 0.48913

VERT:
0.20632 0.10165 -0.09687
0.97306 -0.01142 -0.23026
0.57213 0.98905
calf_l 0.65232 foot_l 0.34768

VERT:
0.20894 0.34995 -0.09812
0.97306 -0.01142 -0.23026
0.58232 0.86258
calf_l 1.00000

VERT:
0.14824 0.10085 -0.03135
-0.33380 -0.10351 0.93694
0.49869 0.98753
calf_l 0.50375 foot_l 0.49625

VERT:
0.18793 0.09760 -0.01757
-0.33380 -0.10351 0.93694
0.52085 0.98805
calf_l 0.50112 foot_l 0.49888

VERT:
0.17952 0.34042 0.00626
-0.33380 -0.10351 0.93694
0.51472 0.85831
calf_l 1.00000

VERT:
0.14633 0.10025 -0.09031
-0.58133 -0.07590 -0.81012
0.61362 0.99416
calf_l 0.52305 foot_l 0.47695

VERT:
0.11114 0.33816 -0.08734
-0.58133 -0.07590 -0.81012
0.64404 0.86977
calf_l 1.00000

VERT:
0.17147 0.34151 -0.13095
-0.58133 -0.07590 -0.81012
0.60630 0.86892
calf_l 1.00000

VERT:
0.08667 0.51407 0.02245
-0.32963 -0.11455 0.93714
0.47131 0.76189
thigh_l 0.50000 calf_l 0.50000

VERT:
0.15309 0.51508 0.04593
-0.32963 -0.11455 0.93714
0.50904 0.76140
thigh_l 0.50018 calf_l 0.49982

VERT:
0.12314 0.81339 0.07186
-0.32963 -0.11455 0.93714
0.49638 0.60447
thigh_l 1.00000

VERT:
0.11416 0.33945 -0.01636
-0.98594 -0.16318 0.03604
0.47711 0.85950
calf_l 1.00000

VERT:
0.08667 0.51407 0.02245
-0.98594 -0.16318 0.03604
0.47131 0.76189
thigh_l 0.50000 calf_l 0.50000

VERT:
0.08707 0.49505 -0.05275
-0.98594 -0.16318 0.03604
0.43522 0.78143
calf_l 1.00000 thigh_l 0.00000

VERT:
0.14357 0.53250 -0.09307
-0.53664 -0.22365 -0.81363
0.61581 0.76054
thigh_l 0.96384 calf_l 0.03616

VERT:
0.08085 0.53046 -0.05113
-0.53664 -0.22365 -0.81363
0.65931 0.76395
thigh_l 0.93061 calf_l 0.06939

VERT:
0.02327 0.79368 -0.08551
-0.53664 -0.22365 -0.81363
0.70082 0.62225
thigh_l 1.00000

VERT:
0.20484 0.52413 0.00662
0.48005 -0.06174 0.87506
0.54532 0.76088
thigh_l 0.50000 calf_l 0.50000

VERT:
0.19748 0.83455 0.03257
0.48005 -0.06174 0.87506
0.53887 0.59506
thigh_l 0.80000 pelvis 0.20000

VERT:
0.12314 0.81339 0.07186
0.48005 -0.06174 0.87506
0.49638 0.60447
thigh_l 1.00000

VERT:
0.18268 0.54279 -0.05810
0.67481 -0.06734 -0.73491
0.58534 0.75380
thigh_l 1.00000

VERT:
0.14357 0.53250 -0.09307
0.67481 -0.06734 -0.73491
0.61581 0.76054
thigh_l 0.96384 calf_l 0.03616

VERT:
0.11800 0.81821 -0.14272
0.67481 -0.06734 -0.73491
0.64571 0.59805
thigh_l 1.00000

VERT:
0.11114 0.33816 -0.08734
-0.56496 0.09409 -0.81974
0.64404 0.86977
calf_l 1.00000

VERT:
0.08707 0.49505 -0.05275
-0.56496 0.09409 -0.81974
0.65547 0.78266
calf_l 1.00000 thigh_l 0.00000

VERT:
0.14752 0.49701 -0.09418
-0.56496 0.09409 -0.81974
0.61352 0.78179
calf_l 0.99866 thigh_l 0.00134

VERT:
0.17952 0.34042 0.00626
0.61710 -0.08660 0.78211
0.51472 0.85831
calf_l 1.00000

VERT:
0.23057 0.34935 -0.03303
0.61710 -0.08660 0.78211
0.54861 0.85800
calf_l 1.00000

VERT:
0.20484 0.52413 0.00662
0.61710 -0.08660 0.78211
0.54532 0.76088
thigh_l 0.50000 calf_l 0.50000

VERT:
0.20894 0.34995 -0.09812
0.59940 0.27045 -0.75338
0.58232 0.86258
calf_l 1.00000

VERT:
0.17147 0.34151 -0.13095
0.59940 0.27045 -0.75338
0.60630 0.86892
calf_l 1.00000

VERT:
0.14752 0.49701 -0.09418
0.59940 0.27045 -0.75338
0.61352 0.78179
calf_l 0.99866 thigh_l 0.00134

VERT:
0.18268 0.54279 -0.05810
0.99741 -0.03030 -0.06524
0.58534 0.75380
thigh_l 1.00000

VERT:
0.19045 0.83054 -0.07302
0.99741 -0.03030 -0.06524
0.59204 0.59480
thigh_l 0.80000 pelvis 0.20000

VERT:
0.19748 0.83455 0.03257
0.99741 -0.03030 -0.06524
0.53887 0.59506
thigh_l 0.80000 pelvis 0.20000

VERT:
0.11416 0.33945 -0.01636
-0.31287 -0.25515 0.91488
0.47711 0.85950
calf_l 1.00000

VERT:
0.17952 0.34042 0.00626
-0.31287 -0.25515 0.91488
0.51472 0.85831
calf_l 1.00000

VERT:
0.15309 0.51508 0.04593
-0.31287 -0.25515 0.91488
0.50904 0.76140
thigh_l 0.50018 calf_l 0.49982

VERT:
0.23057 0.34935 -0.03303
0.92719 0.21576 -0.30620
0.54861 0.85800
calf_l 1.00000

VERT:
0.20894 0.34995 -0.09812
0.92719 0.21576 -0.30620
0.58232 0.86258
calf_l 1.00000

VERT:
0.18459 0.50681 -0.06131
0.92719 0.21576 -0.30620
0.58482 0.77466
calf_l 0.99372 thigh_l 0.00628

VERT:
0.02327 0.79368 -0.08551
-0.91543 -0.40105 0.03384
0.38145 0.62341
thigh_l 1.00000

VERT:
0.02593 0.79657 0.02064
-0.91543 -0.40105 0.03384
0.43790 0.60992
thigh_l 1.00000

VERT:
-0.00000 0.85518 0.01392
-0.91543 -0.40105 0.03384
0.42673 0.57622
pelvis 0.73096 thigh_l 0.13452 thigh_r 0.13452

VERT:
0.19045 0.83054 -0.07302
0.97847 0.17338 -0.11195
0.59204 0.59480
thigh_l 0.80000 pelvis 0.20000

VERT:
0.16957 0.94113 -0.08421
0.97847 0.17338 -0.11195
0.59742 0.53614
thigh_l 0.50049 pelvis 0.49951

VERT:
0.17937 0.95314 0.02004
0.97847 0.17338 -0.11195
0.54043 0.53238
thigh_l 0.50757 pelvis 0.49243

VERT:
0.11800 0.81821 -0.14272
0.75632 -0.00589 -0.65417
0.64571 0.59805
thigh_l 1.00000

VERT:
0.10167 0.92783 -0.16259
0.75632 -0.00589 -0.65417
0.65293 0.53791
pelvis 0.64754 thigh_l 0.32377 spine_01 0.02869

VERT:
0.16957 0.94113 -0.08421
0.75632 -0.00589 -0.65417
0.59742 0.53614
thigh_l 0.50049 pelvis 0.49951

VERT:
0.17937 0.95314 0.02004
0.96562 0.23190 -0.11748
0.47778 0.27809
thigh_l 0.50757 pelvis 0.49243

VERT:
0.16957 0.94113 -0.08421
0.96562 0.23190 -0.11748
0.46900 0.22281
thigh_l 0.50049 pelvis 0.49951

VERT:
0.15442 1.00422 -0.08417
0.96562 0.23190 -0.11748
0.43560 0.23125
pelvis 0.66440 thigh_l 0.32873 spine_02 0.00687

VERT:
0.08265 0.91851 0.05694
-0.41245 -0.07829 0.90761
0.48140 0.54626
thigh_l 0.50008 pelvis 0.49992

VERT:
-0.00000 0.85518 0.01392
-0.41245 -0.07829 0.90761
0.42673 0.57622
pelvis 0.73096 thigh_l 0.13452 thigh_r 0.13452

VERT:
0.02593 0.79657 0.02064
-0.41245 -0.07829 0.90761
0.43790 0.60992
thigh_l 1.00000

VERT:
0.17937 0.95314 0.02004
0.35979 0.21254 0.90850
0.47778 0.27809
thigh_l 0.50757 pelvis 0.49243

VERT:
0.16191 1.00860 0.01398
0.35979 0.21254 0.90850
0.44657 0.28304
pelvis 0.99335 spine_02 0.00665

VERT:
0.07955 0.97331 0.05485
0.35979 0.21254 0.90850
0.46381 0.33481
pelvis 1.00000

VERT:
0.08265 0.91851 0.05694
0.38724 0.27408 0.88030
0.48140 0.54626
thigh_l 0.50008 pelvis 0.49992

VERT:
0.12314 0.81339 0.07186
0.38724 0.27408 0.88030
0.49638 0.60447
thigh_l 1.00000

VERT:
0.19748 0.83455 0.03257
0.38724 0.27408 0.88030
0.53887 0.59506
thigh_l 0.80000 pelvis 0.20000

VERT:
-0.00000 1.07802 -0.12392
-0.01189 -0.06987 -0.99749
0.81357 0.89513
pelvis 0.65402 spine_01 0.32679 spine_02 0.01910 thigh_l 0.00009

VERT:
-0.00000 1.18665 -0.13153
-0.01189 -0.06987 -0.99749
0.81357 0.83210
spine_01 0.66590 pelvis 0.16648 spine_02 0.16648 thigh_l 0.00115

VERT:
0.07130 1.18307 -0.13213
-0.01189 -0.06987 -0.99749
0.77200 0.83363
spine_01 0.66139 pelvis 0.16535 spine_02 0.16535 clavicle_l 0.00791

VERT:
0.13727 1.07568 -0.08412
0.99989 0.01348 0.00548
0.39781 0.23899
pelvis 0.66240 spine_01 0.32319 spine_02 0.01441

VERT:
0.13586 1.18116 -0.08638
0.99989 0.01348 0.00548
0.34102 0.24355
spine_01 0.65271 pelvis 0.16318 spine_02 0.16318 clavicle_l 0.02094

VERT:
0.13537 1.18427 -0.00564
0.99989 0.01348 0.00548
0.34119 0.28988
spine_01 0.66477 pelvis 0.16619 spine_02 0.16619 clavicle_l 0.00285

VERT:
0.07405 1.07049 0.05115
0.29238 0.09646 0.95142
0.40915 0.33557
pelvis 0.66667 spine_01 0.33333 thigh_l 0.00000

VERT:
0.07071 1.17893 0.04119
0.29238 0.09646 0.95142
0.34626 0.33659
spine_01 0.66667 pelvis 0.16667 spine_02 0.16667

VERT:
-0.00000 1.18805 0.06199
0.29238 0.09646 0.95142
0.34249 0.37892
spine_01 0.66667 pelvis 0.16667 spine_02 0.16667

VERT:
0.07181 1.07162 -0.12580
0.57676 -0.04368 -0.81574
0.77233 0.89899
pelvis 0.66902 spine_01 0.32668 spine_02 0.00430 thigh_l 0.00000

VERT:
0.07130 1.18307 -0.13213
0.57676 -0.04368 -0.81574
0.77200 0.83363
spine_01 0.66139 pelvis 0.16535 spine_02 0.16535 clavicle_l 0.00791

VERT:
0.13586 1.18116 -0.08638
0.57676 -0.04368 -0.81574
0.72850 0.83861
spine_01 0.65271 pelvis 0.16318 spine_02 0.16318 clavicle_l 0.02094

VERT:
0.13850 1.08300 0.00584
0.57698 0.10956 0.80938
0.40202 0.28964
pelvis 0.65990 spine_01 0.32994 spine_02 0.01016

VERT:
0.13537 1.18427 -0.00564
0.57698 0.10956 0.80938
0.34119 0.28988
spine_01 0.66477 pelvis 0.16619 spine_02 0.16619 clavicle_l 0.00285

VERT:
0.07071 1.17893 0.04119
0.57698 0.10956 0.80938
0.34626 0.33659
spine_01 0.66667 pelvis 0.16667 spine_02 0.16667

VERT:
0.15345 1.28582 -0.00333
0.70934 -0.20064 0.67571
0.28242 0.28934
spine_02 0.54683 spine_01 0.27341 clavicle_l 0.16249 pelvis 0.01727

VERT:
0.17333 1.35608 -0.00333
0.70934 -0.20064 0.67571
0.24405 0.28792
clavicle_l 0.56200 spine_02 0.39298 arm_l 0.04502

VERT:
0.10888 1.35740 0.06471
0.70934 -0.20064 0.67571
0.25101 0.33044
spine_02 0.70470 clavicle_l 0.29530

VERT:
0.16628 1.28297 -0.10127
0.69066 -0.39772 -0.60399
0.71049 0.78383
spine_02 0.48479 spine_01 0.24239 clavicle_l 0.23793 arm_l 0.03489

VERT:
0.10632 1.28558 -0.17156
0.69066 -0.39772 -0.60399
0.75795 0.77124
spine_02 0.50920 spine_01 0.25460 clavicle_l 0.23621

VERT:
0.13168 1.35550 -0.18858
0.69066 -0.39772 -0.60399
0.74650 0.73366
clavicle_l 0.48146 spine_02 0.48146 arm_l 0.03708

VERT:
0.10632 1.28558 -0.17156
0.02913 -0.38249 -0.92350
0.75795 0.77124
spine_02 0.50920 spine_01 0.25460 clavicle_l 0.23621

VERT:
-0.00000 1.28854 -0.17614
0.02913 -0.38249 -0.92350
0.81357 0.77069
spine_02 0.57485 spine_01 0.28742 clavicle_l 0.06886 clavicle_r 0.06886

VERT:
-0.00000 1.35880 -0.20523
0.02913 -0.38249 -0.92350
0.81357 0.73150
spine_02 0.70521 clavicle_l 0.14740 clavicle_r 0.14740

VERT:
-0.00000 1.31556 0.06378
0.09267 -0.26245 0.96049
0.27399 0.37892
spine_02 0.61465 spine_01 0.30732 clavicle_l 0.03902 clavicle_r 0.03902

VERT:
0.08901 1.28715 0.04743
0.09267 -0.26245 0.96049
0.28564 0.33236
spine_02 0.59882 spine_01 0.29941 clavicle_l 0.09444 pelvis 0.00734

VERT:
0.10888 1.35740 0.06471
0.09267 -0.26245 0.96049
0.25101 0.33044
spine_02 0.70470 clavicle_l 0.29530

VERT:
0.16628 1.28297 -0.10127
0.98358 -0.17125 0.05704
0.28208 0.23503
spine_02 0.48479 spine_01 0.24239 clavicle_l 0.23793 arm_l 0.03489

VERT:
0.18076 1.36059 -0.11798
0.98358 -0.17125 0.05704
0.23789 0.22742
clavicle_l 0.40000 arm_l 0.40000 spine_02 0.20000

VERT:
0.17333 1.35608 -0.00333
0.98358 -0.17125 0.05704
0.24405 0.28792
clavicle_l 0.56200 spine_02 0.39298 arm_l 0.04502

VERT:
0.08922 0.98779 -0.14725
0.66519 0.16019 -0.72929
0.76493 0.94860
pelvis 0.99729 spine_02 0.00271

VERT:
0.15442 1.00422 -0.08417
0.66519 0.16019 -0.72929
0.71814 0.93282
pelvis 0.66440 thigh_l 0.32873 spine_02 0.00687

VERT:
0.16957 0.94113 -0.08421
0.66519 0.16019 -0.72929
0.70728 0.96519
thigh_l 0.50049 pelvis 0.49951

VERT:
0.13586 1.18116 -0.08638
0.95483 -0.26586 0.13276
0.34102 0.24355
spine_01 0.65271 pelvis 0.16318 spine_02 0.16318 clavicle_l 0.02094

VERT:
0.16628 1.28297 -0.10127
0.95483 -0.26586 0.13276
0.28208 0.23503
spine_02 0.48479 spine_01 0.24239 clavicle_l 0.23793 arm_l 0.03489

VERT:
0.15345 1.28582 -0.00333
0.95483 -0.26586 0.13276
0.28242 0.28934
spine_02 0.54683 spine_01 0.27341 clavicle_l 0.16249 pelvis 0.01727

VERT:
-0.00000 1.18805 0.06199
0.26885 -0.10077 0.95790
0.34249 0.37892
spine_01 0.66667 pelvis 0.16667 spine_02 0.16667

VERT:
0.07071 1.17893 0.04119
0.26885 -0.10077 0.95790
0.34626 0.33659
spine_01 0.66667 pelvis 0.16667 spine_02 0.16667

VERT:
0.08901 1.28715 0.04743
0.26885 -0.10077 0.95790
0.28564 0.33236
spine_02 0.59882 spine_01 0.29941 clavicle_l 0.09444 pelvis 0.00734

VERT:
0.07130 1.18307 -0.13213
-0.02782 -0.40084 -0.91573
0.77200 0.83363
spine_01 0.66139 pelvis 0.16535 spine_02 0.16535 clavicle_l 0.00791

VERT:
-0.00000 1.18665 -0.13153
-0.02782 -0.40084 -0.91573
0.81357 0.83210
spine_01 0.66590 pelvis 0.16648 spine_02 0.16648 thigh_l 0.00115

VERT:
-0.00000 1.28854 -0.17614
-0.02782 -0.40084 -0.91573
0.81357 0.77069
spine_02 0.57485 spine_01 0.28742 clavicle_l 0.06886 clavicle_r 0.06886

VERT:
0.13586 1.18116 -0.08638
0.50596 -0.45470 -0.73298
0.72850 0.83861
spine_01 0.65271 pelvis 0.16318 spine_02 0.16318 clavicle_l 0.02094

VERT:
0.07130 1.18307 -0.13213
0.50596 -0.45470 -0.73298
0.77200 0.83363
spine_01 0.66139 pelvis 0.16535 spine_02 0.16535 clavicle_l 0.00791

VERT:
0.10632 1.28558 -0.17156
0.50596 -0.45470 -0.73298
0.75795 0.77124
spine_02 0.50920 spine_01 0.25460 clavicle_l 0.23621

VERT:
0.13537 1.18427 -0.00564
0.61220 -0.12672 0.78048
0.34119 0.28988
spine_01 0.66477 pelvis 0.16619 spine_02 0.16619 clavicle_l 0.00285

VERT:
0.15345 1.28582 -0.00333
0.61220 -0.12672 0.78048
0.28242 0.28934
spine_02 0.54683 spine_01 0.27341 clavicle_l 0.16249 pelvis 0.01727

VERT:
0.08901 1.28715 0.04743
0.61220 -0.12672 0.78048
0.28564 0.33236
spine_02 0.59882 spine_01 0.29941 clavicle_l 0.09444 pelvis 0.00734

VERT:
0.07033 1.52643 -0.07489
0.09424 0.99547 0.01236
0.14173 0.33751
spine_02 0.33334 clavicle_l 0.33333 neck 0.33333

VERT:
0.21287 1.51300 -0.08034
0.09424 0.99547 0.01236
0.15284 0.26181
clavicle_l 0.50000 arm_l 0.50000

VERT:
0.19718 1.51528 -0.14462
0.09424 0.99547 0.01236
0.11755 0.26385
clavicle_l 0.50000 arm_l 0.50000

VERT:
0.10888 1.35740 0.06471
0.08188 0.49634 0.86426
0.25101 0.33044
spine_02 0.70470 clavicle_l 0.29530

VERT:
0.10721 1.45381 0.00950
0.08188 0.49634 0.86426
0.20091 0.32624
spine_02 0.49131 clavicle_l 0.48129 spine_01 0.02740

VERT:
-0.00000 1.45282 0.02023
0.08188 0.49634 0.86426
0.20189 0.37892
spine_02 0.73142 clavicle_l 0.12060 clavicle_r 0.12060 spine_01 0.02738

VERT:
0.18076 1.36059 -0.11798
-0.48391 -0.40864 0.77385
0.81952 0.08941
clavicle_l 0.40000 arm_l 0.40000 spine_02 0.20000

VERT:
0.22500 1.30819 -0.11798
-0.48391 -0.40864 0.77385
0.82996 0.12053
arm_l 0.99744 clavicle_l 0.00255 forearm_l 0.00002

VERT:
0.26669 1.35396 -0.06774
-0.48391 -0.40864 0.77385
0.86775 0.10579
arm_l 0.99407 clavicle_l 0.00593

VERT:
0.16424 1.43002 -0.18769
0.39584 0.28770 -0.87209
0.96176 0.03778
clavicle_l 0.48227 arm_l 0.48217 spine_02 0.03556

VERT:
0.19718 1.51528 -0.14462
0.39584 0.28770 -0.87209
0.91740 0.01435
clavicle_l 0.50000 arm_l 0.50000

VERT:
0.28945 1.38392 -0.14607
0.39584 0.28770 -0.87209
0.91960 0.09945
arm_l 0.99999 clavicle_l 0.00001

VERT:
0.10721 1.45381 0.00950
0.67681 0.37461 0.63372
0.20091 0.32624
spine_02 0.49131 clavicle_l 0.48129 spine_01 0.02740

VERT:
0.10888 1.35740 0.06471
0.67681 0.37461 0.63372
0.25101 0.33044
spine_02 0.70470 clavicle_l 0.29530

VERT:
0.17333 1.35608 -0.00333
0.67681 0.37461 0.63372
0.24405 0.28792
clavicle_l 0.56200 spine_02 0.39298 arm_l 0.04502

VERT:
0.10721 1.45381 0.00950
0.08082 0.77271 0.62960
0.20091 0.32624
spine_02 0.49131 clavicle_l 0.48129 spine_01 0.02740

VERT:
0.07033 1.52643 -0.07489
0.08082 0.77271 0.62960
0.14173 0.33751
spine_02 0.33334 clavicle_l 0.33333 neck 0.33333

VERT:
-0.00000 1.50019 -0.03366
0.08082 0.77271 0.62960
0.16412 0.37892
spine_02 0.30100 neck 0.30071 clavicle_l 0.19915 clavicle_r 0.19915

VERT:
0.19720 1.44368 -0.04037
0.65295 0.29262 0.69859
0.85461 0.04660
clavicle_l 0.47297 arm_l 0.47297 spine_02 0.05405

VERT:
0.26669 1.35396 -0.06774
0.65295 0.29262 0.69859
0.86775 0.10579
arm_l 0.99407 clavicle_l 0.00593

VERT:
0.28810 1.38378 -0.10024
0.65295 0.29262 0.69859
0.89405 0.09935
arm_l 1.00000 clavicle_l 0.00000

VERT:
0.21287 1.51300 -0.08034
0.86572 0.49981 0.02694
0.88471 0.02007
clavicle_l 0.50000 arm_l 0.50000

VERT:
0.28810 1.38378 -0.10024
0.86572 0.49981 0.02694
0.89405 0.09935
arm_l 1.00000 clavicle_l 0.00000

VERT:
0.28945 1.38392 -0.14607
0.86572 0.49981 0.02694
0.91960 0.09945
arm_l 0.99999 clavicle_l 0.00001

VERT:
0.05846 1.56077 -0.13294
-0.07560 0.54065 -0.83785
0.78211 0.61906
clavicle_l 0.49696 neck 0.49696 spine_02 0.00608 head 0.00000

VERT:
0.09565 1.47194 -0.19361
-0.07560 0.54065 -0.83785
0.76459 0.67492
clavicle_l 0.50000 spine_02 0.50000

VERT:
-0.00000 1.47518 -0.18289
-0.07560 0.54065 -0.83785
0.81357 0.67071
spine_02 0.55530 clavicle_l 0.16321 clavicle_r 0.16321 neck 0.11827

VERT:
0.38690 1.27765 -0.10355
0.62022 0.77011 0.14921
0.90358 0.18371
forearm_l 1.00000 arm_l 0.00000

VERT:
0.53764 1.13774 -0.00807
0.62022 0.77011 0.14921
0.90446 0.30993
forearm_l 1.00000

VERT:
0.55130 1.13106 -0.03034
0.62022 0.77011 0.14921
0.91854 0.31178
forearm_l 1.00000

VERT:
0.36089 1.24532 -0.08132
-0.52717 -0.40565 0.74669
0.87629 0.19047
forearm_l 0.99921 arm_l 0.00079

VERT:
0.33441 1.27200 -0.08552
-0.52717 -0.40565 0.74669
0.87435 0.16757
arm_l 0.96814 forearm_l 0.02254 clavicle_l 0.00932

VERT:
0.30884 1.23449 -0.12395
-0.52717 -0.40565 0.74669
0.84280 0.17351
arm_l 0.65943 forearm_l 0.32972 clavicle_l 0.01085

VERT:
0.26669 1.35396 -0.06774
0.49712 0.22927 0.83684
0.86775 0.10579
arm_l 0.99407 clavicle_l 0.00593

VERT:
0.33441 1.27200 -0.08552
0.49712 0.22927 0.83684
0.87435 0.16757
arm_l 0.96814 forearm_l 0.02254 clavicle_l 0.00932

VERT:
0.36031 1.30464 -0.10984
0.49712 0.22927 0.83684
0.90201 0.16106
arm_l 0.99165 forearm_l 0.00463 clavicle_l 0.00372

VERT:
0.05846 1.56077 -0.13294
0.25704 0.05303 -0.96494
0.80678 0.16719
clavicle_l 0.49696 neck 0.49696 spine_02 0.00608 head 0.00000

VERT:
-0.00000 1.55746 -0.14870
0.25704 0.05303 -0.96494
0.80967 0.10599
neck 0.53753 clavicle_l 0.17174 clavicle_r 0.17174 spine_02 0.11900

VERT:
-0.00000 1.63834 -0.14425
0.25704 0.05303 -0.96494
0.72785 0.10777
head 0.93197 clavicle_l 0.03397 clavicle_r 0.03397 neck 0.00008

VERT:
0.05846 1.56077 -0.13294
0.99290 0.11029 -0.04451
0.80678 0.16719
clavicle_l 0.49696 neck 0.49696 spine_02 0.00608 head 0.00000

VERT:
0.05000 1.64084 -0.12339
0.99290 0.11029 -0.04451
0.72333 0.16055
head 0.92340 clavicle_l 0.07660 neck 0.00000

VERT:
0.05610 1.60795 -0.06881
0.99290 0.11029 -0.04451
0.75125 0.22020
head 0.89400 clavicle_l 0.10600 neck 0.00000

VERT:
-0.00000 1.50019 -0.03366
0.55428 -0.22759 0.80061
0.84226 0.31265
spine_02 0.30100 neck 0.30071 clavicle_l 0.19915 clavicle_r 0.19915

VERT:
0.07033 1.52643 -0.07489
0.55428 -0.22759 0.80061
0.82952 0.23175
spine_02 0.33334 clavicle_l 0.33333 neck 0.33333

VERT:
0.03719 1.57354 -0.03856
0.55428 -0.22759 0.80061
0.76589 0.26715
head 0.58748 neck 0.29377 clavicle_l 0.08639 spine_02 0.03236

VERT:
-0.00000 1.67926 -0.16476
0.33078 -0.08066 -0.94025
0.68762 0.09830
head 0.94874 neck 0.03126 clavicle_l 0.01000 clavicle_r 0.01000

VERT:
-0.00000 1.73390 -0.16945
0.33078 -0.08066 -0.94025
0.63543 0.10087
head 1.00000

VERT:
0.06882 1.72625 -0.14458
0.33078 -0.08066 -0.94025
0.65402 0.15851
head 1.00000

VERT:
-0.00000 1.56674 -0.02614
0.19461 -0.97980 0.04599
0.77427 0.31265
head 0.58356 neck 0.29223 spine_02 0.09308 clavicle_l 0.03113

VERT:
0.03719 1.57354 -0.03856
0.19461 -0.97980 0.04599
0.76589 0.26715
head 0.58748 neck 0.29377 clavicle_l 0.08639 spine_02 0.03236

VERT:
0.03471 1.57587 0.02155
0.19461 -0.97980 0.04599
0.73136 0.29675
head 0.89712 clavicle_l 0.05791 spine_02 0.04497 neck 0.00000

VERT:
-0.00000 1.57989 0.03323
0.31383 -0.04621 0.94835
0.72600 0.31265
head 0.90064 spine_02 0.04962 clavicle_l 0.02487 clavicle_r 0.02487

VERT:
0.03471 1.57587 0.02155
0.31383 -0.04621 0.94835
0.73136 0.29675
head 0.89712 clavicle_l 0.05791 spine_02 0.04497 neck 0.00000

VERT:
0.03118 1.62027 0.02488
0.31383 -0.04621 0.94835
0.70758 0.29368
head 0.97886 clavicle_l 0.02114 neck 0.00000

VERT:
-0.00000 1.61733 0.03544
0.32819 -0.11105 0.93806
0.70707 0.31265
head 0.96859 clavicle_l 0.01090 clavicle_r 0.01090 spine_02 0.00962

VERT:
0.03118 1.62027 0.02488
0.32819 -0.11105 0.93806
0.70758 0.29368
head 0.97886 clavicle_l 0.02114 neck 0.00000

VERT:
0.02099 1.65339 0.03237
0.32819 -0.11105 0.93806
0.68709 0.29774
head 0.99989 neck 0.00011

VERT:
-0.00000 1.65766 0.06089
0.80411 0.19085 0.56302
0.68080 0.31264
head 0.99443 neck 0.00557

VERT:
0.02099 1.65339 0.03237
0.80411 0.19085 0.56302
0.68709 0.29774
head 0.99989 neck 0.00011

VERT:
0.01040 1.69553 0.03320
0.80411 0.19085 0.56302
0.66162 0.30352
head 1.00000

VERT:
0.01040 1.69553 0.03320
0.29953 -0.44910 0.84178
0.66162 0.30352
head 1.00000

VERT:
0.04176 1.71622 0.03308
0.29953 -0.44910 0.84178
0.64669 0.28475
head 1.00000

VERT:
-0.00000 1.71524 0.04742
0.29953 -0.44910 0.84178
0.64680 0.31265
head 1.00000

VERT:
0.02099 1.65339 0.03237
0.54265 -0.04807 0.83858
0.68709 0.29774
head 0.99989 neck 0.00011

VERT:
0.06372 1.65659 0.00490
0.54265 -0.04807 0.83858
0.68883 0.26683
head 0.99242 clavicle_l 0.00704 neck 0.00054

VERT:
0.06072 1.69968 0.00931
0.54265 -0.04807 0.83858
0.66066 0.26733
head 1.00000

VERT:
0.06372 1.65659 0.00490
0.98085 -0.11400 0.15789
0.68883 0.26683
head 0.99242 clavicle_l 0.00704 neck 0.00054

VERT:
0.07457 1.64864 -0.06825
0.98085 -0.11400 0.15789
0.71045 0.21087
head 0.96772 clavicle_l 0.03228 neck 0.00000

VERT:
0.08009 1.69853 -0.06653
0.98085 -0.11400 0.15789
0.66414 0.21672
head 1.00000

VERT:
0.08998 1.65864 -0.10102
0.95347 -0.02349 0.30058
0.69108 0.19663
head 0.98275 clavicle_l 0.01725

VERT:
0.09304 1.71326 -0.10644
0.95347 -0.02349 0.30058
0.67932 0.19675
head 1.00000

VERT:
0.08009 1.69853 -0.06653
0.95347 -0.02349 0.30058
0.66414 0.21672
head 1.00000

VERT:
0.08998 1.65864 -0.10102
-0.35006 -0.05827 -0.93491
0.69108 0.19663
head 0.98275 clavicle_l 0.01725

VERT:
0.07705 1.66234 -0.09641
-0.35006 -0.05827 -0.93491
0.69565 0.19089
head 0.98074 clavicle_l 0.01926

VERT:
0.08004 1.70559 -0.10022
-0.35006 -0.05827 -0.93491
0.67385 0.19016
head 1.00000

VERT:
0.05000 1.64084 -0.12339
0.73965 -0.62846 -0.24074
0.72333 0.16055
head 0.92340 clavicle_l 0.07660 neck 0.00000

VERT:
0.07705 1.66234 -0.09641
0.73965 -0.62846 -0.24074
0.69566 0.19087
head 0.98074 clavicle_l 0.01926

VERT:
0.07457 1.64864 -0.06825
0.73965 -0.62846 -0.24074
0.71045 0.21087
head 0.96772 clavicle_l 0.03228 neck 0.00000

VERT:
0.05000 1.64084 -0.12339
0.36773 -0.41672 -0.83134
0.72333 0.16055
head 0.92340 clavicle_l 0.07660 neck 0.00000

VERT:
-0.00000 1.63834 -0.14425
0.36773 -0.41672 -0.83134
0.72785 0.10777
head 0.93197 clavicle_l 0.03397 clavicle_r 0.03397 neck 0.00008

VERT:
-0.00000 1.67926 -0.16476
0.36773 -0.41672 -0.83134
0.68762 0.09830
head 0.94874 neck 0.03126 clavicle_l 0.01000 clavicle_r 0.01000

VERT:
0.08004 1.70559 -0.10022
0.95487 -0.09096 -0.28274
0.67383 0.19013
head 1.00000

VERT:
0.07705 1.66234 -0.09641
0.95487 -0.09096 -0.28274
0.69566 0.19087
head 0.98074 clavicle_l 0.01926

VERT:
0.06583 1.68151 -0.14045
0.95487 -0.09096 -0.28274
0.68441 0.15804
head 0.99125 clavicle_l 0.00875

VERT:
-0.00000 1.73390 -0.16945
0.30796 0.31346 -0.89828
0.63543 0.10087
head 1.00000

VERT:
-0.00000 1.78784 -0.15063
0.30796 0.31346 -0.89828
0.58501 0.12478
head 1.00000

VERT:
0.06790 1.77511 -0.13179
0.30796 0.31346 -0.89828
0.62217 0.16855
head 1.00000

VERT:
-0.00000 1.78784 -0.15063
0.31570 0.77287 -0.55046
0.58501 0.12478
head 1.00000

VERT:
-0.00000 1.81562 -0.11162
0.31570 0.77287 -0.55046
0.55632 0.16290
head 1.00000

VERT:
0.04535 1.80147 -0.10548
0.31570 0.77287 -0.55046
0.59475 0.18022
head 1.00000

VERT:
-0.00000 1.81968 -0.04531
0.30263 0.90417 0.30148
0.54569 0.22767
head 1.00000

VERT:
-0.00000 1.80343 0.00341
0.30263 0.90417 0.30148
0.56192 0.27729
head 1.00000

VERT:
0.03774 1.79270 -0.00229
0.30263 0.90417 0.30148
0.59226 0.25882
head 1.00000

VERT:
0.03774 1.79270 -0.00229
0.29359 0.67091 0.68094
0.59226 0.25882
head 1.00000

VERT:
-0.00000 1.80343 0.00341
0.29359 0.67091 0.68094
0.56192 0.27729
head 1.00000

VERT:
-0.00000 1.77128 0.03509
0.29359 0.67091 0.68094
0.59548 0.31265
head 1.00000

VERT:
-0.00000 1.77128 0.03509
0.31357 0.20409 0.92737
0.59548 0.31265
head 1.00000

VERT:
-0.00000 1.71524 0.04742
0.31357 0.20409 0.92737
0.64680 0.31265
head 1.00000

VERT:
0.04176 1.71622 0.03308
0.31357 0.20409 0.92737
0.64669 0.28475
head 1.00000

VERT:
0.07665 1.76217 -0.05900
0.76990 0.63783 0.02082
0.62512 0.21521
head 1.00000

VERT:
0.06790 1.77511 -0.13179
0.76990 0.63783 0.02082
0.62217 0.16855
head 1.00000

VERT:
0.04535 1.80147 -0.10548
0.76990 0.63783 0.02082
0.59475 0.18022
head 1.00000

VERT:
-0.00000 1.81562 -0.11162
0.27955 0.95834 -0.05867
0.55632 0.16290
head 1.00000

VERT:
-0.00000 1.81968 -0.04531
0.27955 0.95834 -0.05867
0.54569 0.22767
head 1.00000

VERT:
0.04032 1.80771 -0.04872
0.27955 0.95834 -0.05867
0.58346 0.22192
head 1.00000

VERT:
0.06372 1.65659 0.00490
0.54181 -0.02319 0.84018
0.68883 0.26683
head 0.99242 clavicle_l 0.00704 neck 0.00054

VERT:
0.02099 1.65339 0.03237
0.54181 -0.02319 0.84018
0.68709 0.29774
head 0.99989 neck 0.00011

VERT:
0.03118 1.62027 0.02488
0.54181 -0.02319 0.84018
0.70758 0.29368
head 0.97886 clavicle_l 0.02114 neck 0.00000

VERT:
0.07457 1.64864 -0.06825
0.96904 -0.18470 0.16383
0.71045 0.21087
head 0.96772 clavicle_l 0.03228 neck 0.00000

VERT:
0.06372 1.65659 0.00490
0.96904 -0.18470 0.16383
0.68883 0.26683
head 0.99242 clavicle_l 0.00704 neck 0.00054

VERT:
0.05948 1.62567 -0.00491
0.96904 -0.18470 0.16383
0.71067 0.26744
head 0.96538 clavicle_l 0.03462 neck 0.00000

VERT:
0.05828 1.76546 -0.01033
0.82959 0.18591 0.52651
0.61709 0.25018
head 1.00000

VERT:
0.04128 1.76585 0.01632
0.82959 0.18591 0.52651
0.61357 0.27290
head 1.00000

VERT:
0.04176 1.71622 0.03308
0.82959 0.18591 0.52651
0.64669 0.28475
head 1.00000

VERT:
0.05828 1.76546 -0.01033
0.96354 0.10872 0.24447
0.61709 0.25018
head 1.00000

VERT:
0.06072 1.69968 0.00931
0.96354 0.10872 0.24447
0.66066 0.26733
head 1.00000

VERT:
0.08009 1.69853 -0.06653
0.96354 0.10872 0.24447
0.66414 0.21672
head 1.00000

VERT:
0.05828 1.76546 -0.01033
0.78290 0.56651 0.25715
0.61709 0.25018
head 1.00000

VERT:
0.07665 1.76217 -0.05900
0.78290 0.56651 0.25715
0.62512 0.21521
head 1.00000

VERT:
0.04032 1.80771 -0.04872
0.78290 0.56651 0.25715
0.58346 0.22192
head 1.00000

VERT:
0.10167 0.92783 -0.16259
0.00096 0.24804 -0.96875
0.75968 0.98195
pelvis 0.64754 thigh_l 0.32377 spine_01 0.02869

VERT:
0.08707 0.49505 -0.05275
-0.55343 -0.05940 -0.83077
0.65547 0.78266
calf_l 1.00000 thigh_l 0.00000

VERT:
0.08085 0.53046 -0.05113
-0.55343 -0.05940 -0.83077
0.65931 0.76395
thigh_l 0.93061 calf_l 0.06939

VERT:
0.14357 0.53250 -0.09307
-0.55343 -0.05940 -0.83077
0.61581 0.76054
thigh_l 0.96384 calf_l 0.03616

VERT:
0.18459 0.50681 -0.06131
0.64617 0.09573 -0.75717
0.58482 0.77466
calf_l 0.99372 thigh_l 0.00628

VERT:
0.14752 0.49701 -0.09418
0.64617 0.09573 -0.75717
0.61352 0.78179
calf_l 0.99866 thigh_l 0.00134

VERT:
0.14357 0.53250 -0.09307
0.64617 0.09573 -0.75717
0.61581 0.76054
thigh_l 0.96384 calf_l 0.03616

VERT:
0.08085 0.53046 -0.05113
-0.97723 -0.20994 0.03063
0.43131 0.76238
thigh_l 0.93061 calf_l 0.06939

VERT:
0.08667 0.51407 0.02245
-0.97723 -0.20994 0.03063
0.47131 0.76189
thigh_l 0.50000 calf_l 0.50000

VERT:
0.02593 0.79657 0.02064
-0.97723 -0.20994 0.03063
0.43790 0.60992
thigh_l 1.00000

VERT:
0.36031 1.30464 -0.10984
0.69527 0.71042 0.10914
0.90201 0.16106
arm_l 0.99165 forearm_l 0.00463 clavicle_l 0.00372

VERT:
0.38690 1.27765 -0.10355
0.69527 0.71042 0.10914
0.90358 0.18371
forearm_l 1.00000 arm_l 0.00000

VERT:
0.38459 1.28586 -0.14232
0.69527 0.71042 0.10914
0.92232 0.17412
forearm_l 0.99993 arm_l 0.00007

VERT:
0.38690 1.27765 -0.10355
0.24780 0.44478 0.86068
0.90358 0.18371
forearm_l 1.00000 arm_l 0.00000

VERT:
0.36031 1.30464 -0.10984
0.24780 0.44478 0.86068
0.90201 0.16106
arm_l 0.99165 forearm_l 0.00463 clavicle_l 0.00372

VERT:
0.33441 1.27200 -0.08552
0.24780 0.44478 0.86068
0.87435 0.16757
arm_l 0.96814 forearm_l 0.02254 clavicle_l 0.00932

VERT:
0.33441 1.27200 -0.08552
-0.39338 -0.49328 0.77584
0.87435 0.16757
arm_l 0.96814 forearm_l 0.02254 clavicle_l 0.00932

VERT:
0.26669 1.35396 -0.06774
-0.39338 -0.49328 0.77584
0.86775 0.10579
arm_l 0.99407 clavicle_l 0.00593

VERT:
0.22500 1.30819 -0.11798
-0.39338 -0.49328 0.77584
0.82996 0.12053
arm_l 0.99744 clavicle_l 0.00255 forearm_l 0.00002

VERT:
0.08265 0.91851 0.05694
0.03546 0.04002 0.99857
0.49372 0.33452
thigh_l 0.50008 pelvis 0.49992

VERT:
0.07955 0.97331 0.05485
0.03546 0.04002 0.99857
0.46381 0.33481
pelvis 1.00000

VERT:
-0.00000 0.91640 0.05996
0.03546 0.04002 0.99857
0.49356 0.37892
pelvis 0.99048 thigh_l 0.00476 thigh_r 0.00476

VERT:
-0.00000 0.97231 -0.15131
-0.00301 0.25073 -0.96805
0.81357 0.95610
pelvis 0.98695 spine_02 0.01275 thigh_l 0.00015 thigh_r 0.00015

VERT:
-0.00000 1.07802 -0.12392
-0.00301 0.25073 -0.96805
0.81357 0.89513
pelvis 0.65402 spine_01 0.32679 spine_02 0.01910 thigh_l 0.00009

VERT:
0.07181 1.07162 -0.12580
-0.00301 0.25073 -0.96805
0.77233 0.89899
pelvis 0.66902 spine_01 0.32668 spine_02 0.00430 thigh_l 0.00000

VERT:
0.07955 0.97331 0.05485
0.27222 0.05197 0.96083
0.46381 0.33481
pelvis 1.00000

VERT:
0.07405 1.07049 0.05115
0.27222 0.05197 0.96083
0.40915 0.33557
pelvis 0.66667 spine_01 0.33333 thigh_l 0.00000

VERT:
-0.00000 1.06117 0.07264
0.27222 0.05197 0.96083
0.41428 0.37892
pelvis 0.66667 spine_01 0.33333 thigh_l 0.00000 thigh_r 0.00000

VERT:
0.15442 1.00422 -0.08417
0.61851 0.31286 -0.72081
0.71814 0.93282
pelvis 0.66440 thigh_l 0.32873 spine_02 0.00687

VERT:
0.08922 0.98779 -0.14725
0.61851 0.31286 -0.72081
0.76493 0.94860
pelvis 0.99729 spine_02 0.00271

VERT:
0.07181 1.07162 -0.12580
0.61851 0.31286 -0.72081
0.77233 0.89899
pelvis 0.66902 spine_01 0.32668 spine_02 0.00430 thigh_l 0.00000

VERT:
0.16191 1.00860 0.01398
0.52291 0.25353 0.81381
0.44657 0.28304
pelvis 0.99335 spine_02 0.00665

VERT:
0.13850 1.08300 0.00584
0.52291 0.25353 0.81381
0.40202 0.28964
pelvis 0.65990 spine_01 0.32994 spine_02 0.01016

VERT:
0.07405 1.07049 0.05115
0.52291 0.25353 0.81381
0.40915 0.33557
pelvis 0.66667 spine_01 0.33333 thigh_l 0.00000

VERT:
0.15442 1.00422 -0.08417
0.97186 0.23335 -0.03227
0.43560 0.23125
pelvis 0.66440 thigh_l 0.32873 spine_02 0.00687

VERT:
0.13727 1.07568 -0.08412
0.97186 0.23335 -0.03227
0.39781 0.23899
pelvis 0.66240 spine_01 0.32319 spine_02 0.01441

VERT:
0.13850 1.08300 0.00584
0.97186 0.23335 -0.03227
0.40202 0.28964
pelvis 0.65990 spine_01 0.32994 spine_02 0.01016

VERT:
0.36130 1.30987 -0.14324
0.71704 0.69665 0.02317
0.92044 0.15666
arm_l 0.66667 forearm_l 0.33333 clavicle_l 0.00000

VERT:
0.28945 1.38392 -0.14607
0.71704 0.69665 0.02317
0.91960 0.09945
arm_l 0.99999 clavicle_l 0.00001

VERT:
0.28810 1.38378 -0.10024
0.71704 0.69665 0.02317
0.89405 0.09935
arm_l 1.00000 clavicle_l 0.00000

VERT:
-0.00000 1.65766 0.06089
-0.61837 0.34613 0.70556
0.02229 0.22891
head 0.99443 neck 0.00557

VERT:
-0.00000 1.69774 0.04123
-0.61837 0.34613 0.70556
0.01049 0.20810
head 1.00000

VERT:
-0.01040 1.69553 0.03320
-0.61837 0.34613 0.70556
0.00391 0.21087
head 1.00000

VERT:
0.15517 0.03934 0.07968
-0.19096 0.86906 0.45637
0.91940 0.58565
foot_l 0.50000 toe_l 0.50000

VERT:
0.20245 0.05297 0.07349
-0.19096 0.86906 0.45637
0.94617 0.58236
foot_l 0.50000 toe_l 0.50000

VERT:
0.18793 0.09760 -0.01757
-0.19096 0.86906 0.45637
0.94594 0.52530
calf_l 0.50112 foot_l 0.49888

VERT:
0.24526 0.03496 0.05714
0.94793 0.23108 -0.21918
0.51051 0.26656
foot_l 0.50000 toe_l 0.50000

VERT:
0.25336 -0.00044 0.05486
0.94793 0.23108 -0.21918
0.52999 0.26733
foot_l 0.50000 toe_l 0.50000

VERT:
0.22958 -0.00044 -0.04798
0.94793 0.23108 -0.21918
0.53283 0.21084
foot_l 1.00000

VERT:
0.18793 0.09760 -0.01757
0.46990 0.81996 0.32690
0.94594 0.52530
calf_l 0.50112 foot_l 0.49888

VERT:
0.20245 0.05297 0.07349
0.46990 0.81996 0.32690
0.94617 0.58236
foot_l 0.50000 toe_l 0.50000

VERT:
0.24526 0.03496 0.05714
0.46990 0.81996 0.32690
0.97437 0.58272
foot_l 0.50000 toe_l 0.50000

VERT:
0.14455 -0.00044 -0.02006
-0.99514 0.03934 0.09031
0.00633 0.44230
foot_l 1.00000 calf_l 0.00000

VERT:
0.15398 -0.00044 0.08391
-0.99514 0.03934 0.09031
0.00893 0.49818
foot_l 0.50000 toe_l 0.50000

VERT:
0.15517 0.03934 0.07968
-0.99514 0.03934 0.09031
0.03014 0.49499
foot_l 0.50000 toe_l 0.50000

VERT:
0.08004 1.70559 -0.10022
0.97448 0.07384 -0.21198
0.67383 0.19013
head 1.00000

VERT:
0.06882 1.72625 -0.14458
0.97448 0.07384 -0.21198
0.65402 0.15851
head 1.00000

VERT:
0.06790 1.77511 -0.13179
0.97448 0.07384 -0.21198
0.62217 0.16855
head 1.00000

VERT:
0.50988 1.09150 -0.02741
-0.14399 -0.73439 -0.66328
0.96377 0.31117
forearm_l 1.00000

VERT:
0.33077 1.21522 -0.12551
-0.14399 -0.73439 -0.66328
0.97900 0.18235
forearm_l 0.98038 clavicle_l 0.01904 arm_l 0.00058

VERT:
0.36950 1.24541 -0.16735
-0.14399 -0.73439 -0.66328
0.94679 0.17985
forearm_l 0.50001 arm_l 0.49999

VERT:
0.55130 1.13106 -0.03034
0.69170 0.33007 -0.64234
0.91854 0.31178
forearm_l 1.00000

VERT:
0.54492 1.10407 -0.05107
0.69170 0.33007 -0.64234
0.93844 0.31367
hand_l 1.00000

VERT:
0.36950 1.24541 -0.16735
0.69170 0.33007 -0.64234
0.94679 0.17985
forearm_l 0.50001 arm_l 0.49999

VERT:
0.53764 1.13774 -0.00807
0.00226 0.56534 0.82486
0.90446 0.30993
forearm_l 1.00000

VERT:
0.38690 1.27765 -0.10355
0.00226 0.56534 0.82486
0.90358 0.18371
forearm_l 1.00000 arm_l 0.00000

VERT:
0.36089 1.24532 -0.08132
0.00226 0.56534 0.82486
0.87629 0.19047
forearm_l 0.99921 arm_l 0.00079

VERT:
-0.50988 1.09150 -0.02741
0.62998 -0.37111 0.68221
0.30350 0.10791
forearm_r 1.00000

VERT:
-0.33077 1.21522 -0.12551
0.62998 -0.37111 0.68221
0.17740 0.08523
forearm_r 0.98038 clavicle_r 0.01904 arm_r 0.00058

VERT:
-0.36089 1.24532 -0.08132
0.62998 -0.37111 0.68221
0.18029 0.11908
forearm_r 0.99921 arm_r 0.00079

VERT:
0.53764 1.13774 -0.00807
0.66531 -0.59036 0.45699
0.02102 0.71864
forearm_l 1.00000

VERT:
0.51390 1.12081 0.00462
0.66531 -0.59036 0.45699
0.00458 0.72315
forearm_l 1.00000

VERT:
0.50988 1.09150 -0.02741
0.66531 -0.59036 0.45699
0.00770 0.74631
forearm_l 1.00000

VERT:
0.50988 1.09150 -0.02741
0.58955 -0.57507 0.56721
0.00770 0.74631
forearm_l 1.00000

VERT:
0.54492 1.10407 -0.05107
0.58955 -0.57507 0.56721
0.03134 0.74631
hand_l 1.00000

VERT:
0.55130 1.13106 -0.03034
0.58955 -0.57507 0.56721
0.03222 0.72777
forearm_l 1.00000

VERT:
-0.15398 -0.00044 0.08391
0.99669 0.03746 0.07221
0.38145 0.80694
foot_r 0.50000 toe_r 0.50000

VERT:
-0.15517 0.03934 0.07968
0.99669 0.03746 0.07221
0.36025 0.80375
foot_r 0.50000 toe_r 0.50000

VERT:
-0.15873 0.02421 0.13667
0.99669 0.03746 0.07221
0.36695 0.83469
toe_r 1.00000

VERT:
-0.20245 0.05297 0.07349
-0.41131 0.90831 0.07609
0.87106 0.40440
foot_r 0.50000 toe_r 0.50000

VERT:
-0.24526 0.03496 0.05714
-0.41131 0.90831 0.07609
0.84286 0.40476
foot_r 0.50000 toe_r 0.50000

VERT:
-0.25327 0.02877 0.08768
-0.41131 0.90831 0.07609
0.84349 0.42339
toe_r 1.00000

VERT:
-0.25336 -0.00044 0.05486
-0.94380 0.24824 -0.21823
0.97575 0.82734
foot_r 0.50000 toe_r 0.50000

VERT:
-0.26072 -0.00044 0.08670
-0.94380 0.24824 -0.21823
0.97487 0.80985
toe_r 1.00000

VERT:
-0.25327 0.02877 0.08768
-0.94380 0.24824 -0.21823
0.95875 0.81105
toe_r 1.00000

VERT:
-0.15398 -0.00044 0.08391
0.00000 -1.00000 -0.00000
0.00411 0.96324
foot_r 0.50000 toe_r 0.50000

VERT:
-0.17601 0.09890 -0.11687
-0.34158 0.18163 -0.92213
0.92437 0.93454
calf_r 0.64087 foot_r 0.35913

VERT:
-0.17601 -0.00044 -0.13644
-0.34158 0.18163 -0.92213
0.97724 0.94678
foot_r 1.00000

VERT:
-0.21716 -0.00044 -0.12119
-0.34158 0.18163 -0.92213
0.98099 0.92356
foot_r 1.00000

VERT:
-0.21570 -0.00044 0.13929
0.03551 0.02443 0.99907
0.86652 0.45341
toe_r 1.00000

VERT:
-0.15883 -0.00044 0.13727
0.03551 0.02443 0.99907
0.89783 0.45320
toe_r 1.00000

VERT:
-0.15873 0.02421 0.13667
0.03551 0.02443 0.99907
0.89780 0.43964
toe_r 1.00000

VERT:
-0.25327 0.02877 0.08768
-0.74864 0.16957 0.64092
0.84349 0.42339
toe_r 1.00000

VERT:
-0.26072 -0.00044 0.08670
-0.74864 0.16957 0.64092
0.83343 0.43616
toe_r 1.00000

VERT:
-0.21570 -0.00044 0.13929
-0.74864 0.16957 0.64092
0.86652 0.45341
toe_r 1.00000

VERT:
-0.13486 -0.00044 -0.11118
0.51593 0.16555 -0.84048
0.38645 0.70200
foot_r 1.00000

VERT:
-0.17601 -0.00044 -0.13644
0.51593 0.16555 -0.84048
0.38262 0.67641
foot_r 1.00000

VERT:
-0.17601 0.09890 -0.11687
0.51593 0.16555 -0.84048
0.33005 0.68983
calf_r 0.64087 foot_r 0.35913

VERT:
-0.20245 0.05297 0.07349
0.20459 0.93649 0.28484
0.87106 0.40440
foot_r 0.50000 toe_r 0.50000

VERT:
-0.21313 0.03493 0.14047
0.20459 0.93649 0.28484
0.87152 0.43660
toe_r 1.00000

VERT:
-0.15873 0.02421 0.13667
0.20459 0.93649 0.28484
0.89780 0.43964
toe_r 1.00000

VERT:
-0.20632 0.10165 -0.09687
-0.66050 -0.01073 -0.75075
0.13455 0.98460
calf_r 0.65232 foot_r 0.34768

VERT:
-0.20894 0.34995 -0.09812
-0.66050 -0.01073 -0.75075
0.12955 0.85782
calf_r 1.00000

VERT:
-0.17147 0.34151 -0.13095
-0.66050 -0.01073 -0.75075
0.10533 0.86317
calf_r 1.00000

VERT:
-0.20632 0.10165 -0.09687
-0.97577 0.14308 -0.16555
0.92509 0.91504
calf_r 0.65232 foot_r 0.34768

VERT:
-0.21716 -0.00044 -0.12119
-0.97577 0.14308 -0.16555
0.98099 0.92356
foot_r 1.00000

VERT:
-0.22958 -0.00044 -0.04798
-0.97577 0.14308 -0.16555
0.97859 0.88384
foot_r 1.00000

VERT:
-0.11114 0.33816 -0.08734
0.98857 -0.14401 0.04467
0.27159 0.87042
calf_r 1.00000

VERT:
-0.11416 0.33945 -0.01636
0.98857 -0.14401 0.04467
0.23480 0.85905
calf_r 1.00000

VERT:
-0.14824 0.10085 -0.03135
0.98857 -0.14401 0.04467
0.20799 0.98609
calf_r 0.50375 foot_r 0.49625

VERT:
-0.14633 0.10025 -0.09031
0.99869 0.03990 0.03188
0.33176 0.71112
calf_r 0.52305 foot_r 0.47695

VERT:
-0.14824 0.10085 -0.03135
0.99869 0.03990 0.03188
0.33005 0.74268
calf_r 0.50375 foot_r 0.49625

VERT:
-0.14455 -0.00044 -0.02006
0.99869 0.03990 0.03188
0.38406 0.75105
foot_r 1.00000 calf_r 0.00000

VERT:
-0.17952 0.34042 0.00626
-0.61497 -0.05430 0.78668
0.19728 0.85632
calf_r 1.00000

VERT:
-0.23057 0.34935 -0.03303
-0.61497 -0.05430 0.78668
0.16343 0.85463
calf_r 1.00000

VERT:
-0.21940 0.10002 -0.04150
-0.61497 -0.05430 0.78668
0.16509 0.98433
calf_r 0.51087 foot_r 0.48913

VERT:
-0.21940 0.10002 -0.04150
-0.94838 -0.03177 -0.31556
0.16509 0.98433
calf_r 0.51087 foot_r 0.48913

VERT:
-0.23057 0.34935 -0.03303
-0.94838 -0.03177 -0.31556
0.16343 0.85463
calf_r 1.00000

VERT:
-0.20894 0.34995 -0.09812
-0.94838 -0.03177 -0.31556
0.12955 0.85782
calf_r 1.00000

VERT:
-0.14824 0.10085 -0.03135
0.32386 -0.10532 0.94023
0.20799 0.98609
calf_r 0.50375 foot_r 0.49625

VERT:
-0.11416 0.33945 -0.01636
0.32386 -0.10532 0.94023
0.23480 0.85905
calf_r 1.00000

VERT:
-0.17952 0.34042 0.00626
0.32386 -0.10532 0.94023
0.19728 0.85632
calf_r 1.00000

VERT:
-0.17147 0.34151 -0.13095
0.58133 -0.07590 -0.81012
0.10533 0.86317
calf_r 1.00000

VERT:
-0.11114 0.33816 -0.08734
0.58133 -0.07590 -0.81012
0.06759 0.86247
calf_r 1.00000

VERT:
-0.14633 0.10025 -0.09031
0.58133 -0.07590 -0.81012
0.09289 0.98800
calf_r 0.52305 foot_r 0.47695

VERT:
-0.08667 0.51407 0.02245
0.45172 -0.09147 0.88746
0.24460 0.76176
thigh_r 0.50000 calf_r 0.50000

VERT:
-0.02593 0.79657 0.02064
0.45172 -0.09147 0.88746
0.28421 0.61129
thigh_r 1.00000

VERT:
-0.12314 0.81339 0.07186
0.45172 -0.09147 0.88746
0.22600 0.60345
thigh_r 1.00000

VERT:
-0.08707 0.49505 -0.05275
0.98594 -0.16318 0.03604
0.27986 0.78276
calf_r 1.00000 thigh_r 0.00000

VERT:
-0.08667 0.51407 0.02245
0.98594 -0.16318 0.03604
0.24460 0.76176
thigh_r 0.50000 calf_r 0.50000

VERT:
-0.11416 0.33945 -0.01636
0.98594 -0.16318 0.03604
0.23480 0.85905
calf_r 1.00000

VERT:
-0.14357 0.53250 -0.09307
0.47051 -0.19181 -0.86130
0.10028 0.75449
thigh_r 0.96384 calf_r 0.03616

VERT:
-0.11800 0.81821 -0.14272
0.47051 -0.19181 -0.86130
0.07706 0.59091
thigh_r 1.00000

VERT:
-0.02327 0.79368 -0.08551
0.47051 -0.19181 -0.86130
0.02100 0.61283
thigh_r 1.00000

VERT:
-0.12314 0.81339 0.07186
-0.48005 -0.06174 0.87506
0.22600 0.60345
thigh_r 1.00000

VERT:
-0.19748 0.83455 0.03257
-0.48005 -0.06174 0.87506
0.18394 0.59231
thigh_r 0.80000 pelvis 0.20000

VERT:
-0.20484 0.52413 0.00662
-0.48005 -0.06174 0.87506
0.17069 0.75772
thigh_r 0.50000 calf_r 0.50000

VERT:
-0.18268 0.54279 -0.05810
-0.69718 -0.05588 -0.71471
0.13099 0.74901
thigh_r 1.00000

VERT:
-0.19045 0.83054 -0.07302
-0.69718 -0.05588 -0.71471
0.13083 0.58986
thigh_r 0.80000 pelvis 0.20000

VERT:
-0.11800 0.81821 -0.14272
-0.69718 -0.05588 -0.71471
0.07706 0.59091
thigh_r 1.00000

VERT:
-0.14752 0.49701 -0.09418
0.56496 0.09409 -0.81974
0.10169 0.77581
calf_r 0.99866 thigh_r 0.00134

VERT:
-0.08707 0.49505 -0.05275
0.56496 0.09409 -0.81974
0.05975 0.77497
calf_r 1.00000 thigh_r 0.00000

VERT:
-0.11114 0.33816 -0.08734
0.56496 0.09409 -0.81974
0.06759 0.86247
calf_r 1.00000

VERT:
-0.17952 0.34042 0.00626
-0.61212 -0.08592 0.78609
0.19728 0.85632
calf_r 1.00000

VERT:
-0.15309 0.51508 0.04593
-0.61212 -0.08592 0.78609
0.20692 0.75973
thigh_r 0.50018 calf_r 0.49982

VERT:
-0.20484 0.52413 0.00662
-0.61212 -0.08592 0.78609
0.17069 0.75772
thigh_r 0.50000 calf_r 0.50000

VERT:
-0.20894 0.34995 -0.09812
-0.59795 0.26989 -0.75473
0.12955 0.85782
calf_r 1.00000

VERT:
-0.18459 0.50681 -0.06131
-0.59795 0.26989 -0.75473
0.13066 0.76986
calf_r 0.99372 thigh_r 0.00628

VERT:
-0.14752 0.49701 -0.09418
-0.59795 0.26989 -0.75473
0.10169 0.77581
calf_r 0.99866 thigh_r 0.00134

VERT:
-0.19748 0.83455 0.03257
-0.99741 -0.03030 -0.06524
0.18394 0.59231
thigh_r 0.80000 pelvis 0.20000

VERT:
-0.19045 0.83054 -0.07302
-0.99741 -0.03030 -0.06524
0.13083 0.58986
thigh_r 0.80000 pelvis 0.20000

VERT:
-0.18268 0.54279 -0.05810
-0.99741 -0.03030 -0.06524
0.13099 0.74901
thigh_r 1.00000

VERT:
-0.11416 0.33945 -0.01636
0.31908 -0.25320 0.91328
0.23480 0.85905
calf_r 1.00000

VERT:
-0.08667 0.51407 0.02245
0.31908 -0.25320 0.91328
0.24460 0.76176
thigh_r 0.50000 calf_r 0.50000

VERT:
-0.15309 0.51508 0.04593
0.31908 -0.25320 0.91328
0.20692 0.75973
thigh_r 0.50018 calf_r 0.49982

VERT:
-0.23057 0.34935 -0.03303
-0.92099 0.21001 -0.32813
0.16343 0.85463
calf_r 1.00000

VERT:
-0.20484 0.52413 0.00662
-0.92099 0.21001 -0.32813
0.17069 0.75772
thigh_r 0.50000 calf_r 0.50000

VERT:
-0.18459 0.50681 -0.06131
-0.92099 0.21001 -0.32813
0.13066 0.76986
calf_r 0.99372 thigh_r 0.00628

VERT:
-0.02327 0.79368 -0.08551
0.91743 -0.39670 0.03068
0.34006 0.62708
thigh_r 1.00000

VERT:
-0.00000 0.84670 -0.09569
0.91743 -0.39670 0.03068
0.35373 0.59787
thigh_l 0.35497 thigh_r 0.35497 pelvis 0.29007

VERT:
-0.00000 0.85518 0.01392
0.91743 -0.39670 0.03068
0.29676 0.57807
pelvis 0.73096 thigh_l 0.13452 thigh_r 0.13452

VERT:
-0.17937 0.95314 0.02004
-0.97847 0.17338 -0.11195
0.18494 0.52961
thigh_r 0.50757 pelvis 0.49243

VERT:
-0.16957 0.94113 -0.08421
-0.97847 0.17338 -0.11195
0.12785 0.53103
thigh_r 0.50049 pelvis 0.49951

VERT:
-0.19045 0.83054 -0.07302
-0.97847 0.17338 -0.11195
0.13083 0.58986
thigh_r 0.80000 pelvis 0.20000

VERT:
-0.16957 0.94113 -0.08421
-0.75632 -0.00589 -0.65417
0.12785 0.53103
thigh_r 0.50049 pelvis 0.49951

VERT:
-0.10167 0.92783 -0.16259
-0.75632 -0.00589 -0.65417
0.07232 0.53053
pelvis 0.64754 thigh_r 0.32377 spine_01 0.02869

VERT:
-0.11800 0.81821 -0.14272
-0.75632 -0.00589 -0.65417
0.07706 0.59091
thigh_r 1.00000

VERT:
-0.17937 0.95314 0.02004
-0.95300 0.29058 -0.08570
0.47778 0.47974
thigh_r 0.50757 pelvis 0.49243

VERT:
-0.16191 1.00860 0.01398
-0.95300 0.29058 -0.08570
0.44657 0.47479
pelvis 0.99335 spine_02 0.00665

VERT:
-0.15442 1.00422 -0.08417
-0.95300 0.29058 -0.08570
0.43560 0.52658
pelvis 0.66440 thigh_r 0.32873 spine_02 0.00687

VERT:
-0.02593 0.79657 0.02064
0.41245 -0.07829 0.90761
0.28421 0.61129
thigh_r 1.00000

VERT:
-0.00000 0.85518 0.01392
0.41245 -0.07829 0.90761
0.29676 0.57807
pelvis 0.73096 thigh_l 0.13452 thigh_r 0.13452

VERT:
-0.08265 0.91851 0.05694
0.41245 -0.07829 0.90761
0.24336 0.54590
thigh_r 0.50008 pelvis 0.49992

VERT:
-0.17937 0.95314 0.02004
-0.33868 0.05491 0.93930
0.47778 0.47974
thigh_r 0.50757 pelvis 0.49243

VERT:
-0.08265 0.91851 0.05694
-0.33868 0.05491 0.93930
0.49372 0.42331
thigh_r 0.50008 pelvis 0.49992

VERT:
-0.07955 0.97331 0.05485
-0.33868 0.05491 0.93930
0.46381 0.42302
pelvis 1.00000

VERT:
-0.08265 0.91851 0.05694
-0.30650 0.14615 0.94058
0.24336 0.54590
thigh_r 0.50008 pelvis 0.49992

VERT:
-0.17937 0.95314 0.02004
-0.30650 0.14615 0.94058
0.18494 0.52961
thigh_r 0.50757 pelvis 0.49243

VERT:
-0.19748 0.83455 0.03257
-0.30650 0.14615 0.94058
0.18394 0.59231
thigh_r 0.80000 pelvis 0.20000

VERT:
-0.07130 1.18307 -0.13213
0.01189 -0.06987 -0.99749
0.85514 0.83363
spine_01 0.66139 pelvis 0.16535 spine_02 0.16535 clavicle_r 0.00791

VERT:
-0.00000 1.18665 -0.13153
0.01189 -0.06987 -0.99749
0.81357 0.83210
spine_01 0.66590 pelvis 0.16648 spine_02 0.16648 thigh_l 0.00115

VERT:
-0.00000 1.07802 -0.12392
0.01189 -0.06987 -0.99749
0.81357 0.89513
pelvis 0.65402 spine_01 0.32679 spine_02 0.01910 thigh_l 0.00009

VERT:
-0.13727 1.07568 -0.08412
-0.99945 0.02900 -0.01601
0.39781 0.51884
pelvis 0.66240 spine_01 0.32319 spine_02 0.01441

VERT:
-0.13850 1.08300 0.00584
-0.99945 0.02900 -0.01601
0.40202 0.46819
pelvis 0.65990 spine_01 0.32994 spine_02 0.01016

VERT:
-0.13537 1.18427 -0.00564
-0.99945 0.02900 -0.01601
0.34119 0.46795
spine_01 0.66477 pelvis 0.16619 spine_02 0.16619 clavicle_r 0.00285

VERT:
-0.00000 1.18805 0.06199
-0.29238 0.09646 0.95142
0.34249 0.37892
spine_01 0.66667 pelvis 0.16667 spine_02 0.16667

VERT:
-0.07071 1.17893 0.04118
-0.29238 0.09646 0.95142
0.34626 0.42124
spine_01 0.66667 pelvis 0.16667 spine_02 0.16667

VERT:
-0.07405 1.07049 0.05115
-0.29238 0.09646 0.95142
0.40915 0.42227
pelvis 0.66667 spine_01 0.33333 thigh_r 0.00000

VERT:
-0.13586 1.18116 -0.08638
-0.57676 -0.04368 -0.81574
0.89863 0.83861
spine_01 0.65271 pelvis 0.16318 spine_02 0.16318 clavicle_r 0.02094

VERT:
-0.07130 1.18307 -0.13213
-0.57676 -0.04368 -0.81574
0.85514 0.83363
spine_01 0.66139 pelvis 0.16535 spine_02 0.16535 clavicle_r 0.00791

VERT:
-0.07181 1.07162 -0.12580
-0.57676 -0.04368 -0.81574
0.85481 0.89899
pelvis 0.66902 spine_01 0.32668 spine_02 0.00430 thigh_r 0.00000

VERT:
-0.07071 1.17893 0.04118
-0.57698 0.10956 0.80938
0.34626 0.42124
spine_01 0.66667 pelvis 0.16667 spine_02 0.16667

VERT:
-0.13537 1.18427 -0.00564
-0.57698 0.10956 0.80938
0.34119 0.46795
spine_01 0.66477 pelvis 0.16619 spine_02 0.16619 clavicle_r 0.00285

VERT:
-0.13850 1.08300 0.00584
-0.57698 0.10956 0.80938
0.40202 0.46819
pelvis 0.65990 spine_01 0.32994 spine_02 0.01016

VERT:
-0.10888 1.35740 0.06471
-0.70934 -0.20064 0.67571
0.25101 0.42739
spine_02 0.70470 clavicle_r 0.29530

VERT:
-0.17333 1.35608 -0.00333
-0.70934 -0.20064 0.67571
0.24405 0.46991
clavicle_r 0.56200 spine_02 0.39298 arm_r 0.04502

VERT:
-0.15345 1.28582 -0.00333
-0.70934 -0.20064 0.67571
0.28242 0.46849
spine_02 0.54683 spine_01 0.27341 clavicle_r 0.16249 pelvis 0.01727

VERT:
-0.16628 1.28297 -0.10127
-0.80061 -0.26506 -0.53737
0.91665 0.78383
spine_02 0.48479 spine_01 0.24239 clavicle_r 0.23793 arm_r 0.03489

VERT:
-0.18076 1.36059 -0.11798
-0.80061 -0.26506 -0.53737
0.92449 0.74140
clavicle_r 0.40000 arm_r 0.40000 spine_02 0.20000

VERT:
-0.13168 1.35550 -0.18858
-0.80061 -0.26506 -0.53737
0.88064 0.73366
clavicle_r 0.48146 spine_02 0.48146 arm_r 0.03708

VERT:
-0.10632 1.28558 -0.17156
-0.11387 -0.27392 -0.95499
0.86918 0.77124
spine_02 0.50920 spine_01 0.25460 clavicle_r 0.23621

VERT:
-0.13168 1.35550 -0.18858
-0.11387 -0.27392 -0.95499
0.88064 0.73366
clavicle_r 0.48146 spine_02 0.48146 arm_r 0.03708

VERT:
-0.00000 1.35880 -0.20523
-0.11387 -0.27392 -0.95499
0.81357 0.73150
spine_02 0.70521 clavicle_l 0.14740 clavicle_r 0.14740

VERT:
-0.00000 1.31556 0.06378
-0.00088 -0.02446 0.99970
0.27399 0.37892
spine_02 0.61465 spine_01 0.30732 clavicle_l 0.03902 clavicle_r 0.03902

VERT:
-0.00000 1.35903 0.06485
-0.00088 -0.02446 0.99970
0.25206 0.37892
spine_02 0.59592 spine_01 0.29768 clavicle_l 0.05320 clavicle_r 0.05320

VERT:
-0.10888 1.35740 0.06471
-0.00088 -0.02446 0.99970
0.25101 0.42739
spine_02 0.70470 clavicle_r 0.29530

VERT:
-0.16628 1.28297 -0.10127
-0.95373 -0.26977 0.13273
0.28208 0.52280
spine_02 0.48479 spine_01 0.24239 clavicle_r 0.23793 arm_r 0.03489

VERT:
-0.15345 1.28582 -0.00333
-0.95373 -0.26977 0.13273
0.28242 0.46849
spine_02 0.54683 spine_01 0.27341 clavicle_r 0.16249 pelvis 0.01727

VERT:
-0.17333 1.35608 -0.00333
-0.95373 -0.26977 0.13273
0.24405 0.46991
clavicle_r 0.56200 spine_02 0.39298 arm_r 0.04502

VERT:
-0.16957 0.94113 -0.08421
-0.66519 0.16019 -0.72929
0.91986 0.96519
thigh_r 0.50049 pelvis 0.49951

VERT:
-0.15442 1.00422 -0.08417
-0.66519 0.16019 -0.72929
0.90900 0.93282
pelvis 0.66440 thigh_r 0.32873 spine_02 0.00687

VERT:
-0.08922 0.98779 -0.14725
-0.66519 0.16019 -0.72929
0.86220 0.94860
pelvis 0.99729 spine_02 0.00271

VERT:
-0.13586 1.18116 -0.08638
-0.98439 -0.17555 0.01267
0.34102 0.51428
spine_01 0.65271 pelvis 0.16318 spine_02 0.16318 clavicle_r 0.02094

VERT:
-0.13537 1.18427 -0.00564
-0.98439 -0.17555 0.01267
0.34119 0.46795
spine_01 0.66477 pelvis 0.16619 spine_02 0.16619 clavicle_r 0.00285

VERT:
-0.15345 1.28582 -0.00333
-0.98439 -0.17555 0.01267
0.28242 0.46849
spine_02 0.54683 spine_01 0.27341 clavicle_r 0.16249 pelvis 0.01727

VERT:
-0.00000 1.18805 0.06199
-0.17639 -0.01385 0.98422
0.34249 0.37892
spine_01 0.66667 pelvis 0.16667 spine_02 0.16667

VERT:
-0.00000 1.31556 0.06378
-0.17639 -0.01385 0.98422
0.27399 0.37892
spine_02 0.61465 spine_01 0.30732 clavicle_l 0.03902 clavicle_r 0.03902

VERT:
-0.08901 1.28715 0.04743
-0.17639 -0.01385 0.98422
0.28564 0.42548
spine_02 0.59882 spine_01 0.29941 clavicle_r 0.09444 pelvis 0.00734

VERT:
-0.07130 1.18307 -0.13213
-0.02980 -0.36763 -0.92949
0.85514 0.83363
spine_01 0.66139 pelvis 0.16535 spine_02 0.16535 clavicle_r 0.00791

VERT:
-0.10632 1.28558 -0.17156
-0.02980 -0.36763 -0.92949
0.86918 0.77124
spine_02 0.50920 spine_01 0.25460 clavicle_r 0.23621

VERT:
-0.00000 1.28854 -0.17614
-0.02980 -0.36763 -0.92949
0.81357 0.77069
spine_02 0.57485 spine_01 0.28742 clavicle_l 0.06886 clavicle_r 0.06886

VERT:
-0.13586 1.18116 -0.08638
-0.71863 -0.30601 -0.62445
0.89863 0.83861
spine_01 0.65271 pelvis 0.16318 spine_02 0.16318 clavicle_r 0.02094

VERT:
-0.16628 1.28297 -0.10127
-0.71863 -0.30601 -0.62445
0.91665 0.78383
spine_02 0.48479 spine_01 0.24239 clavicle_r 0.23793 arm_r 0.03489

VERT:
-0.10632 1.28558 -0.17156
-0.71863 -0.30601 -0.62445
0.86918 0.77124
spine_02 0.50920 spine_01 0.25460 clavicle_r 0.23621

VERT:
-0.08901 1.28715 0.04743
-0.61220 -0.12672 0.78048
0.28564 0.42548
spine_02 0.59882 spine_01 0.29941 clavicle_r 0.09444 pelvis 0.00734

VERT:
-0.15345 1.28582 -0.00333
-0.61220 -0.12672 0.78048
0.28242 0.46849
spine_02 0.54683 spine_01 0.27341 clavicle_r 0.16249 pelvis 0.01727

VERT:
-0.13537 1.18427 -0.00564
-0.61220 -0.12672 0.78048
0.34119 0.46795
spine_01 0.66477 pelvis 0.16619 spine_02 0.16619 clavicle_r 0.00285

VERT:
-0.07033 1.52643 -0.07489
-0.31339 0.84399 0.43527
0.14173 0.42032
spine_02 0.33334 neck 0.33333 clavicle_r 0.33333

VERT:
-0.05846 1.56077 -0.13294
-0.31339 0.84399 0.43527
0.10533 0.41674
clavicle_r 0.49696 neck 0.49696 spine_02 0.00608 head 0.00000

VERT:
-0.19718 1.51528 -0.14462
-0.31339 0.84399 0.43527
0.11755 0.49398
clavicle_r 0.50000 arm_r 0.50000

VERT:
-0.00000 1.45282 0.02023
-0.08188 0.49634 0.86426
0.20189 0.37892
spine_02 0.73142 clavicle_l 0.12060 clavicle_r 0.12060 spine_01 0.02738

VERT:
-0.10722 1.45381 0.00950
-0.08188 0.49634 0.86426
0.20091 0.43160
spine_02 0.49131 clavicle_r 0.48129 spine_01 0.02740

VERT:
-0.10888 1.35740 0.06471
-0.08188 0.49634 0.86426
0.25101 0.42739
spine_02 0.70470 clavicle_r 0.29530

VERT:
-0.18076 1.36059 -0.11798
0.44975 -0.56051 0.69538
0.07924 0.06231
clavicle_r 0.40000 arm_r 0.40000 spine_02 0.20000

VERT:
-0.19720 1.44368 -0.04037
0.44975 -0.56051 0.69538
0.03643 0.09740
clavicle_r 0.47297 arm_r 0.47297 spine_02 0.05405

VERT:
-0.26669 1.35396 -0.06774
0.44975 -0.56051 0.69538
0.09562 0.11055
arm_r 0.99407 clavicle_r 0.00593

VERT:
-0.16424 1.43002 -0.18769
-0.41399 0.37579 -0.82909
0.02761 0.20455
clavicle_r 0.48227 arm_r 0.48217 spine_02 0.03556

VERT:
-0.25930 1.34482 -0.17885
-0.41399 0.37579 -0.82909
0.09349 0.19456
arm_r 1.00000 clavicle_r 0.00000

VERT:
-0.28945 1.38392 -0.14607
-0.41399 0.37579 -0.82909
0.08928 0.16240
arm_r 0.99999 clavicle_r 0.00001

VERT:
-0.17333 1.35608 -0.00333
-0.67681 0.37461 0.63372
0.24405 0.46991
clavicle_r 0.56200 spine_02 0.39298 arm_r 0.04502

VERT:
-0.10888 1.35740 0.06471
-0.67681 0.37461 0.63372
0.25101 0.42739
spine_02 0.70470 clavicle_r 0.29530

VERT:
-0.10722 1.45381 0.00950
-0.67681 0.37461 0.63372
0.20091 0.43160
spine_02 0.49131 clavicle_r 0.48129 spine_01 0.02740

VERT:
-0.00000 1.50019 -0.03366
-0.08082 0.77271 0.62960
0.16412 0.37892
spine_02 0.30100 neck 0.30071 clavicle_l 0.19915 clavicle_r 0.19915

VERT:
-0.07033 1.52643 -0.07489
-0.08082 0.77271 0.62960
0.14173 0.42032
spine_02 0.33334 neck 0.33333 clavicle_r 0.33333

VERT:
-0.10722 1.45381 0.00950
-0.08082 0.77271 0.62960
0.20091 0.43160
spine_02 0.49131 clavicle_r 0.48129 spine_01 0.02740

VERT:
-0.19720 1.44368 -0.04037
-0.64638 0.26617 0.71509
0.03643 0.09740
clavicle_r 0.47297 arm_r 0.47297 spine_02 0.05405

VERT:
-0.21287 1.51300 -0.08034
-0.64638 0.26617 0.71509
0.00990 0.12751
clavicle_r 0.50000 arm_r 0.50000

VERT:
-0.28810 1.38378 -0.10024
-0.64638 0.26617 0.71509
0.08918 0.13685
arm_r 1.00000 clavicle_r 0.00000

VERT:
-0.21287 1.51300 -0.08034
-0.80458 0.56706 -0.17635
0.00990 0.12751
clavicle_r 0.50000 arm_r 0.50000

VERT:
-0.19718 1.51528 -0.14462
-0.80458 0.56706 -0.17635
0.00418 0.16020
clavicle_r 0.50000 arm_r 0.50000

VERT:
-0.28945 1.38392 -0.14607
-0.80458 0.56706 -0.17635
0.08928 0.16240
arm_r 0.99999 clavicle_r 0.00001

VERT:
-0.05846 1.56077 -0.13294
-0.22150 0.37425 -0.90049
0.84503 0.61906
clavicle_r 0.49696 neck 0.49696 spine_02 0.00608 head 0.00000

VERT:
-0.00000 1.55746 -0.14870
-0.22150 0.37425 -0.90049
0.81357 0.62386
neck 0.53753 clavicle_l 0.17174 clavicle_r 0.17174 spine_02 0.11900

VERT:
-0.00000 1.47518 -0.18289
-0.22150 0.37425 -0.90049
0.81357 0.67071
spine_02 0.55530 clavicle_l 0.16321 clavicle_r 0.16321 neck 0.11827

VERT:
-0.38690 1.27765 -0.10355
-0.62863 0.76756 0.12520
0.17354 0.14637
forearm_r 1.00000 arm_r 0.00000

VERT:
-0.38459 1.28586 -0.14232
-0.62863 0.76756 0.12520
0.16395 0.16511
forearm_r 0.99993 arm_r 0.00007

VERT:
-0.55130 1.13106 -0.03034
-0.62863 0.76756 0.12520
0.30161 0.16134
forearm_r 1.00000

VERT:
-0.36089 1.24532 -0.08132
0.44856 -0.56626 0.69148
0.18029 0.11908
forearm_r 0.99921 arm_r 0.00079

VERT:
-0.33077 1.21522 -0.12551
0.44856 -0.56626 0.69148
0.17740 0.08523
forearm_r 0.98038 clavicle_r 0.01904 arm_r 0.00058

VERT:
-0.30884 1.23449 -0.12395
0.44856 -0.56626 0.69148
0.16333 0.08559
arm_r 0.65943 forearm_r 0.32972 clavicle_r 0.01085

VERT:
-0.36031 1.30464 -0.10984
-0.49712 0.22927 0.83684
0.15089 0.14480
arm_r 0.99165 forearm_r 0.00463 clavicle_r 0.00372

VERT:
-0.33441 1.27200 -0.08552
-0.49712 0.22927 0.83684
0.15740 0.11715
arm_r 0.96814 forearm_r 0.02254 clavicle_r 0.00932

VERT:
-0.26669 1.35396 -0.06774
-0.49712 0.22927 0.83684
0.09562 0.11055
arm_r 0.99407 clavicle_r 0.00593

VERT:
-0.05846 1.56077 -0.13294
-0.37444 0.14876 -0.91524
0.80678 0.45811
clavicle_r 0.49696 neck 0.49696 spine_02 0.00608 head 0.00000

VERT:
-0.05000 1.64084 -0.12339
-0.37444 0.14876 -0.91524
0.72333 0.46475
head 0.92340 clavicle_r 0.07660 neck 0.00000

VERT:
-0.00000 1.63834 -0.14425
-0.37444 0.14876 -0.91524
0.72785 0.51753
head 0.93197 clavicle_l 0.03397 clavicle_r 0.03397 neck 0.00008

VERT:
-0.05610 1.60795 -0.06881
-0.99290 0.11029 -0.04451
0.75125 0.40509
head 0.89400 clavicle_r 0.10600 neck 0.00000

VERT:
-0.05000 1.64084 -0.12339
-0.99290 0.11029 -0.04451
0.72333 0.46475
head 0.92340 clavicle_r 0.07660 neck 0.00000

VERT:
-0.05846 1.56077 -0.13294
-0.99290 0.11029 -0.04451
0.80678 0.45811
clavicle_r 0.49696 neck 0.49696 spine_02 0.00608 head 0.00000

VERT:
-0.00000 1.50019 -0.03366
-0.33238 -0.10596 0.93718
0.84226 0.31265
spine_02 0.30100 neck 0.30071 clavicle_l 0.19915 clavicle_r 0.19915

VERT:
-0.00000 1.56674 -0.02614
-0.33238 -0.10596 0.93718
0.77427 0.31265
head 0.58356 neck 0.29223 spine_02 0.09308 clavicle_l 0.03113

VERT:
-0.03719 1.57354 -0.03856
-0.33238 -0.10596 0.93718
0.76589 0.35814
head 0.58748 neck 0.29377 clavicle_r 0.08639 spine_02 0.03236

VERT:
-0.06882 1.72625 -0.14458
-0.33078 -0.08066 -0.94025
0.65402 0.46679
head 1.00000

VERT:
-0.00000 1.73390 -0.16945
-0.33078 -0.08066 -0.94025
0.63543 0.52443
head 1.00000

VERT:
-0.00000 1.67926 -0.16476
-0.33078 -0.08066 -0.94025
0.68762 0.52699
head 0.94874 neck 0.03126 clavicle_l 0.01000 clavicle_r 0.01000

VERT:
-0.00000 1.56674 -0.02614
-0.29264 -0.95575 -0.02996
0.77427 0.31265
head 0.58356 neck 0.29223 spine_02 0.09308 clavicle_l 0.03113

VERT:
-0.00000 1.56531 0.01934
-0.29264 -0.95575 -0.02996
0.73575 0.31265
head 0.86740 spine_02 0.07072 clavicle_l 0.03094 clavicle_r 0.03094

VERT:
-0.03471 1.57587 0.02155
-0.29264 -0.95575 -0.02996
0.73136 0.32855
head 0.89712 clavicle_r 0.05791 spine_02 0.04497 neck 0.00000

VERT:
-0.00000 1.57989 0.03323
-0.32502 -0.05574 0.94406
0.72600 0.31265
head 0.90064 spine_02 0.04962 clavicle_l 0.02487 clavicle_r 0.02487

VERT:
-0.00000 1.61733 0.03544
-0.32502 -0.05574 0.94406
0.70707 0.31265
head 0.96859 clavicle_l 0.01090 clavicle_r 0.01090 spine_02 0.00962

VERT:
-0.03118 1.62027 0.02488
-0.32502 -0.05574 0.94406
0.70758 0.33162
head 0.97886 clavicle_r 0.02114 neck 0.00000

VERT:
-0.00000 1.61733 0.03544
-0.56703 -0.26352 0.78041
0.70707 0.31265
head 0.96859 clavicle_l 0.01090 clavicle_r 0.01090 spine_02 0.00962

VERT:
-0.00000 1.64422 0.04452
-0.56703 -0.26352 0.78041
0.69041 0.31265
head 0.99778 clavicle_l 0.00100 clavicle_r 0.00100 neck 0.00022

VERT:
-0.02099 1.65339 0.03237
-0.56703 -0.26352 0.78041
0.68709 0.32755
head 0.99989 neck 0.00011

VERT:
-0.00000 1.71524 0.04742
-0.29953 -0.44910 0.84178
0.64680 0.31265
head 1.00000

VERT:
-0.04176 1.71622 0.03308
-0.29953 -0.44910 0.84178
0.64669 0.34055
head 1.00000

VERT:
-0.01040 1.69553 0.03320
-0.29953 -0.44910 0.84178
0.66162 0.32178
head 1.00000

VERT:
-0.06072 1.69968 0.00931
-0.54265 -0.04807 0.83858
0.66066 0.35797
head 1.00000

VERT:
-0.06372 1.65659 0.00490
-0.54265 -0.04807 0.83858
0.68883 0.35847
head 0.99242 clavicle_r 0.00704 neck 0.00054

VERT:
-0.02099 1.65339 0.03237
-0.54265 -0.04807 0.83858
0.68709 0.32755
head 0.99989 neck 0.00011

VERT:
-0.06372 1.65659 0.00490
-0.96819 0.04212 0.24666
0.68883 0.35847
head 0.99242 clavicle_r 0.00704 neck 0.00054

VERT:
-0.06072 1.69968 0.00931
-0.96819 0.04212 0.24666
0.66066 0.35797
head 1.00000

VERT:
-0.08009 1.69853 -0.06653
-0.96819 0.04212 0.24666
0.66414 0.40857
head 1.00000

VERT:
-0.08009 1.69853 -0.06653
-0.95347 -0.02349 0.30058
0.66414 0.40857
head 1.00000

VERT:
-0.09304 1.71326 -0.10644
-0.95347 -0.02349 0.30058
0.67932 0.42855
head 1.00000

VERT:
-0.08998 1.65864 -0.10102
-0.95347 -0.02349 0.30058
0.69108 0.42867
head 0.98275 clavicle_r 0.01725

VERT:
-0.08998 1.65864 -0.10102
0.39702 -0.06856 -0.91525
0.69108 0.42867
head 0.98275 clavicle_r 0.01725

VERT:
-0.09304 1.71326 -0.10644
0.39702 -0.06856 -0.91525
0.67932 0.42855
head 1.00000

VERT:
-0.08004 1.70559 -0.10022
0.39702 -0.06856 -0.91525
0.67385 0.43514
head 1.00000

VERT:
-0.07457 1.64864 -0.06825
-0.73965 -0.62846 -0.24074
0.71045 0.41443
head 0.96772 clavicle_r 0.03228 neck 0.00000

VERT:
-0.07705 1.66234 -0.09641
-0.73965 -0.62846 -0.24074
0.69566 0.43443
head 0.98074 clavicle_r 0.01926

VERT:
-0.05000 1.64084 -0.12339
-0.73965 -0.62846 -0.24074
0.72333 0.46475
head 0.92340 clavicle_r 0.07660 neck 0.00000

VERT:
-0.05000 1.64084 -0.12339
-0.31987 -0.46979 -0.82279
0.72333 0.46475
head 0.92340 clavicle_r 0.07660 neck 0.00000

VERT:
-0.06583 1.68151 -0.14045
-0.31987 -0.46979 -0.82279
0.68441 0.46726
head 0.99125 clavicle_r 0.00875

VERT:
-0.00000 1.67926 -0.16476
-0.31987 -0.46979 -0.82279
0.68762 0.52699
head 0.94874 neck 0.03126 clavicle_l 0.01000 clavicle_r 0.01000

VERT:
-0.08004 1.70559 -0.10022
-0.95480 -0.08998 -0.28330
0.67383 0.43516
head 1.00000

VERT:
-0.06882 1.72625 -0.14458
-0.95480 -0.08998 -0.28330
0.65402 0.46679
head 1.00000

VERT:
-0.06583 1.68151 -0.14045
-0.95480 -0.08998 -0.28330
0.68441 0.46726
head 0.99125 clavicle_r 0.00875

VERT:
-0.06790 1.77511 -0.13179
-0.30796 0.31346 -0.89828
0.62217 0.45675
head 1.00000

VERT:
-0.00000 1.78784 -0.15063
-0.30796 0.31346 -0.89828
0.58501 0.50052
head 1.00000

VERT:
-0.00000 1.73390 -0.16945
-0.30796 0.31346 -0.89828
0.63543 0.52443
head 1.00000

VERT:
-0.04535 1.80147 -0.10548
-0.31570 0.77287 -0.55046
0.59475 0.44508
head 1.00000

VERT:
-0.00000 1.81562 -0.11162
-0.31570 0.77287 -0.55046
0.55632 0.46240
head 1.00000

VERT:
-0.00000 1.78784 -0.15063
-0.31570 0.77287 -0.55046
0.58501 0.50052
head 1.00000

VERT:
-0.03774 1.79270 -0.00229
-0.30263 0.90417 0.30148
0.59226 0.36648
head 1.00000

VERT:
-0.00000 1.80343 0.00341
-0.30263 0.90417 0.30148
0.56192 0.34800
head 1.00000

VERT:
-0.00000 1.81968 -0.04531
-0.30263 0.90417 0.30148
0.54569 0.39762
head 1.00000

VERT:
-0.03774 1.79270 -0.00229
-0.40343 0.55653 0.72631
0.59226 0.36648
head 1.00000

VERT:
-0.04128 1.76585 0.01632
-0.40343 0.55653 0.72631
0.61357 0.35239
head 1.00000

VERT:
-0.00000 1.77128 0.03509
-0.40343 0.55653 0.72631
0.59548 0.31265
head 1.00000

VERT:
-0.04176 1.71622 0.03308
-0.31357 0.20409 0.92737
0.64669 0.34055
head 1.00000

VERT:
-0.00000 1.71524 0.04742
-0.31357 0.20409 0.92737
0.64680 0.31265
head 1.00000

VERT:
-0.00000 1.77128 0.03509
-0.31357 0.20409 0.92737
0.59548 0.31265
head 1.00000

VERT:
-0.07665 1.76217 -0.05900
-0.78179 0.62355 0.00074
0.62512 0.41009
head 1.00000

VERT:
-0.04032 1.80771 -0.04872
-0.78179 0.62355 0.00074
0.58346 0.40338
head 1.00000

VERT:
-0.04535 1.80147 -0.10548
-0.78179 0.62355 0.00074
0.59475 0.44508
head 1.00000

VERT:
-0.04032 1.80771 -0.04872
-0.27955 0.95834 -0.05867
0.58346 0.40338
head 1.00000

VERT:
-0.00000 1.81968 -0.04531
-0.27955 0.95834 -0.05867
0.54569 0.39762
head 1.00000

VERT:
-0.00000 1.81562 -0.11162
-0.27955 0.95834 -0.05867
0.55632 0.46240
head 1.00000

VERT:
-0.06372 1.65659 0.00490
-0.71841 -0.29777 0.62866
0.68883 0.35847
head 0.99242 clavicle_r 0.00704 neck 0.00054

VERT:
-0.05948 1.62567 -0.00491
-0.71841 -0.29777 0.62866
0.71067 0.35786
head 0.96538 clavicle_r 0.03462 neck 0.00000

VERT:
-0.03118 1.62027 0.02488
-0.71841 -0.29777 0.62866
0.70758 0.33162
head 0.97886 clavicle_r 0.02114 neck 0.00000

VERT:
-0.07457 1.64864 -0.06825
-0.90823 -0.41315 0.06648
0.71045 0.41443
head 0.96772 clavicle_r 0.03228 neck 0.00000

VERT:
-0.05610 1.60795 -0.06881
-0.90823 -0.41315 0.06648
0.75125 0.40509
head 0.89400 clavicle_r 0.10600 neck 0.00000

VERT:
-0.05948 1.62567 -0.00491
-0.90823 -0.41315 0.06648
0.71067 0.35786
head 0.96538 clavicle_r 0.03462 neck 0.00000

VERT:
-0.04176 1.71622 0.03308
-0.82959 0.18591 0.52651
0.64669 0.34055
head 1.00000

VERT:
-0.04128 1.76585 0.01632
-0.82959 0.18591 0.52651
0.61357 0.35239
head 1.00000

VERT:
-0.05828 1.76546 -0.01033
-0.82959 0.18591 0.52651
0.61709 0.37512
head 1.00000

VERT:
-0.05828 1.76546 -0.01033
-0.93575 0.00891 0.35256
0.61709 0.37512
head 1.00000

VERT:
-0.07665 1.76217 -0.05900
-0.93575 0.00891 0.35256
0.62512 0.41009
head 1.00000

VERT:
-0.08009 1.69853 -0.06653
-0.93575 0.00891 0.35256
0.66414 0.40857
head 1.00000

VERT:
-0.05828 1.76546 -0.01033
-0.80896 0.54474 0.22099
0.61709 0.37512
head 1.00000

VERT:
-0.03774 1.79270 -0.00229
-0.80896 0.54474 0.22099
0.59226 0.36648
head 1.00000

VERT:
-0.04032 1.80771 -0.04872
-0.80896 0.54474 0.22099
0.58346 0.40338
head 1.00000

VERT:
-0.10167 0.92783 -0.16259
-0.00096 0.24804 -0.96875
0.86745 0.98195
pelvis 0.64754 thigh_r 0.32377 spine_01 0.02869

VERT:
-0.14357 0.53250 -0.09307
0.55343 -0.05940 -0.83077
0.10028 0.75449
thigh_r 0.96384 calf_r 0.03616

VERT:
-0.08085 0.53046 -0.05113
0.55343 -0.05940 -0.83077
0.05667 0.75611
thigh_r 0.93061 calf_r 0.06939

VERT:
-0.08707 0.49505 -0.05275
0.55343 -0.05940 -0.83077
0.05975 0.77497
calf_r 1.00000 thigh_r 0.00000

VERT:
-0.18459 0.50681 -0.06131
-0.64808 0.10178 -0.75474
0.13066 0.76986
calf_r 0.99372 thigh_r 0.00628

VERT:
-0.18268 0.54279 -0.05810
-0.64808 0.10178 -0.75474
0.13099 0.74901
thigh_r 1.00000

VERT:
-0.14357 0.53250 -0.09307
-0.64808 0.10178 -0.75474
0.10028 0.75449
thigh_r 0.96384 calf_r 0.03616

VERT:
-0.08085 0.53046 -0.05113
0.97727 -0.20983 0.03019
0.28455 0.76390
thigh_r 0.93061 calf_r 0.06939

VERT:
-0.02327 0.79368 -0.08551
0.97727 -0.20983 0.03019
0.34006 0.62708
thigh_r 1.00000

VERT:
-0.02593 0.79657 0.02064
0.97727 -0.20983 0.03019
0.28421 0.61129
thigh_r 1.00000

VERT:
-0.38459 1.28586 -0.14232
-0.69527 0.71042 0.10914
0.16395 0.16511
forearm_r 0.99993 arm_r 0.00007

VERT:
-0.38690 1.27765 -0.10355
-0.69527 0.71042 0.10914
0.17354 0.14637
forearm_r 1.00000 arm_r 0.00000

VERT:
-0.36031 1.30464 -0.10984
-0.69527 0.71042 0.10914
0.15089 0.14480
arm_r 0.99165 forearm_r 0.00463 clavicle_r 0.00372

VERT:
-0.38690 1.27765 -0.10355
-0.25983 0.39642 0.88053
0.17354 0.14637
forearm_r 1.00000 arm_r 0.00000

VERT:
-0.36089 1.24532 -0.08132
-0.25983 0.39642 0.88053
0.18029 0.11908
forearm_r 0.99921 arm_r 0.00079

VERT:
-0.33441 1.27200 -0.08552
-0.25983 0.39642 0.88053
0.15740 0.11715
arm_r 0.96814 forearm_r 0.02254 clavicle_r 0.00932

VERT:
-0.22500 1.30819 -0.11798
0.39338 -0.49328 0.77584
0.11036 0.07276
arm_r 0.99744 clavicle_r 0.00255 forearm_r 0.00002

VERT:
-0.26669 1.35396 -0.06774
0.39338 -0.49328 0.77584
0.09562 0.11055
arm_r 0.99407 clavicle_r 0.00593

VERT:
-0.33441 1.27200 -0.08552
0.39338 -0.49328 0.77584
0.15740 0.11715
arm_r 0.96814 forearm_r 0.02254 clavicle_r 0.00932

VERT:
-0.08265 0.91851 0.05694
-0.04449 -0.60045 0.79842
0.49372 0.42331
thigh_r 0.50008 pelvis 0.49992

VERT:
-0.00000 0.85518 0.01392
-0.04449 -0.60045 0.79842
0.53467 0.37892
pelvis 0.73096 thigh_l 0.13452 thigh_r 0.13452

VERT:
-0.00000 0.91640 0.05996
-0.04449 -0.60045 0.79842
0.49356 0.37892
pelvis 0.99048 thigh_l 0.00476 thigh_r 0.00476

VERT:
-0.07181 1.07162 -0.12580
0.00301 0.25073 -0.96805
0.85481 0.89899
pelvis 0.66902 spine_01 0.32668 spine_02 0.00430 thigh_r 0.00000

VERT:
-0.00000 1.07802 -0.12392
0.00301 0.25073 -0.96805
0.81357 0.89513
pelvis 0.65402 spine_01 0.32679 spine_02 0.01910 thigh_l 0.00009

VERT:
-0.00000 0.97231 -0.15131
0.00301 0.25073 -0.96805
0.81357 0.95610
pelvis 0.98695 spine_02 0.01275 thigh_l 0.00015 thigh_r 0.00015

VERT:
-0.00000 1.06117 0.07264
-0.27222 0.05197 0.96083
0.41428 0.37892
pelvis 0.66667 spine_01 0.33333 thigh_l 0.00000 thigh_r 0.00000

VERT:
-0.07405 1.07049 0.05115
-0.27222 0.05197 0.96083
0.40915 0.42227
pelvis 0.66667 spine_01 0.33333 thigh_r 0.00000

VERT:
-0.07955 0.97331 0.05485
-0.27222 0.05197 0.96083
0.46381 0.42302
pelvis 1.00000

VERT:
-0.15442 1.00422 -0.08417
-0.52714 0.12712 -0.84021
0.90900 0.93282
pelvis 0.66440 thigh_r 0.32873 spine_02 0.00687

VERT:
-0.13727 1.07568 -0.08412
-0.52714 0.12712 -0.84021
0.89872 0.89521
pelvis 0.66240 spine_01 0.32319 spine_02 0.01441

VERT:
-0.07181 1.07162 -0.12580
-0.52714 0.12712 -0.84021
0.85481 0.89899
pelvis 0.66902 spine_01 0.32668 spine_02 0.00430 thigh_r 0.00000

VERT:
-0.07405 1.07049 0.05115
-0.52291 0.25353 0.81381
0.40915 0.42227
pelvis 0.66667 spine_01 0.33333 thigh_r 0.00000

VERT:
-0.13850 1.08300 0.00584
-0.52291 0.25353 0.81381
0.40202 0.46819
pelvis 0.65990 spine_01 0.32994 spine_02 0.01016

VERT:
-0.16191 1.00860 0.01398
-0.52291 0.25353 0.81381
0.44657 0.47479
pelvis 0.99335 spine_02 0.00665

VERT:
-0.13850 1.08300 0.00584
-0.97186 0.23335 -0.03227
0.40202 0.46819
pelvis 0.65990 spine_01 0.32994 spine_02 0.01016

VERT:
-0.13727 1.07568 -0.08412
-0.97186 0.23335 -0.03227
0.39781 0.51884
pelvis 0.66240 spine_01 0.32319 spine_02 0.01441

VERT:
-0.15442 1.00422 -0.08417
-0.97186 0.23335 -0.03227
0.43560 0.52658
pelvis 0.66440 thigh_r 0.32873 spine_02 0.00687

VERT:
-0.28810 1.38378 -0.10024
-0.71704 0.69665 0.02317
0.08918 0.13685
arm_r 1.00000 clavicle_r 0.00000

VERT:
-0.28945 1.38392 -0.14607
-0.71704 0.69665 0.02317
0.08928 0.16240
arm_r 0.99999 clavicle_r 0.00001

VERT:
-0.36130 1.30987 -0.14324
-0.71704 0.69665 0.02317
0.14649 0.16324
arm_r 0.66667 forearm_r 0.33333 clavicle_r 0.00000

VERT:
-0.18793 0.09760 -0.01757
0.19096 0.86906 0.45637
0.87129 0.34734
calf_r 0.50112 foot_r 0.49888

VERT:
-0.20245 0.05297 0.07349
0.19096 0.86906 0.45637
0.87106 0.40440
foot_r 0.50000 toe_r 0.50000

VERT:
-0.15517 0.03934 0.07968
0.19096 0.86906 0.45637
0.89783 0.40769
foot_r 0.50000 toe_r 0.50000

VERT:
-0.22958 -0.00044 -0.04798
-0.94793 0.23107 -0.21918
0.97859 0.88384
foot_r 1.00000

VERT:
-0.25336 -0.00044 0.05486
-0.94793 0.23107 -0.21918
0.97575 0.82734
foot_r 0.50000 toe_r 0.50000

VERT:
-0.24526 0.03496 0.05714
-0.94793 0.23107 -0.21918
0.95627 0.82811
foot_r 0.50000 toe_r 0.50000

VERT:
-0.18793 0.09760 -0.01757
-0.29447 0.83144 0.47116
0.87129 0.34734
calf_r 0.50112 foot_r 0.49888

VERT:
-0.21940 0.10002 -0.04150
-0.29447 0.83144 0.47116
0.85149 0.33678
calf_r 0.51087 foot_r 0.48913

VERT:
-0.24526 0.03496 0.05714
-0.29447 0.83144 0.47116
0.84286 0.40476
foot_r 0.50000 toe_r 0.50000

VERT:
-0.14455 -0.00044 -0.02006
0.99509 0.04599 0.08765
0.38406 0.75105
foot_r 1.00000 calf_r 0.00000

VERT:
-0.14824 0.10085 -0.03135
0.99509 0.04599 0.08765
0.33005 0.74268
calf_r 0.50375 foot_r 0.49625

VERT:
-0.15517 0.03934 0.07968
0.99509 0.04599 0.08765
0.36025 0.80375
foot_r 0.50000 toe_r 0.50000

VERT:
-0.06790 1.77511 -0.13179
-0.97448 0.07384 -0.21198
0.62217 0.45675
head 1.00000

VERT:
-0.06882 1.72625 -0.14458
-0.97448 0.07384 -0.21198
0.65402 0.46679
head 1.00000

VERT:
-0.08004 1.70559 -0.10022
-0.97448 0.07384 -0.21198
0.67383 0.43516
head 1.00000

VERT:
-0.36950 1.24541 -0.16735
0.14399 -0.73439 -0.66328
0.16968 0.18958
forearm_r 0.50001 arm_r 0.49999

VERT:
-0.33077 1.21522 -0.12551
0.14399 -0.73439 -0.66328
0.17218 0.22180
forearm_r 0.98038 clavicle_r 0.01904 arm_r 0.00058

VERT:
-0.50988 1.09150 -0.02741
0.14399 -0.73439 -0.66328
0.30100 0.20656
forearm_r 1.00000

VERT:
-0.55130 1.13106 -0.03034
-0.66599 0.19667 -0.71957
0.30161 0.16134
forearm_r 1.00000

VERT:
-0.38459 1.28586 -0.14232
-0.66599 0.19667 -0.71957
0.16395 0.16511
forearm_r 0.99993 arm_r 0.00007

VERT:
-0.36950 1.24541 -0.16735
-0.66599 0.19667 -0.71957
0.16968 0.18958
forearm_r 0.50001 arm_r 0.49999

VERT:
-0.53764 1.13774 -0.00807
-0.01825 0.58303 0.81224
0.29976 0.14725
hand_r 1.00000

VERT:
-0.51390 1.12081 0.00462
-0.01825 0.58303 0.81224
0.30026 0.13070
forearm_r 1.00000

VERT:
-0.36089 1.24532 -0.08132
-0.01825 0.58303 0.81224
0.18029 0.11908
forearm_r 0.99921 arm_r 0.00079

VERT:
-0.50988 1.09150 -0.02741
-0.66531 -0.59036 0.45699
0.00770 0.25303
forearm_r 1.00000

VERT:
-0.51390 1.12081 0.00462
-0.66531 -0.59036 0.45699
0.00458 0.27619
forearm_r 1.00000

VERT:
-0.53764 1.13774 -0.00807
-0.66531 -0.59036 0.45699
0.02102 0.28070
hand_r 1.00000

VERT:
-0.53764 1.13774 -0.00807
-0.59948 -0.58719 0.54391
0.02102 0.28070
hand_r 1.00000

VERT:
-0.55130 1.13106 -0.03034
-0.59948 -0.58719 0.54391
0.03222 0.27157
forearm_r 1.00000

VERT:
-0.50988 1.09150 -0.02741
-0.59948 -0.58719 0.54391
0.00770 0.25303
forearm_r 1.00000

VERT:
0.60854 1.01882 0.01366
-0.92848 -0.33100 0.16844
0.03066 0.30494
fingers_01_l 0.62083 fingers_02_l 0.36258 fingers_03_l 0.01659

VERT:
0.60682 1.01160 -0.01000
-0.92848 -0.33100 0.16844
0.02776 0.29230
fingers_01_l 0.58066 fingers_02_l 0.37411 fingers_03_l 0.04524

VERT:
0.61358 0.99629 -0.00278
-0.92848 -0.33100 0.16844
0.01888 0.29589
fingers_02_l 0.69232 fingers_03_l 0.30768

VERT:
0.57863 1.05315 0.04597
-0.66202 -0.74939 0.01186
0.05493 0.32164
fingers_01_l 0.63723 hand_l 0.36277

VERT:
0.58621 1.04612 0.02470
-0.66202 -0.74939 0.01186
0.04935 0.31042
fingers_01_l 0.78602 index_01_l 0.12112 hand_l 0.09285

VERT:
0.61000 1.02537 0.04160
-0.66202 -0.74939 0.01186
0.03314 0.31958
fingers_01_l 0.59189 fingers_02_l 0.36336 fingers_03_l 0.04475

VERT:
0.53274 1.06391 0.00449
-0.36663 -0.77479 -0.51505
0.07992 0.29776
hand_l 0.51592 thumb_01_l 0.38421 fingers_01_l 0.05647 thumb_02_l 0.04340

VERT:
0.54653 1.07301 -0.01901
-0.36663 -0.77479 -0.51505
0.07414 0.28270
hand_l 0.83700 fingers_01_l 0.11424 thumb_01_l 0.04876

VERT:
0.58813 1.03989 0.00118
-0.36663 -0.77479 -0.51505
0.04613 0.29771
fingers_01_l 0.91756 hand_l 0.08244

VERT:
0.58813 1.03989 0.00118
-0.79921 -0.58398 0.14221
0.04613 0.29771
fingers_01_l 0.91756 hand_l 0.08244

VERT:
0.58780 1.03484 -0.02143
-0.79921 -0.58398 0.14221
0.04324 0.28558
fingers_01_l 0.82834 hand_l 0.17166

VERT:
0.60682 1.01160 -0.01000
-0.79921 -0.58398 0.14221
0.02776 0.29230
fingers_01_l 0.58066 fingers_02_l 0.37411 fingers_03_l 0.04524

VERT:
0.58621 1.04612 0.02470
-0.74636 -0.65595 0.11256
0.04935 0.31042
fingers_01_l 0.78602 index_01_l 0.12112 hand_l 0.09285

VERT:
0.58813 1.03989 0.00118
-0.74636 -0.65595 0.11256
0.04613 0.29771
fingers_01_l 0.91756 hand_l 0.08244

VERT:
0.60854 1.01882 0.01366
-0.74636 -0.65595 0.11256
0.03066 0.30494
fingers_01_l 0.62083 fingers_02_l 0.36258 fingers_03_l 0.01659

VERT:
0.62062 1.00355 0.05286
-0.98950 0.06590 0.12860
0.02072 0.32543
fingers_03_l 0.54810 fingers_02_l 0.45190

VERT:
0.61635 1.00005 0.02181
-0.98950 0.06590 0.12860
0.01988 0.30900
fingers_02_l 0.74791 fingers_03_l 0.25209

VERT:
0.61591 0.97337 0.03213
-0.98950 0.06590 0.12860
0.00555 0.31359
fingers_03_l 0.86329 fingers_02_l 0.12156 fingers_01_l 0.01514

VERT:
0.61000 1.02537 0.04160
-0.93410 -0.33358 0.12721
0.03314 0.31958
fingers_01_l 0.59189 fingers_02_l 0.36336 fingers_03_l 0.04475

VERT:
0.60854 1.01882 0.01366
-0.93410 -0.33358 0.12721
0.03066 0.30494
fingers_01_l 0.62083 fingers_02_l 0.36258 fingers_03_l 0.01659

VERT:
0.61635 1.00005 0.02181
-0.93410 -0.33358 0.12721
0.01988 0.30900
fingers_02_l 0.74791 fingers_03_l 0.25209

VERT:
0.58780 1.03484 -0.02143
-0.66330 -0.72821 0.17246
0.04324 0.28558
fingers_01_l 0.82834 hand_l 0.17166

VERT:
0.58813 1.03989 0.00118
-0.66330 -0.72821 0.17246
0.04613 0.29771
fingers_01_l 0.91756 hand_l 0.08244

VERT:
0.54653 1.07301 -0.01901
-0.66330 -0.72821 0.17246
0.07414 0.28270
hand_l 0.83700 fingers_01_l 0.11424 thumb_01_l 0.04876

VERT:
0.59057 1.04237 0.08173
-0.45606 -0.88264 -0.11382
0.04617 0.34057
index_01_l 0.50000 index_02_l 0.50000

VERT:
0.56511 1.05783 0.06380
-0.45606 -0.88264 -0.11382
0.06221 0.33138
index_01_l 1.00000

VERT:
0.57863 1.05315 0.04597
-0.45606 -0.88264 -0.11382
0.05493 0.32164
fingers_01_l 0.63723 hand_l 0.36277

VERT:
0.61425 1.01911 0.07973
-0.67398 -0.65725 -0.33730
0.02848 0.34039
index_02_l 0.50000 index_03_l 0.50000

VERT:
0.60491 1.02163 0.09350
-0.67398 -0.65725 -0.33730
0.03333 0.34792
index_02_l 0.50000 index_03_l 0.50000

VERT:
0.59057 1.04237 0.08173
-0.67398 -0.65725 -0.33730
0.04617 0.34057
index_01_l 0.50000 index_02_l 0.50000

VERT:
0.52109 1.02147 0.05527
0.40845 -0.18398 -0.89405
0.08973 0.33610
thumb_02_l 0.50000 thumb_03_l 0.50000

VERT:
0.53697 1.03252 0.06025
0.40845 -0.18398 -0.89405
0.07906 0.33451
thumb_02_l 0.50000 thumb_03_l 0.50000

VERT:
0.54831 1.00005 0.07211
0.40845 -0.18398 -0.89405
0.07940 0.35415
thumb_03_l 0.93869 thumb_02_l 0.06131

VERT:
0.53852 0.99317 0.06982
0.47961 -0.80152 0.35712
0.31679 0.07713
thumb_03_l 1.00000

VERT:
0.54831 1.00005 0.07211
0.47961 -0.80152 0.35712
0.31547 0.08318
thumb_03_l 0.93869 thumb_02_l 0.06131

VERT:
0.54368 1.00265 0.08416
0.47961 -0.80152 0.35712
0.32201 0.08461
thumb_03_l 0.92814 thumb_02_l 0.07186

VERT:
0.62247 1.00051 0.10720
0.32297 -0.87003 0.37249
0.31954 0.15813
index_03_l 0.87052 index_02_l 0.12948

VERT:
0.61573 0.99612 0.10280
0.32297 -0.87003 0.37249
0.31547 0.16006
index_03_l 1.00000

VERT:
0.62264 0.99431 0.09258
0.32297 -0.87003 0.37249
0.31779 0.16572
index_03_l 0.95002 index_02_l 0.04998

VERT:
0.54492 1.10407 -0.05107
-0.64627 -0.56395 -0.51410
0.08160 0.25955
hand_l 1.00000

VERT:
0.55980 1.08297 -0.04662
-0.64627 -0.56395 -0.51410
0.06929 0.26568
hand_l 0.88452 fingers_01_l 0.11548

VERT:
0.54653 1.07301 -0.01901
-0.64627 -0.56395 -0.51410
0.07414 0.28270
hand_l 0.83700 fingers_01_l 0.11424 thumb_01_l 0.04876

VERT:
0.60196 1.05457 0.08756
-0.53784 0.10284 0.83675
0.34306 0.14705
index_01_l 0.50000 index_02_l 0.50000

VERT:
0.59057 1.04237 0.08173
-0.53784 0.10284 0.83675
0.33959 0.13988
index_01_l 0.50000 index_02_l 0.50000

VERT:
0.60491 1.02163 0.09350
-0.53784 0.10284 0.83675
0.32821 0.14630
index_02_l 0.50000 index_03_l 0.50000

VERT:
0.63046 1.01416 0.08089
-0.51362 0.19909 0.83460
0.37531 0.19754
fingers_02_l 0.50000 fingers_03_l 0.50000

VERT:
0.61700 1.00694 0.07433
-0.51362 0.19909 0.83460
0.36683 0.19768
fingers_03_l 0.54038 fingers_02_l 0.45962

VERT:
0.62482 0.98328 0.08479
-0.51362 0.19909 0.83460
0.36948 0.21260
fingers_03_l 0.81464 fingers_02_l 0.18536

VERT:
0.62636 0.97859 0.06504
-0.94953 -0.31368 0.00062
0.00742 0.33182
fingers_03_l 0.77012 fingers_02_l 0.22988

VERT:
0.62482 0.98328 0.08479
-0.94953 -0.31368 0.00062
0.01004 0.34216
fingers_03_l 0.81464 fingers_02_l 0.18536

VERT:
0.61700 1.00694 0.07433
-0.94953 -0.31368 0.00062
0.02307 0.33663
fingers_03_l 0.54038 fingers_02_l 0.45962

VERT:
0.63232 1.00087 0.02544
0.96182 0.26520 -0.06754
0.40317 0.19546
fingers_02_l 0.50000 fingers_03_l 0.50000

VERT:
0.62448 1.02665 0.01500
0.96182 0.26520 -0.06754
0.40419 0.18057
fingers_01_l 0.64255 fingers_02_l 0.35745

VERT:
0.62423 1.03524 0.04520
0.96182 0.26520 -0.06754
0.38796 0.18136
fingers_01_l 0.49070 fingers_02_l 0.48529 fingers_03_l 0.02401

VERT:
0.63046 1.01416 0.08089
0.98812 0.13475 0.07392
0.37531 0.19754
fingers_02_l 0.50000 fingers_03_l 0.50000

VERT:
0.63397 0.98489 0.08734
0.98812 0.13475 0.07392
0.37500 0.21284
fingers_03_l 0.82176 fingers_02_l 0.17824

VERT:
0.63626 0.97945 0.06670
0.98812 0.13475 0.07392
0.38616 0.21172
fingers_03_l 0.79044 fingers_02_l 0.20956

VERT:
0.60126 1.03956 0.06571
0.60189 -0.13978 -0.78625
0.34878 0.16207
index_01_l 0.50000 index_02_l 0.50000

VERT:
0.57863 1.05315 0.04597
0.60189 -0.13978 -0.78625
0.36100 0.16305
fingers_01_l 0.63723 hand_l 0.36277

VERT:
0.58686 1.07301 0.04873
0.60189 -0.13978 -0.78625
0.37170 0.14896
index_01_l 0.77835 hand_l 0.16836 fingers_01_l 0.05329

VERT:
0.56983 1.07227 0.06606
-0.55408 0.05151 0.83087
0.36038 0.13285
index_01_l 1.00000

VERT:
0.56511 1.05783 0.06380
-0.55408 0.05151 0.83087
0.35282 0.12797
index_01_l 1.00000

VERT:
0.59057 1.04237 0.08173
-0.55408 0.05151 0.83087
0.33959 0.13988
index_01_l 0.50000 index_02_l 0.50000

VERT:
0.61681 1.04098 0.06789
0.87125 0.48371 0.08337
0.37534 0.18174
fingers_02_l 0.46563 fingers_01_l 0.44751 fingers_03_l 0.06101 hand_l 0.02586

VERT:
0.63046 1.01416 0.08089
0.87125 0.48371 0.08337
0.37531 0.19754
fingers_02_l 0.50000 fingers_03_l 0.50000

VERT:
0.63551 1.00904 0.05784
0.87125 0.48371 0.08337
0.38675 0.19676
fingers_02_l 0.50000 fingers_03_l 0.50000

VERT:
0.61681 1.04098 0.06789
-0.48332 0.16016 0.86067
0.37534 0.18174
fingers_02_l 0.46563 fingers_01_l 0.44751 fingers_03_l 0.06101 hand_l 0.02586

VERT:
0.60431 1.02953 0.06300
-0.48332 0.16016 0.86067
0.36632 0.18238
fingers_01_l 0.48169 fingers_02_l 0.39798 fingers_03_l 0.07186 index_01_l 0.04847

VERT:
0.61700 1.00694 0.07433
-0.48332 0.16016 0.86067
0.36683 0.19768
fingers_03_l 0.54038 fingers_02_l 0.45962

VERT:
0.59229 1.06959 0.04826
-0.40020 0.20840 0.89242
0.37406 0.15402
fingers_01_l 0.56303 hand_l 0.43697

VERT:
0.57863 1.05315 0.04597
-0.40020 0.20840 0.89242
0.36100 0.16305
fingers_01_l 0.63723 hand_l 0.36277

VERT:
0.60431 1.02953 0.06300
-0.40020 0.20840 0.89242
0.36632 0.18238
fingers_01_l 0.48169 fingers_02_l 0.39798 fingers_03_l 0.07186 index_01_l 0.04847

VERT:
0.61347 1.05139 0.07041
0.70032 0.61929 0.35501
0.34643 0.15557
index_01_l 0.50000 index_02_l 0.50000

VERT:
0.60196 1.05457 0.08756
0.70032 0.61929 0.35501
0.34306 0.14705
index_01_l 0.50000 index_02_l 0.50000

VERT:
0.61747 1.02934 0.10098
0.70032 0.61929 0.35501
0.33149 0.15294
index_02_l 0.50000 index_03_l 0.50000

VERT:
0.58097 1.07909 0.05769
0.57376 0.78317 0.23969
0.36762 0.13997
index_01_l 0.94768 hand_l 0.05232

VERT:
0.60196 1.05457 0.08756
0.57376 0.78317 0.23969
0.34306 0.14705
index_01_l 0.50000 index_02_l 0.50000

VERT:
0.61347 1.05139 0.07041
0.57376 0.78317 0.23969
0.34643 0.15557
index_01_l 0.50000 index_02_l 0.50000

VERT:
0.63006 0.99849 0.09601
0.82429 0.25481 0.50558
0.32207 0.16434
index_03_l 0.87536 index_02_l 0.12464

VERT:
0.62761 1.02659 0.08583
0.82429 0.25481 0.50558
0.33432 0.15961
index_02_l 0.50000 index_03_l 0.50000

VERT:
0.61747 1.02934 0.10098
0.82429 0.25481 0.50558
0.33149 0.15294
index_02_l 0.50000 index_03_l 0.50000

VERT:
0.62264 0.99431 0.09258
-0.76332 -0.48108 -0.43116
0.01609 0.34971
index_03_l 0.95002 index_02_l 0.04998

VERT:
0.61573 0.99612 0.10280
-0.76332 -0.48108 -0.43116
0.01965 0.35531
index_03_l 1.00000

VERT:
0.60491 1.02163 0.09350
-0.76332 -0.48108 -0.43116
0.03333 0.34792
index_02_l 0.50000 index_03_l 0.50000

VERT:
0.60491 1.02163 0.09350
-0.57157 0.05573 0.81866
0.32821 0.14630
index_02_l 0.50000 index_03_l 0.50000

VERT:
0.61573 0.99612 0.10280
-0.57157 0.05573 0.81866
0.31697 0.15457
index_03_l 1.00000

VERT:
0.62247 1.00051 0.10720
-0.57157 0.05573 0.81866
0.31954 0.15813
index_03_l 0.87052 index_02_l 0.12948

VERT:
0.61425 1.01911 0.07973
0.53092 -0.22319 -0.81750
0.33677 0.16639
index_02_l 0.50000 index_03_l 0.50000

VERT:
0.60126 1.03956 0.06571
0.53092 -0.22319 -0.81750
0.34878 0.16207
index_01_l 0.50000 index_02_l 0.50000

VERT:
0.61347 1.05139 0.07041
0.53092 -0.22319 -0.81750
0.34643 0.15557
index_01_l 0.50000 index_02_l 0.50000

VERT:
0.63006 0.99849 0.09601
0.51856 -0.24841 -0.81816
0.32207 0.16434
index_03_l 0.87536 index_02_l 0.12464

VERT:
0.62264 0.99431 0.09258
0.51856 -0.24841 -0.81816
0.32284 0.16871
index_03_l 0.95002 index_02_l 0.04998

VERT:
0.61425 1.01911 0.07973
0.51856 -0.24841 -0.81816
0.33677 0.16639
index_02_l 0.50000 index_03_l 0.50000

VERT:
0.57224 1.10447 -0.02524
0.65018 0.31232 -0.69262
0.42064 0.12740
hand_l 0.91944 fingers_01_l 0.08056

VERT:
0.55980 1.08297 -0.04662
0.65018 0.31232 -0.69262
0.43670 0.13327
hand_l 0.88452 fingers_01_l 0.11548

VERT:
0.54492 1.10407 -0.05107
0.65018 0.31232 -0.69262
0.43869 0.12000
hand_l 1.00000

VERT:
0.55130 1.13106 -0.03034
0.64998 0.73911 0.17677
0.42411 0.11010
forearm_l 1.00000

VERT:
0.53764 1.13774 -0.00807
0.64998 0.73911 0.17677
0.41292 0.10214
forearm_l 1.00000

VERT:
0.55240 1.11886 0.01663
0.64998 0.73911 0.17677
0.39922 0.11374
hand_l 0.98593 index_01_l 0.01407

VERT:
0.58580 1.08622 0.02684
0.80472 0.59365 -0.00158
0.38953 0.13998
hand_l 0.95287 fingers_01_l 0.04713

VERT:
0.59205 1.07769 0.00422
0.80472 0.59365 -0.00158
0.40414 0.14602
hand_l 0.85439 fingers_01_l 0.14561

VERT:
0.57224 1.10447 -0.02524
0.80472 0.59365 -0.00158
0.42064 0.12740
hand_l 0.91944 fingers_01_l 0.08056

VERT:
0.61358 0.99629 -0.00278
0.11107 -0.38334 -0.91690
0.42493 0.19279
fingers_02_l 0.69232 fingers_03_l 0.30768

VERT:
0.60682 1.01160 -0.01000
0.11107 -0.38334 -0.91690
0.42755 0.18267
fingers_01_l 0.58066 fingers_02_l 0.37411 fingers_03_l 0.04524

VERT:
0.62314 1.01860 -0.01095
0.11107 -0.38334 -0.91690
0.41828 0.18074
fingers_01_l 0.60485 fingers_02_l 0.37266 fingers_03_l 0.02249

VERT:
0.60758 0.97020 0.00790
-0.94231 0.13407 0.30674
0.00434 0.30009
fingers_03_l 0.75760 fingers_02_l 0.24240

VERT:
0.61591 0.97337 0.03213
-0.94231 0.13407 0.30674
0.00555 0.31359
fingers_03_l 0.86329 fingers_02_l 0.12156 fingers_01_l 0.01514

VERT:
0.61635 1.00005 0.02181
-0.94231 0.13407 0.30674
0.01988 0.30900
fingers_02_l 0.74791 fingers_03_l 0.25209

VERT:
0.62621 0.97230 0.03330
0.97476 -0.21952 -0.04065
0.40460 0.21113
fingers_03_l 0.91611 fingers_02_l 0.08389

VERT:
0.63232 1.00087 0.02544
0.97476 -0.21952 -0.04065
0.40317 0.19546
fingers_02_l 0.50000 fingers_03_l 0.50000

VERT:
0.63551 1.00904 0.05784
0.97476 -0.21952 -0.04065
0.38675 0.19676
fingers_02_l 0.50000 fingers_03_l 0.50000

VERT:
0.61816 0.96760 0.00798
0.91545 -0.40176 0.02315
0.41928 0.20946
fingers_03_l 0.79103 fingers_02_l 0.20897

VERT:
0.62989 0.99384 -0.00053
0.91545 -0.40176 0.02315
0.41623 0.19403
fingers_02_l 0.50000 fingers_03_l 0.50000

VERT:
0.63232 1.00087 0.02544
0.91545 -0.40176 0.02315
0.40317 0.19546
fingers_02_l 0.50000 fingers_03_l 0.50000

VERT:
0.60431 1.02953 0.06300
-0.86207 -0.48869 -0.13422
0.03665 0.33073
fingers_01_l 0.48169 fingers_02_l 0.39798 fingers_03_l 0.07186 index_01_l 0.04847

VERT:
0.61000 1.02537 0.04160
-0.86207 -0.48869 -0.13422
0.03314 0.31958
fingers_01_l 0.59189 fingers_02_l 0.36336 fingers_03_l 0.04475

VERT:
0.62062 1.00355 0.05286
-0.86207 -0.48869 -0.13422
0.02072 0.32543
fingers_03_l 0.54810 fingers_02_l 0.45190

VERT:
0.62989 0.99384 -0.00053
0.96958 0.21523 -0.11660
0.41623 0.19403
fingers_02_l 0.50000 fingers_03_l 0.50000

VERT:
0.62314 1.01860 -0.01095
0.96958 0.21523 -0.11660
0.41828 0.18074
fingers_01_l 0.60485 fingers_02_l 0.37266 fingers_03_l 0.02249

VERT:
0.62448 1.02665 0.01500
0.96958 0.21523 -0.11660
0.40419 0.18057
fingers_01_l 0.64255 fingers_02_l 0.35745

VERT:
0.62636 0.97859 0.06504
-0.12237 -0.97345 0.19345
0.38800 0.21657
fingers_03_l 0.77012 fingers_02_l 0.22988

VERT:
0.61591 0.97337 0.03213
-0.12237 -0.97345 0.19345
0.40712 0.21622
fingers_03_l 0.86329 fingers_02_l 0.12156 fingers_01_l 0.01514

VERT:
0.62621 0.97230 0.03330
-0.12237 -0.97345 0.19345
0.40460 0.21113
fingers_03_l 0.91611 fingers_02_l 0.08389

VERT:
0.63626 0.97945 0.06670
0.09487 -0.95994 0.26366
0.38616 0.21172
fingers_03_l 0.79044 fingers_02_l 0.20956

VERT:
0.63397 0.98489 0.08734
0.09487 -0.95994 0.26366
0.37500 0.21284
fingers_03_l 0.82176 fingers_02_l 0.17824

VERT:
0.62482 0.98328 0.08479
0.09487 -0.95994 0.26366
0.37678 0.21811
fingers_03_l 0.81464 fingers_02_l 0.18536

VERT:
0.52109 1.02147 0.05527
-0.70045 -0.60669 -0.37589
0.34295 0.07235
thumb_02_l 0.50000 thumb_03_l 0.50000

VERT:
0.51220 1.02170 0.07148
-0.70045 -0.60669 -0.37589
0.34008 0.08091
thumb_02_l 0.50000 thumb_03_l 0.50000

VERT:
0.49762 1.05303 0.04807
-0.70045 -0.60669 -0.37589
0.36007 0.08352
thumb_01_l 0.50000 thumb_02_l 0.50000

VERT:
0.53697 1.03252 0.06025
0.77581 0.46845 0.42269
0.33493 0.09864
thumb_02_l 0.50000 thumb_03_l 0.50000

VERT:
0.53402 1.05330 0.04266
0.77581 0.46845 0.42269
0.34483 0.10889
thumb_01_l 0.48610 thumb_02_l 0.48610 hand_l 0.02780

VERT:
0.51810 1.06495 0.05896
0.77581 0.46845 0.42269
0.35786 0.09888
thumb_01_l 0.50000 thumb_02_l 0.50000

VERT:
0.53697 1.03252 0.06025
0.56541 -0.52646 -0.63494
0.07906 0.33451
thumb_02_l 0.50000 thumb_03_l 0.50000

VERT:
0.52109 1.02147 0.05527
0.56541 -0.52646 -0.63494
0.08973 0.33610
thumb_02_l 0.50000 thumb_03_l 0.50000

VERT:
0.51623 1.04334 0.03282
0.56541 -0.52646 -0.63494
0.09085 0.31901
thumb_01_l 0.49369 thumb_02_l 0.49369 hand_l 0.01261

VERT:
0.53697 1.03252 0.06025
0.84911 0.43297 0.30256
0.33493 0.09864
thumb_02_l 0.50000 thumb_03_l 0.50000

VERT:
0.53034 1.03403 0.07671
0.84911 0.43297 0.30256
0.33742 0.09048
thumb_02_l 0.50000 thumb_03_l 0.50000

VERT:
0.54368 1.00265 0.08416
0.84911 0.43297 0.30256
0.32201 0.08461
thumb_03_l 0.92814 thumb_02_l 0.07186

VERT:
0.51623 1.04334 0.03282
-0.64939 -0.66437 -0.37001
0.35927 0.07007
thumb_01_l 0.49369 thumb_02_l 0.49369 hand_l 0.01261

VERT:
0.49762 1.05303 0.04807
-0.64939 -0.66437 -0.37001
0.36007 0.08352
thumb_01_l 0.50000 thumb_02_l 0.50000

VERT:
0.48924 1.07397 0.02518
-0.64939 -0.66437 -0.37001
0.37488 0.08178
thumb_01_l 0.75681 hand_l 0.12989 thumb_02_l 0.11329

VERT:
0.61358 0.99629 -0.00278
0.07834 -0.33910 -0.93748
0.42493 0.19279
fingers_02_l 0.69232 fingers_03_l 0.30768

VERT:
0.62989 0.99384 -0.00053
0.07834 -0.33910 -0.93748
0.41623 0.19403
fingers_02_l 0.50000 fingers_03_l 0.50000

VERT:
0.61816 0.96760 0.00798
0.07834 -0.33910 -0.93748
0.41928 0.20946
fingers_03_l 0.79103 fingers_02_l 0.20897

VERT:
0.61591 0.97337 0.03213
-0.23470 -0.95023 0.20488
0.40712 0.21622
fingers_03_l 0.86329 fingers_02_l 0.12156 fingers_01_l 0.01514

VERT:
0.60758 0.97020 0.00790
-0.23470 -0.95023 0.20488
0.42149 0.21513
fingers_03_l 0.75760 fingers_02_l 0.24240

VERT:
0.61816 0.96760 0.00798
-0.23470 -0.95023 0.20488
0.41928 0.20946
fingers_03_l 0.79103 fingers_02_l 0.20897

VERT:
0.60682 1.01160 -0.01000
0.12022 -0.35739 -0.92619
0.42755 0.18267
fingers_01_l 0.58066 fingers_02_l 0.37411 fingers_03_l 0.04524

VERT:
0.58780 1.03484 -0.02143
0.12022 -0.35739 -0.92619
0.43348 0.16605
fingers_01_l 0.82834 hand_l 0.17166

VERT:
0.60497 1.04960 -0.02490
0.12022 -0.35739 -0.92619
0.42226 0.16157
fingers_01_l 0.82496 hand_l 0.17504

VERT:
0.55240 1.11886 0.01663
-0.16902 0.73174 0.66030
0.39922 0.11374
hand_l 0.98593 index_01_l 0.01407

VERT:
0.53764 1.13774 -0.00807
-0.16902 0.73174 0.66030
0.41292 0.10214
forearm_l 1.00000

VERT:
0.51390 1.12081 0.00462
-0.16902 0.73174 0.66030
0.39991 0.09267
forearm_l 1.00000

VERT:
0.53852 0.99317 0.06982
-0.71173 -0.63999 -0.28959
0.32446 0.07052
thumb_03_l 1.00000

VERT:
0.53220 0.99483 0.08171
-0.71173 -0.63999 -0.28959
0.32366 0.07764
thumb_03_l 1.00000

VERT:
0.51220 1.02170 0.07148
-0.71173 -0.63999 -0.28959
0.34008 0.08091
thumb_02_l 0.50000 thumb_03_l 0.50000

VERT:
-0.60854 1.01882 0.01366
0.93414 -0.32188 0.15421
0.51068 0.08425
fingers_01_r 0.62083 fingers_02_r 0.36258 fingers_03_r 0.01659

VERT:
-0.61635 1.00005 0.02181
0.93414 -0.32188 0.15421
0.52145 0.08830
fingers_02_r 0.74791 fingers_03_r 0.25209

VERT:
-0.61358 0.99629 -0.00278
0.93414 -0.32188 0.15421
0.52245 0.07519
fingers_02_r 0.69232 fingers_03_r 0.30768

VERT:
-0.57863 1.05315 0.04597
0.66514 -0.74605 -0.03178
0.48641 0.10095
fingers_01_r 0.63723 hand_r 0.36277

VERT:
-0.60431 1.02953 0.06300
0.66514 -0.74605 -0.03178
0.50469 0.11003
fingers_01_r 0.48169 fingers_02_r 0.39798 fingers_03_r 0.07186 index_01_r 0.04847

VERT:
-0.61000 1.02537 0.04160
0.66514 -0.74605 -0.03178
0.50820 0.09889
fingers_01_r 0.59189 fingers_02_r 0.36336 fingers_03_r 0.04475

VERT:
-0.58813 1.03989 0.00118
0.36663 -0.77479 -0.51505
0.49521 0.07701
fingers_01_r 0.91756 hand_r 0.08244

VERT:
-0.54653 1.07301 -0.01901
0.36663 -0.77479 -0.51505
0.46720 0.06201
hand_r 0.83700 fingers_01_r 0.11424 thumb_01_r 0.04876

VERT:
-0.53274 1.06391 0.00449
0.36663 -0.77479 -0.51505
0.46142 0.07706
hand_r 0.51592 thumb_01_r 0.38421 fingers_01_r 0.05647 thumb_02_r 0.04340

VERT:
-0.58813 1.03989 0.00118
0.76446 -0.59901 0.23828
0.49521 0.07701
fingers_01_r 0.91756 hand_r 0.08244

VERT:
-0.60854 1.01882 0.01366
0.76446 -0.59901 0.23828
0.51068 0.08425
fingers_01_r 0.62083 fingers_02_r 0.36258 fingers_03_r 0.01659

VERT:
-0.60682 1.01160 -0.01000
0.76446 -0.59901 0.23828
0.51358 0.07160
fingers_01_r 0.58066 fingers_02_r 0.37411 fingers_03_r 0.04524

VERT:
-0.58621 1.04612 0.02470
0.71946 -0.66688 0.19405
0.49199 0.08972
fingers_01_r 0.78602 index_01_r 0.12112 hand_r 0.09285

VERT:
-0.61000 1.02537 0.04160
0.71946 -0.66688 0.19405
0.50820 0.09889
fingers_01_r 0.59189 fingers_02_r 0.36336 fingers_03_r 0.04475

VERT:
-0.60854 1.01882 0.01366
0.71946 -0.66688 0.19405
0.51068 0.08425
fingers_01_r 0.62083 fingers_02_r 0.36258 fingers_03_r 0.01659

VERT:
-0.62062 1.00355 0.05286
0.94797 -0.06612 0.31143
0.52062 0.10473
fingers_03_r 0.54810 fingers_02_r 0.45190

VERT:
-0.62636 0.97859 0.06504
0.94797 -0.06612 0.31143
0.53391 0.11113
fingers_03_r 0.77012 fingers_02_r 0.22988

VERT:
-0.61591 0.97337 0.03213
0.94797 -0.06612 0.31143
0.53578 0.09289
fingers_03_r 0.86329 fingers_02_r 0.12156 fingers_01_r 0.01514

VERT:
-0.61000 1.02537 0.04160
0.91775 -0.36042 0.16680
0.50820 0.09889
fingers_01_r 0.59189 fingers_02_r 0.36336 fingers_03_r 0.04475

VERT:
-0.62062 1.00355 0.05286
0.91775 -0.36042 0.16680
0.52062 0.10473
fingers_03_r 0.54810 fingers_02_r 0.45190

VERT:
-0.61635 1.00005 0.02181
0.91775 -0.36042 0.16680
0.52145 0.08830
fingers_02_r 0.74791 fingers_03_r 0.25209

VERT:
-0.54653 1.07301 -0.01901
0.66330 -0.72821 0.17246
0.46720 0.06201
hand_r 0.83700 fingers_01_r 0.11424 thumb_01_r 0.04876

VERT:
-0.58813 1.03989 0.00118
0.66330 -0.72821 0.17246
0.49521 0.07701
fingers_01_r 0.91756 hand_r 0.08244

VERT:
-0.58780 1.03484 -0.02143
0.66330 -0.72821 0.17246
0.49810 0.06489
fingers_01_r 0.82834 hand_r 0.17166

VERT:
-0.57863 1.05315 0.04597
0.45606 -0.88264 -0.11382
0.48641 0.10095
fingers_01_r 0.63723 hand_r 0.36277

VERT:
-0.56511 1.05783 0.06380
0.45606 -0.88264 -0.11382
0.47912 0.11068
index_01_r 1.00000

VERT:
-0.59057 1.04237 0.08173
0.45606 -0.88264 -0.11382
0.49516 0.11987
index_01_r 0.50000 index_02_r 0.50000

VERT:
-0.61425 1.01911 0.07973
0.67445 -0.65794 -0.33501
0.51285 0.11969
index_02_r 0.50000 index_03_r 0.50000

VERT:
-0.60126 1.03956 0.06571
0.67445 -0.65794 -0.33501
0.50069 0.11111
index_01_r 0.50000 index_02_r 0.50000

VERT:
-0.59057 1.04237 0.08173
0.67445 -0.65794 -0.33501
0.49516 0.11987
index_01_r 0.50000 index_02_r 0.50000

VERT:
-0.52109 1.02147 0.05527
-0.37340 -0.23181 -0.89824
0.45160 0.11540
thumb_02_r 0.50000 thumb_03_r 0.50000

VERT:
-0.53852 0.99317 0.06982
-0.37340 -0.23181 -0.89824
0.45546 0.13461
thumb_03_r 1.00000

VERT:
-0.54831 1.00005 0.07211
-0.37340 -0.23181 -0.89824
0.46193 0.13345
thumb_03_r 0.93869 thumb_02_r 0.06131

VERT:
-0.53852 0.99317 0.06982
-0.47061 -0.80451 0.36233
0.40037 0.85468
thumb_03_r 1.00000

VERT:
-0.53220 0.99483 0.08171
-0.47061 -0.80451 0.36233
0.39350 0.85518
thumb_03_r 1.00000

VERT:
-0.54368 1.00265 0.08416
-0.47061 -0.80451 0.36233
0.39516 0.86216
thumb_03_r 0.92814 thumb_02_r 0.07186

VERT:
-0.62264 0.99431 0.09258
-0.32297 -0.87003 0.37248
0.39937 0.94326
index_03_r 0.95002 index_02_r 0.04998

VERT:
-0.61573 0.99612 0.10280
-0.32297 -0.87003 0.37248
0.40169 0.93760
index_03_r 1.00000

VERT:
-0.62247 1.00051 0.10720
-0.32297 -0.87003 0.37248
0.39763 0.93567
index_03_r 0.87052 index_02_r 0.12948

VERT:
-0.54492 1.10407 -0.05107
0.20244 -0.70829 -0.67627
0.45974 0.03886
hand_r 1.00000

VERT:
-0.50988 1.09150 -0.02741
0.20244 -0.70829 -0.67627
0.44505 0.05657
forearm_r 1.00000

VERT:
-0.54653 1.07301 -0.01901
0.20244 -0.70829 -0.67627
0.46720 0.06201
hand_r 0.83700 fingers_01_r 0.11424 thumb_01_r 0.04876

VERT:
-0.60491 1.02163 0.09350
0.53784 0.10284 0.83675
0.38895 0.92385
index_02_r 0.50000 index_03_r 0.50000

VERT:
-0.59057 1.04237 0.08173
0.53784 0.10284 0.83675
0.37757 0.91742
index_01_r 0.50000 index_02_r 0.50000

VERT:
-0.60196 1.05457 0.08756
0.53784 0.10284 0.83675
0.37410 0.92460
index_01_r 0.50000 index_02_r 0.50000

VERT:
-0.63046 1.01416 0.08089
0.29288 0.17214 0.94053
0.34185 0.97509
fingers_02_r 0.50000 fingers_03_r 0.50000

VERT:
-0.63397 0.98489 0.08734
0.29288 0.17214 0.94053
0.34216 0.99038
fingers_03_r 0.82176 fingers_02_r 0.17824

VERT:
-0.62482 0.98328 0.08479
0.29288 0.17214 0.94053
0.34768 0.99014
fingers_03_r 0.81464 fingers_02_r 0.18536

VERT:
-0.62636 0.97859 0.06504
0.95385 -0.27657 -0.11696
0.53391 0.11113
fingers_03_r 0.77012 fingers_02_r 0.22988

VERT:
-0.62062 1.00355 0.05286
0.95385 -0.27657 -0.11696
0.52062 0.10473
fingers_03_r 0.54810 fingers_02_r 0.45190

VERT:
-0.61700 1.00694 0.07433
0.95385 -0.27657 -0.11696
0.51827 0.11594
fingers_03_r 0.54038 fingers_02_r 0.45962

VERT:
-0.62423 1.03524 0.04520
-0.96182 0.26520 -0.06754
0.32920 0.95890
fingers_01_r 0.49070 fingers_02_r 0.48529 fingers_03_r 0.02401

VERT:
-0.62448 1.02665 0.01500
-0.96182 0.26520 -0.06754
0.31297 0.95812
fingers_01_r 0.64255 fingers_02_r 0.35745

VERT:
-0.63232 1.00087 0.02544
-0.96182 0.26520 -0.06754
0.31399 0.97301
fingers_02_r 0.50000 fingers_03_r 0.50000

VERT:
-0.63626 0.97945 0.06670
-0.98812 0.13475 0.07392
0.33100 0.98926
fingers_03_r 0.79044 fingers_02_r 0.20956

VERT:
-0.63397 0.98489 0.08734
-0.98812 0.13475 0.07392
0.34216 0.99038
fingers_03_r 0.82176 fingers_02_r 0.17824

VERT:
-0.63046 1.01416 0.08089
-0.98812 0.13475 0.07392
0.34185 0.97509
fingers_02_r 0.50000 fingers_03_r 0.50000

VERT:
-0.58686 1.07301 0.04873
-0.60189 -0.13978 -0.78625
0.34546 0.92651
index_01_r 0.77835 hand_r 0.16836 fingers_01_r 0.05329

VERT:
-0.57863 1.05315 0.04597
-0.60189 -0.13978 -0.78625
0.35616 0.94059
fingers_01_r 0.63723 hand_r 0.36277

VERT:
-0.60126 1.03956 0.06571
-0.60189 -0.13978 -0.78625
0.36838 0.93961
index_01_r 0.50000 index_02_r 0.50000

VERT:
-0.56983 1.07227 0.06606
0.52243 0.08278 0.84865
0.35678 0.91039
index_01_r 1.00000

VERT:
-0.60196 1.05457 0.08756
0.52243 0.08278 0.84865
0.37410 0.92460
index_01_r 0.50000 index_02_r 0.50000

VERT:
-0.59057 1.04237 0.08173
0.52243 0.08278 0.84865
0.37757 0.91742
index_01_r 0.50000 index_02_r 0.50000

VERT:
-0.63551 1.00904 0.05784
-0.87125 0.48371 0.08337
0.33041 0.97430
fingers_02_r 0.50000 fingers_03_r 0.50000

VERT:
-0.63046 1.01416 0.08089
-0.87125 0.48371 0.08337
0.34185 0.97509
fingers_02_r 0.50000 fingers_03_r 0.50000

VERT:
-0.61681 1.04098 0.06789
-0.87125 0.48371 0.08337
0.34183 0.95928
fingers_02_r 0.46563 fingers_01_r 0.44751 fingers_03_r 0.06101 hand_r 0.02586

VERT:
-0.61681 1.04098 0.06789
0.49997 0.15833 0.85144
0.34183 0.95928
fingers_02_r 0.46563 fingers_01_r 0.44751 fingers_03_r 0.06101 hand_r 0.02586

VERT:
-0.63046 1.01416 0.08089
0.49997 0.15833 0.85144
0.34185 0.97509
fingers_02_r 0.50000 fingers_03_r 0.50000

VERT:
-0.61700 1.00694 0.07433
0.49997 0.15833 0.85144
0.35033 0.97523
fingers_03_r 0.54038 fingers_02_r 0.45962

VERT:
-0.59229 1.06959 0.04826
0.48894 0.16834 0.85592
0.34311 0.93156
fingers_01_r 0.56303 hand_r 0.43697

VERT:
-0.61681 1.04098 0.06789
0.48894 0.16834 0.85592
0.34183 0.95928
fingers_02_r 0.46563 fingers_01_r 0.44751 fingers_03_r 0.06101 hand_r 0.02586

VERT:
-0.60431 1.02953 0.06300
0.48894 0.16834 0.85592
0.35084 0.95993
fingers_01_r 0.48169 fingers_02_r 0.39798 fingers_03_r 0.07186 index_01_r 0.04847

VERT:
-0.61347 1.05139 0.07041
-0.69931 0.62004 0.35569
0.37073 0.93311
index_01_r 0.50000 index_02_r 0.50000

VERT:
-0.62761 1.02659 0.08583
-0.69931 0.62004 0.35569
0.38284 0.93715
index_02_r 0.50000 index_03_r 0.50000

VERT:
-0.61747 1.02934 0.10098
-0.69931 0.62004 0.35569
0.38567 0.93048
index_02_r 0.50000 index_03_r 0.50000

VERT:
-0.58097 1.07909 0.05769
-0.66289 0.74539 -0.07048
0.34954 0.91752
index_01_r 0.94768 hand_r 0.05232

VERT:
-0.58686 1.07301 0.04873
-0.66289 0.74539 -0.07048
0.34546 0.92651
index_01_r 0.77835 hand_r 0.16836 fingers_01_r 0.05329

VERT:
-0.61347 1.05139 0.07041
-0.66289 0.74539 -0.07048
0.37073 0.93311
index_01_r 0.50000 index_02_r 0.50000

VERT:
-0.61747 1.02934 0.10098
-0.82429 0.25481 0.50558
0.38567 0.93048
index_02_r 0.50000 index_03_r 0.50000

VERT:
-0.62761 1.02659 0.08583
-0.82429 0.25481 0.50558
0.38284 0.93715
index_02_r 0.50000 index_03_r 0.50000

VERT:
-0.63006 0.99849 0.09601
-0.82429 0.25481 0.50558
0.39509 0.94188
index_03_r 0.87536 index_02_r 0.12464

VERT:
-0.62264 0.99431 0.09258
0.76363 -0.48130 -0.43037
0.52525 0.12902
index_03_r 0.95002 index_02_r 0.04998

VERT:
-0.61425 1.01911 0.07973
0.76363 -0.48130 -0.43037
0.51285 0.11969
index_02_r 0.50000 index_03_r 0.50000

VERT:
-0.60491 1.02163 0.09350
0.76363 -0.48130 -0.43037
0.50801 0.12722
index_02_r 0.50000 index_03_r 0.50000

VERT:
-0.62247 1.00051 0.10720
0.57156 0.05574 0.81866
0.39763 0.93567
index_03_r 0.87052 index_02_r 0.12948

VERT:
-0.61573 0.99612 0.10280
0.57156 0.05574 0.81866
0.40020 0.93212
index_03_r 1.00000

VERT:
-0.60491 1.02163 0.09350
0.57156 0.05574 0.81866
0.38895 0.92385
index_02_r 0.50000 index_03_r 0.50000

VERT:
-0.61347 1.05139 0.07041
-0.53092 -0.22319 -0.81750
0.37073 0.93311
index_01_r 0.50000 index_02_r 0.50000

VERT:
-0.60126 1.03956 0.06571
-0.53092 -0.22319 -0.81750
0.36838 0.93961
index_01_r 0.50000 index_02_r 0.50000

VERT:
-0.61425 1.01911 0.07973
-0.53092 -0.22319 -0.81750
0.38039 0.94394
index_02_r 0.50000 index_03_r 0.50000

VERT:
-0.63006 0.99849 0.09601
-0.51536 -0.25167 -0.81919
0.39509 0.94188
index_03_r 0.87536 index_02_r 0.12464

VERT:
-0.62761 1.02659 0.08583
-0.51536 -0.25167 -0.81919
0.38284 0.93715
index_02_r 0.50000 index_03_r 0.50000

VERT:
-0.61425 1.01911 0.07973
-0.51536 -0.25167 -0.81919
0.38039 0.94394
index_02_r 0.50000 index_03_r 0.50000

VERT:
-0.57224 1.10447 -0.02525
-0.63521 0.37054 -0.67765
0.29652 0.90494
hand_r 0.91944 fingers_01_r 0.08056

VERT:
-0.55130 1.13106 -0.03034
-0.63521 0.37054 -0.67765
0.29305 0.88764
forearm_r 1.00000

VERT:
-0.54492 1.10407 -0.05107
-0.63521 0.37054 -0.67765
0.27848 0.89754
hand_r 1.00000

VERT:
-0.55130 1.13106 -0.03034
-0.76352 0.62917 0.14555
0.29305 0.88764
forearm_r 1.00000

VERT:
-0.57224 1.10447 -0.02525
-0.76352 0.62917 0.14555
0.29652 0.90494
hand_r 0.91944 fingers_01_r 0.08056

VERT:
-0.55240 1.11886 0.01663
-0.76352 0.62917 0.14555
0.31794 0.89128
hand_r 0.98593 index_01_r 0.01407

VERT:
-0.58580 1.08622 0.02684
-0.68495 0.72466 0.07549
0.32763 0.91752
hand_r 0.95287 fingers_01_r 0.04713

VERT:
-0.55240 1.11886 0.01663
-0.68495 0.72466 0.07549
0.31794 0.89128
hand_r 0.98593 index_01_r 0.01407

VERT:
-0.57224 1.10447 -0.02525
-0.68495 0.72466 0.07549
0.29652 0.90494
hand_r 0.91944 fingers_01_r 0.08056

VERT:
-0.62314 1.01860 -0.01095
-0.11107 -0.38334 -0.91690
0.29888 0.95829
fingers_01_r 0.60485 fingers_02_r 0.37266 fingers_03_r 0.02249

VERT:
-0.60682 1.01160 -0.01000
-0.11107 -0.38334 -0.91690
0.28961 0.96022
fingers_01_r 0.58066 fingers_02_r 0.37411 fingers_03_r 0.04524

VERT:
-0.61358 0.99629 -0.00278
-0.11107 -0.38334 -0.91690
0.29223 0.97034
fingers_02_r 0.69232 fingers_03_r 0.30768

VERT:
-0.60758 0.97020 0.00790
0.96542 0.25110 0.07016
0.53699 0.07939
fingers_03_r 0.75760 fingers_02_r 0.24240

VERT:
-0.61358 0.99629 -0.00278
0.96542 0.25110 0.07016
0.52245 0.07519
fingers_02_r 0.69232 fingers_03_r 0.30768

VERT:
-0.61635 1.00005 0.02181
0.96542 0.25110 0.07016
0.52145 0.08830
fingers_02_r 0.74791 fingers_03_r 0.25209

VERT:
-0.63551 1.00904 0.05784
-0.97476 -0.21953 -0.04065
0.33041 0.97430
fingers_02_r 0.50000 fingers_03_r 0.50000

VERT:
-0.63232 1.00087 0.02544
-0.97476 -0.21953 -0.04065
0.31399 0.97301
fingers_02_r 0.50000 fingers_03_r 0.50000

VERT:
-0.62621 0.97230 0.03330
-0.97476 -0.21953 -0.04065
0.31256 0.98867
fingers_03_r 0.91611 fingers_02_r 0.08389

VERT:
-0.63232 1.00087 0.02544
-0.91545 -0.40176 0.02314
0.31399 0.97301
fingers_02_r 0.50000 fingers_03_r 0.50000

VERT:
-0.62989 0.99384 -0.00053
-0.91545 -0.40176 0.02314
0.30093 0.97157
fingers_02_r 0.50000 fingers_03_r 0.50000

VERT:
-0.61816 0.96760 0.00798
-0.91545 -0.40176 0.02314
0.29788 0.98700
fingers_03_r 0.79103 fingers_02_r 0.20897

VERT:
-0.60431 1.02953 0.06300
0.85621 -0.51275 -0.06316
0.50469 0.11003
fingers_01_r 0.48169 fingers_02_r 0.39798 fingers_03_r 0.07186 index_01_r 0.04847

VERT:
-0.61700 1.00694 0.07433
0.85621 -0.51275 -0.06316
0.51827 0.11594
fingers_03_r 0.54038 fingers_02_r 0.45962

VERT:
-0.62062 1.00355 0.05286
0.85621 -0.51275 -0.06316
0.52062 0.10473
fingers_03_r 0.54810 fingers_02_r 0.45190

VERT:
-0.62448 1.02665 0.01500
-0.96958 0.21523 -0.11660
0.31297 0.95812
fingers_01_r 0.64255 fingers_02_r 0.35745

VERT:
-0.62314 1.01860 -0.01095
-0.96958 0.21523 -0.11660
0.29888 0.95829
fingers_01_r 0.60485 fingers_02_r 0.37266 fingers_03_r 0.02249

VERT:
-0.62989 0.99384 -0.00053
-0.96958 0.21523 -0.11660
0.30093 0.97157
fingers_02_r 0.50000 fingers_03_r 0.50000

VERT:
-0.62621 0.97230 0.03330
0.12237 -0.97345 0.19345
0.31256 0.98867
fingers_03_r 0.91611 fingers_02_r 0.08389

VERT:
-0.61591 0.97337 0.03213
0.12237 -0.97345 0.19345
0.31004 0.99377
fingers_03_r 0.86329 fingers_02_r 0.12156 fingers_01_r 0.01514

VERT:
-0.62636 0.97859 0.06504
0.12237 -0.97345 0.19345
0.32917 0.99412
fingers_03_r 0.77012 fingers_02_r 0.22988

VERT:
-0.62482 0.98328 0.08479
-0.09487 -0.95994 0.26366
0.34038 0.99566
fingers_03_r 0.81464 fingers_02_r 0.18536

VERT:
-0.63397 0.98489 0.08734
-0.09487 -0.95994 0.26366
0.34216 0.99038
fingers_03_r 0.82176 fingers_02_r 0.17824

VERT:
-0.63626 0.97945 0.06670
-0.09487 -0.95994 0.26366
0.33100 0.98926
fingers_03_r 0.79044 fingers_02_r 0.20956

VERT:
-0.52109 1.02147 0.05527
0.67075 -0.59871 -0.43777
0.37421 0.84990
thumb_02_r 0.50000 thumb_03_r 0.50000

VERT:
-0.51623 1.04334 0.03281
0.67075 -0.59871 -0.43777
0.35789 0.84762
thumb_01_r 0.49369 thumb_02_r 0.49369 hand_r 0.01261

VERT:
-0.49762 1.05303 0.04807
0.67075 -0.59871 -0.43777
0.35709 0.86106
thumb_01_r 0.50000 thumb_02_r 0.50000

VERT:
-0.51810 1.06495 0.05896
-0.77581 0.46845 0.42269
0.35930 0.87643
thumb_01_r 0.50000 thumb_02_r 0.50000

VERT:
-0.53402 1.05330 0.04266
-0.77581 0.46845 0.42269
0.37233 0.88643
thumb_01_r 0.48610 thumb_02_r 0.48610 hand_r 0.02780

VERT:
-0.53697 1.03252 0.06025
-0.77581 0.46845 0.42269
0.38223 0.87618
thumb_02_r 0.50000 thumb_03_r 0.50000

VERT:
-0.53697 1.03252 0.06025
-0.61286 -0.45809 -0.64386
0.46227 0.11381
thumb_02_r 0.50000 thumb_03_r 0.50000

VERT:
-0.53402 1.05330 0.04266
-0.61286 -0.45809 -0.64386
0.46269 0.09903
thumb_01_r 0.48610 thumb_02_r 0.48610 hand_r 0.02780

VERT:
-0.51623 1.04334 0.03281
-0.61286 -0.45809 -0.64386
0.45049 0.09831
thumb_01_r 0.49369 thumb_02_r 0.49369 hand_r 0.01261

VERT:
-0.53697 1.03252 0.06025
-0.88126 0.39979 0.25208
0.38223 0.87618
thumb_02_r 0.50000 thumb_03_r 0.50000

VERT:
-0.54831 1.00005 0.07211
-0.88126 0.39979 0.25208
0.39807 0.86793
thumb_03_r 0.93869 thumb_02_r 0.06131

VERT:
-0.54368 1.00265 0.08416
-0.88126 0.39979 0.25208
0.39516 0.86216
thumb_03_r 0.92814 thumb_02_r 0.07186

VERT:
-0.51623 1.04334 0.03281
0.66375 -0.66845 -0.33557
0.35789 0.84762
thumb_01_r 0.49369 thumb_02_r 0.49369 hand_r 0.01261

VERT:
-0.50609 1.06567 0.00840
0.66375 -0.66845 -0.33557
0.33990 0.84800
thumb_01_r 0.61295 hand_r 0.27044 thumb_02_r 0.11661

VERT:
-0.48924 1.07397 0.02518
0.66375 -0.66845 -0.33557
0.34228 0.85932
thumb_01_r 0.75681 hand_r 0.12989 thumb_02_r 0.11329

VERT:
-0.61816 0.96760 0.00798
-0.07834 -0.33910 -0.93748
0.29788 0.98700
fingers_03_r 0.79103 fingers_02_r 0.20897

VERT:
-0.62989 0.99384 -0.00053
-0.07834 -0.33910 -0.93748
0.30093 0.97157
fingers_02_r 0.50000 fingers_03_r 0.50000

VERT:
-0.61358 0.99629 -0.00278
-0.07834 -0.33910 -0.93748
0.29223 0.97034
fingers_02_r 0.69232 fingers_03_r 0.30768

VERT:
-0.61816 0.96760 0.00798
0.23470 -0.95023 0.20488
0.29788 0.98700
fingers_03_r 0.79103 fingers_02_r 0.20897

VERT:
-0.60758 0.97020 0.00790
0.23470 -0.95023 0.20488
0.29567 0.99267
fingers_03_r 0.75760 fingers_02_r 0.24240

VERT:
-0.61591 0.97337 0.03213
0.23470 -0.95023 0.20488
0.31004 0.99377
fingers_03_r 0.86329 fingers_02_r 0.12156 fingers_01_r 0.01514

VERT:
-0.60497 1.04960 -0.02490
-0.12022 -0.35739 -0.92619
0.29490 0.93912
fingers_01_r 0.82496 hand_r 0.17504

VERT:
-0.58780 1.03484 -0.02143
-0.12022 -0.35739 -0.92619
0.28368 0.94360
fingers_01_r 0.82834 hand_r 0.17166

VERT:
-0.60682 1.01160 -0.01000
-0.12022 -0.35739 -0.92619
0.28961 0.96022
fingers_01_r 0.58066 fingers_02_r 0.37411 fingers_03_r 0.04524

VERT:
-0.51390 1.12081 0.00462
0.16902 0.73174 0.66030
0.31726 0.87021
forearm_r 1.00000

VERT:
-0.53764 1.13774 -0.00807
0.16902 0.73174 0.66030
0.30424 0.87969
hand_r 1.00000

VERT:
-0.55240 1.11886 0.01663
0.16902 0.73174 0.66030
0.31794 0.89128
hand_r 0.98593 index_01_r 0.01407

VERT:
-0.53852 0.99317 0.06982
0.69293 -0.61787 -0.37160
0.39271 0.84806
thumb_03_r 1.00000

VERT:
-0.52109 1.02147 0.05527
0.69293 -0.61787 -0.37160
0.37421 0.84990
thumb_02_r 0.50000 thumb_03_r 0.50000

VERT:
-0.51220 1.02170 0.07148
0.69293 -0.61787 -0.37160
0.37708 0.85845
thumb_02_r 0.50000 thumb_03_r 0.50000

VERT:
0.36089 1.24532 -0.08132
-0.62998 -0.37111 0.68221
0.87629 0.19047
forearm_l 0.99921 arm_l 0.00079

VERT:
0.33077 1.21522 -0.12551
-0.62998 -0.37111 0.68221
0.84244 0.18757
forearm_l 0.98038 clavicle_l 0.01904 arm_l 0.00058

VERT:
0.50988 1.09150 -0.02741
-0.62998 -0.37111 0.68221
0.86512 0.31367
forearm_l 1.00000

INDEX_COUNT: 2622
0 1 2 3 4 5 6 7 8 9 10 11 12 13 14 15 16 17 18 19 20 21 22 23 24 9 25 26 27 28 29 30 31 32 33 34 33 35 34 36 37 38 39 40 41 42 43 44 45 46 47 48 49 50 51 52 53 54 55 56 57 58 59 60 61 62 63 64 65 66 67 68 69 70 71 72 73 74 75 76 77 78 79 80 81 82 83 84 85 86 87 88 89 90 91 92 93 94 95 96 97 98 99 100 101 102 103 104 105 106 107 108 109 110 111 112 113 114 115 116 117 118 119 120 121 122 123 124 125 126 127 128 129 130 131 132 133 134 135 136 137 138 139 140 141 142 143 144 145 146 147 148 149 150 151 152 153 154 155 156 157 158 159 160 161 162 163 164 165 166 167 168 169 170 171 172 173 174 175 176 177 178 179 180 181 182 183 184 185 186 187 188 189 190 191 192 193 194 195 196 197 198 199 200 201 202 203 204 205 206 207 208 209 210 211 212 213 214 215 216 217 218 219 220 221 222 223 224 225 226 227 228 229 230 231 232 233 234 235 236 237 238 239 240 241 242 243 244 245 246 247 248 249 250 251 252 253 254 255 256 257 9 258 10 259 260 261 262 263 264 265 266 267 268 269 270 271 272 273 274 275 276 277 278 279 280 281 282 283 284 285 286 287 288 289 290 291 292 293 294 295 296 297 298 299 300 301 302 303 304 305 306 307 308 309 310 311 312 313 314 315 316 317 318 319 320 321 322 323 324 325 326 327 328 329 330 331 332 333 334 335 336 337 338 339 340 341 342 343 344 345 346 347 348 349 350 351 352 353 354 355 356 357 358 359 360 361 362 363 364 365 366 367 368 369 370 371 372 373 374 375 376 377 378 379 380 381 382 383 384 385 386 387 388 389 390 391 392 393 394 395 396 397 398 399 400 401 402 403 404 405 406 407 408 409 410 411 25 33 412 9 413 33 414 415 416 417 418 419 420 421 422 423 424 425 426 427 428 429 430 431 432 433 434 435 436 437 438 439 440 441 442 443 444 445 446 447 448 449 450 451 452 453 454 455 456 400 402 457 458 459 460 461 462 463 464 465 466 467 468 469 470 471 472 473 474 475 476 477 478 479 480 466 481 482 483 484 485 486 487 488 489 490 491 492 490 493 494 495 496 497 498 499 500 501 502 503 504 505 506 507 508 509 510 511 512 513 514 515 516 517 518 519 520 521 522 523 524 525 526 527 528 529 530 531 532 533 534 535 536 537 538 539 540 541 542 543 544 545 546 547 548 549 550 551 552 553 554 555 556 557 558 559 560 561 562 563 564 565 566 567 568 569 570 571 572 573 574 575 576 577 578 579 580 581 582 583 584 585 586 587 588 589 590 591 592 593 594 595 596 597 598 599 600 601 602 603 604 605 606 607 608 609 610 611 612 613 614 615 616 617 618 619 620 621 622 623 624 625 626 627 628 629 630 631 632 633 634 635 636 637 638 639 640 641 642 643 644 645 646 647 648 649 650 651 652 653 654 655 656 657 658 659 660 661 662 663 664 665 666 667 668 669 670 671 672 673 674 675 676 677 678 679 680 681 682 683 684 685 686 687 688 689 690 691 692 693 694 695 696 697 698 699 700 701 702 703 704 705 706 707 708 709 710 711 712 713 714 715 716 717 718 719 720 721 722 723 724 725 726 727 728 729 730 731 732 733 734 735 736 737 738 739 740 741 742 743 744 745 746 747 748 749 750 751 752 753 754 755 756 757 758 759 760 761 762 763 764 765 766 767 768 769 770 771 772 773 774 775 776 777 778 779 780 781 782 783 784 785 786 787 788 789 790 791 792 793 794 795 796 797 798 799 800 801 802 803 804 805 806 807 808 809 810 811 812 813 814 815 816 817 818 819 820 821 822 823 824 825 826 827 828 829 830 831 832 833 834 835 836 837 838 839 840 841 842 843 844 845 846 847 848 849 850 851 852 853 854 855 856 857 858 859 860 861 862 863 864 865 866 867 868 490 482 491 869 466 490 870 871 872 873 874 875 876 877 878 879 880 881 882 883 884 885 886 887 888 889 890 891 892 893 894 895 896 897 898 899 900 901 902 903 904 905 906 907 908 909 910 911 912 913 914 915 916 917 918 919 920 921 922 923 924 925 926 927 928 929 930 931 932 933 934 935 936 937 938 939 940 941 942 943 944 945 946 947 948 949 950 951 952 953 954 955 956 957 958 959 960 961 962 963 964 965 966 967 968 969 970 971 972 973 974 975 976 977 978 979 980 981 982 983 984 985 986 987 988 989 990 991 992 993 994 995 996 997 998 999 1000 1001 1002 1003 1004 1005 1006 1007 1008 1009 1010 1011 1012 1013 1014 1015 1016 1017 1018 1019 1020 1021 1022 1023 1024 1025 1026 1027 1028 1029 1030 1031 1032 1033 1034 1035 1036 1037 1038 1039 1040 1041 1042 1043 1044 1045 1046 1047 1048 1049 1050 1051 1052 1053 1054 1055 1056 1057 1058 1059 1060 1061 1062 1063 1064 1065 1066 1067 1068 1069 1070 1071 1072 1073 1074 1075 1076 1077 1078 1079 1080 1081 1082 1083 1084 1085 1086 1087 1088 1089 1090 1091 1092 1093 1094 1095 1096 1097 1098 1099 1100 1101 1102 1103 1104 1105 1106 1107 1108 1109 1110 1111 1112 1113 1114 1115 1116 1117 1118 1119 1120 1121 1122 1123 1124 1125 1126 1127 1128 1129 1130 1131 1132 1133 1134 1135 1136 1137 1138 1139 1140 1141 1142 1143 1144 1145 1146 1147 1148 1149 1150 1151 1152 1153 1154 1155 1156 1157 1158 1159 1160 1161 1162 1163 1164 1165 1166 1167 1168 1169 1170 1171 1172 1173 1174 1175 1176 1177 1178 1179 1180 1181 1182 1183 1184 1185 1186 1187 1188 1189 1190 1191 1192 1193 1194 1195 1196 1197 1198 1199 1200 1201 1202 1203 1204 1205 1206 1207 1208 1209 1210 1211 1212 1213 1214 1215 1216 1217 1218 1219 1220 1221 1222 1223 1224 1225 1226 1227 1228 1229 1230 1231 1232 1233 1234 1235 1236 1237 1238 1239 1240 1241 1242 1243 1244 1245 1246 1247 1248 1249 1250 1251 1252 1253 1254 1255 1256 1257 1258 1259 1260 1261 1262 1263 1264 1265 1266 1267 1268 1269 1270 1271 1272 1273 1274 1275 1276 1277 1278 1279 1280 1281 1282 1283 1284 1285 1286 1287 1288 1289 1290 1291 1292 1293 1294 1295 1296 1297 1298 1299 1300 1301 1302 1303 1304 1305 1306 1307 1308 1309 1310 1311 1312 1313 1314 1315 1316 1317 1318 1319 1320 1321 1322 1323 1324 1325 1326 1327 1328 1329 1330 1331 1332 1333 1334 1335 1336 1337 1338 1339 1340 1341 1342 1343 1344 1345 1346 1347 1348 1349 1350 1351 1352 1353 1354 1355 1356 1357 1358 1359 1360 1361 1362 1363 1364 1365 1366 1367 1368 1369 1370 1371 1372 1373 1374 1375 1376 1377 1378 1379 1380 1381 1382 1383 1384 1385 1386 1387 1388 1389 1390 1391 1392 1393 1394 1395 1396 1397 1398 1399 1400 1401 1402 1403 1404 1405 1406 1407 1408 1409 1410 1411 1412 1413 1414 1415 1416 1417 1418 1419 1420 1421 1422 1423 1424 1425 1426 1427 1428 1429 1430 1431 1432 1433 1434 1435 1436 1437 1438 1439 1440 1441 1442 1443 1444 1445 1446 1447 1448 1449 1450 1451 1452 1453 1454 1455 1456 1457 1458 1459 1460 1461 1462 1463 1464 1465 1466 1467 1468 1469 1470 1471 1472 1473 1474 1475 1476 1477 1478 1479 1480 1481 1482 1483 1484 1485 1486 1487 1488 1489 1490 1491 1492 1493 1494 1495 1496 1497 1498 1499 1500 1501 1502 1503 1504 1505 1506 1507 1508 1509 1510 1511 1512 1513 1514 1515 1516 1517 1518 1519 1520 1521 1522 1523 1524 1525 1526 1527 1528 1529 1530 1531 1532 1533 1534 1535 1536 1537 1538 1539 1540 1541 1542 1543 1544 1545 1546 1547 1548 1549 1550 1551 1552 1553 1554 1555 1556 1557 1558 1559 1560 1561 1562 1563 1564 1565 1566 1567 1568 1569 1570 1571 1572 1573 1574 1575 1576 1577 1578 1579 1580 1581 1582 1583 1584 1585 1586 1587 1588 1589 24 258 9 1590 1591 1592 1593 1594 1595 32 412 33 33 413 35 1596 1597 1598 1599 1600 1601 1602 1603 1604 1605 1606 1607 1608 1609 1610 1611 1612 1613 1614 1615 1616 1617 1618 1619 1620 1621 1622 1623 1624 1625 1626 1627 1628 1629 1630 1631 1632 1633 1634 1635 1636 1637 1638 1639 1640 1641 1642 1643 1644 1645 1646 1647 1648 1649 1650 1651 1652 1653 1654 1655 1656 1657 1658 1659 1660 1661 1662 1663 1664 1665 1666 1667 1668 1669 1670 1671 1672 1673 1674 1675 1676 1677 1678 1679 1680 1681 1682 1683 1684 1685 1686 1687 1688 1689 1690 1691 1692 1693 1694 1695 1696 1697 1698 1699 1700 1701 1702 1703 1704 1705 1706 1707 1708 1709 1710 1711 1712 1713 1714 1715 1716 1717 1718 1719 1720 1721 1722 1723 1724 1725 1726 1727 1728 1729 1730 1731 1732 1733 1734 1735 1736 1737 1738 1739 1740 1741 1742 1743 1744 1745 1746 1747 1748 1749 1750 1751 1752 1753 1754 1755 1756 1757 1758 1759 1760 1761 1762 1763 1764 1765 1766 1767 1768 1769 1770 1771 1772 1773 1774 1775 1776 1777 1778 1779 1780 1781 1782 1783 1784 1785 1786 1787 1788 1789 1790 1791 1792 1793 1794 1795 1796 1797 1798 1799 1800 1801 1802 1803 1804 1805 1806 1807 1808 1809 1810 1811 1812 1813 1814 1815 1816 1817 1818 1819 1820 1821 1822 1823 1824 1825 1826 1827 1828 1829 1830 1831 1832 1833 1834 1835 1836 1837 1838 382 384 1839 1840 1841 1842 1843 1844 1845 1846 1847 1848 1849 1850 1851 1852 1853 1854 1855 1856 1857 1858 1859 1860 1861 1862 1863 1864 1865 1866 1867 1868 1869 1870 1871 1872 1873 1874 1875 1876 1877 1878 1879 1880 1881 1882 1883 1884 25 9 33 9 11 413 1885 1886 1887 1888 1889 1890 1891 1892 1893 1894 1895 1896 1897 1898 1899 1900 1901 1902 1903 1904 1905 1906 1907 1908 1909 1910 1911 1912 1913 1914 1915 1916 1917 1918 1919 1920 1921 1922 1923 466 1924 467 1925 1926 1927 1928 1929 1930 1931 1932 1933 1934 1935 1936 466 468 481 1937 1938 1939 1940 1941 1942 489 493 490 492 869 490 1943 1944 1945 1946 1947 1948 1949 1950 1951 1952 1953 1954 1955 1956 1957 1958 1959 1960 1961 1962 1963 1964 1965 1966 1967 1968 1969 1970 1971 1972 1973 1974 1975 1976 1977 1978 1979 1980 1981 1982 1983 1984 1985 1986 1987 1988 1989 1990 1991 1992 1993 1994 1995 1996 1997 1998 1999 2000 2001 2002 2003 2004 2005 2006 2007 2008 2009 2010 2011 2012 2013 2014 2015 2016 2017 2018 2019 2020 2021 2022 2023 2024 2025 2026 2027 2028 2029 2030 2031 2032 2033 2034 2035 2036 2037 2038 2039 2040 2041 2042 2043 2044 2045 2046 2047 2048 2049 2050 2051 2052 2053 2054 2055 2056 2057 2058 2059 2060 2061 2062 2063 2064 2065 2066 2067 2068 2069 2070 2071 2072 2073 2074 2075 2076 2077 2078 2079 2080 2081 2082 2083 2084 2085 2086 2087 2088 2089 2090 2091 2092 2093 2094 2095 2096 2097 2098 2099 2100 2101 2102 2103 2104 2105 2106 2107 2108 2109 2110 2111 2112 2113 2114 2115 2116 2117 2118 2119 2120 2121 2122 2123 2124 2125 2126 2127 2128 2129 2130 2131 2132 2133 2134 2135 2136 2137 2138 2139 2140 2141 2142 2143 2144 2145 2146 2147 2148 2149 2150 2151 2152 2153 2154 2155 2156 2157 2158 2159 2160 2161 2162 2163 2164 2165 2166 2167 2168 2169 2170 2171 2172 2173 2174 2175 2176 2177 2178 2179 2180 2181 2182 2183 841 840 2184 2185 2186 2187 2188 2189 2190 2191 2192 2193 2194 2195 2196 2197 2198 2199 2200 2201 2202 2203 2204 2205 2206 2207 2208 2209 2210 2211 2212 2213 2214 2215 2216 2217 2218 2219 2220 2221 2222 2223 2224 2225 490 466 482 869 1924 466 2226 2227 2228 2229 2230 2231 2232 2233 2234 2235 2236 2237 2238 2239 2240 2241 2242 2243 2244 2245 2246 2247 2248 2249 2250 2251 2252 2253 2254 2255 2256 2257 2258 2259 2260 2261 2262 2263 2264 2265 2266 2267 2268 2269 2270 2271 2272 2273 2274 2275 2276 2277 2278 2279 2280 2281 2282 2283 2284 2285 2286 2287 2288 2289 2290 2291 2292 2293 2294 2295 2296 2297 2298 2299 2300 2301 2302 2303 2304 2305 2306 2307 2308 2309 2310 2311 2312 2313 2314 2315 2316 2317 2318 2319 2320 2321 2322 2323 2324 2325 2326 2327 2328 2329 2330 2331 2332 2333 2334 2335 2336 2337 2338 2339 2340 2341 2342 2343 2344 2345 2346 2347 2348 2349 2350 2351 2352 2353 2354 2355 2356 2357 2358 2359 2360 2361 2362 2363 2364 2365 2366 2367 2368 2369 2370 2371 2372 2373 2374 2375 2376 2377 2378 2379 2380 2381 2382 2383 2384 2385 2386 2387 2388 2389 2390 2391 2392 2393 2394 2395 2396 2397 2398 2399 2400 2401 2402 2403 2404 2405 2406 2407 2408 2409 2410 2411 2412 2413 2414 2415 2416 2417 2418 2419 2420 2421 2422 2423 2424 2425 2426 2427 2428 2429 2430 2431 2432 2433 2434 2435 2436 2437 2438 2439 2440 2441 2442 2443 2444 2445 2446 2447 2448 2449 2450 2451 2452 2453 2454 2455 2456 2457 2458 2459 2460 2461 2462 2463 2464 2465 2466 2467 2468 2469 2470 2471 2472 2473 2474 2475 2476 2477 2478 2479 2480 2481 2482 2483 2484 2485 2486 2487 2488 2489 2490 2491 2492 2493 2494 2495 2496 2497 2498 2499 2500 2501 2502 2503 2504 2505 2506 2507 2508 2509 2510 2511 2512 2513 2514 2515 2516 2517 2518 2519 2520 2521 2522 2523 2524 2525 2526 2527 2528 2529 2530 2531 2532 2533 2534 2535 2536 2537 2538 2539 2540 2541 2542 2543 2544 2545 2546 2547 2548 2549 2550 2551 2552 2553 2554 2555 2556 2557 2558 2559 2560 2561 2562 2563 2564 2565 2566 2567 
